cluster,miRNA,mean_in_cluster,mean_other_clusters,log2fc_vs_rest,p_value,fdr
1,hsa-mir-374a,4.360496122542439,0.7129612966561187,3.64753482588632,5.494126350737218e-6,4.709251157774758e-5
1,hsa-mir-101-1,9.099268467259238,5.626145538425572,3.473122928833666,1.5428521657059363e-10,6.017123446253151e-9
1,hsa-mir-101-2,9.12124127432411,5.649606374340637,3.4716348999834725,1.154945153591128e-10,5.1477555417204554e-9
1,hsa-mir-19b-2,2.8511798645090796,-0.5930372108049569,3.4442170753140364,9.273636939243251e-11,4.383901098551355e-9
1,hsa-mir-20a,7.248622923243146,3.9631943497290907,3.2854285735140554,1.3033690769351288e-11,7.820214461610773e-10
1,hsa-mir-218-2,4.424145126037036,1.3207338510216038,3.103411275015432,8.166315019073188e-15,1.4154946033060195e-12
1,hsa-mir-135b,5.4980034949095495,2.4070895311067093,3.0909139638028402,8.65157457313787e-8,1.2853767937233407e-6
1,hsa-mir-19b-1,3.860767167964795,0.8346525680795364,3.0261145998852585,1.767065973855599e-9,4.922540927169169e-8
1,hsa-mir-21,15.143231618498247,12.187177454618432,2.9560541638798146,2.065805080741819e-12,1.6961346978722303e-10
1,hsa-mir-96,3.900201644867388,1.0631470089609283,2.8370546359064597,2.6661259214107707e-10,9.452628266820005e-9
1,hsa-let-7f-2,12.096156727708301,9.281905063043032,2.814251664665269,3.1813382703117297e-16,1.480636302735915e-13
1,hsa-let-7f-1,12.068843703431815,9.26271828680368,2.8061254166281344,3.7965033403485e-16,1.480636302735915e-13
1,hsa-mir-19a,1.5771667879906826,-1.221166246522709,2.7983330345133917,4.57863788187173e-9,1.0988730916492152e-7
1,hsa-mir-582,5.0401923721565405,2.3063209116004586,2.733871460556082,5.877997718557085e-7,7.161339262654519e-6
1,hsa-mir-542,4.7078275108349255,2.003424428087957,2.7044030827469685,8.33568485832415e-8,1.2503527287486225e-6
1,hsa-mir-15a,6.156039613192588,3.4546970150612513,2.701342598131337,1.8459925186864194e-15,4.113926184501163e-13
1,hsa-mir-338,6.59858006704176,3.930170302257517,2.6684097647842426,5.046781661696321e-9,1.1750715510815315e-7
1,hsa-mir-142,4.507159710462768,1.8925275023155355,2.614632208147233,3.855463490446816e-4,0.00209565262895367
1,hsa-mir-301a,2.043981641827131,-0.556402682166637,2.600384323993768,1.5440044969673756e-7,2.0944756654513963e-6
1,hsa-mir-9-3,6.64271540941461,4.056116742592096,2.586598666822514,6.776959035149998e-8,1.0467382272112868e-6
1,hsa-mir-374b,5.0640819525215415,2.4796823637586596,2.584399588762882,2.989383724434065e-14,4.663438610117141e-12
1,hsa-mir-9-2,6.634070147984817,4.05979295482895,2.574277193155867,1.0251192042411505e-7,1.4811079894791652e-6
1,hsa-mir-9-1,6.6188837773121545,4.069175679244405,2.5497080980677493,5.417210236473143e-8,8.895629440945372e-7
1,hsa-mir-660,4.6848528519452906,2.1822319355202953,2.5026209164249953,4.4570753769951103e-11,2.242915351003991e-9
1,hsa-mir-429,5.920779516819365,3.44986126072012,2.4709182560992446,1.1696265713323468e-7,1.6587431375258736e-6
1,hsa-mir-144,2.1022141267306895,-0.36817331926432983,2.4703874459950192,6.752406356842265e-7,7.980116603540859e-6
1,hsa-mir-218-1,4.546934557736125,2.0796769596218194,2.4672575981143057,1.2099252637152608e-11,7.76210381310585e-10
1,hsa-mir-203b,5.058661330060609,2.6052693402365006,2.4533919898241083,2.2263832658099786e-8,4.170407816772424e-7
1,hsa-mir-651,0.9516586386373674,-1.4642340651954222,2.4158927038327898,2.6782890903520804e-17,4.1781309809492455e-14
1,hsa-mir-708,6.407919933577458,4.01272916994218,2.395190763635278,3.7904272680801873e-6,3.583676689821268e-5
1,hsa-mir-4677,1.9376630000389452,-0.45106381612555224,2.3887268161644974,4.762656402885645e-12,3.3771563584098206e-10
1,hsa-mir-194-1,6.674358712451701,4.315245731974059,2.359112980477642,5.1352509643685114e-12,3.483039784528208e-10
1,hsa-mir-590,1.1339808637995874,-1.2102696245352091,2.3442504883347963,2.639858204867362e-5,1.9425371696193795e-4
1,hsa-mir-29b-1,5.686730000527524,3.3512876801157203,2.3354423204118033,7.382536740583435e-7,8.594595011425492e-6
1,hsa-mir-141,9.100199881846473,6.816398319069845,2.2838015627766284,5.387144263441853e-6,4.668858361649606e-5
1,hsa-mir-152,6.507886447960304,4.232003994132398,2.275882453827905,1.7523768478996782e-13,2.2780899022695816e-11
1,hsa-mir-182,14.037015624822816,11.76527956504284,2.2717360597799754,1.767717751473457e-8,3.490683154808345e-7
1,hsa-mir-454,1.8809284844005414,-0.38797351642557965,2.268902000826121,4.5299327086036264e-10,1.4133390050843315e-8
1,hsa-mir-10a,15.22095606998502,12.979375213164289,2.2415808568207307,1.9710960476638492e-7,2.628128063551799e-6
1,hsa-mir-192,8.089909940129731,5.865724405282912,2.2241855348468187,3.401155887571477e-11,1.7686010615371682e-9
1,hsa-mir-98,5.211044840292736,2.987157454643358,2.223887385649378,7.864806495846965e-13,9.437767795016359e-11
1,hsa-mir-29c,8.085956312617226,5.884817973725786,2.2011383388914396,4.7418326870909413e-7,5.8708404697316416e-6
1,hsa-mir-4662a,2.642078981720462,0.44267075207938167,2.1994082296410804,1.975365361733061e-9,5.40626309526943e-8
1,hsa-mir-335,7.23222654333571,5.037894406587046,2.1943321367486632,2.539137591145029e-8,4.660064284924994e-7
1,hsa-mir-577,0.9901441238086462,-1.1246946333177148,2.114838757126361,4.460046436665263e-7,5.566137952958249e-6
1,hsa-mir-126,8.606773448943628,6.536761848166457,2.0700116007771703,6.166892613205294e-10,1.8863436228627958e-8
1,hsa-mir-135a-2,3.582254514040324,1.5172624533983374,2.0649920606419867,2.000400677062995e-5,1.500300507797246e-4
1,hsa-mir-3913-2,1.1780056653705684,-0.8749655883020621,2.0529712536726303,3.829060556834334e-9,9.48148328358978e-8
1,hsa-mir-181d,6.837694526934794,4.798433238032187,2.0392612889026074,3.252322827912859e-10,1.1029616546834914e-8
1,hsa-mir-135a-1,3.6559683356649773,1.6246145628590583,2.031353772805919,3.062642858729819e-5,2.20887854138183e-4
1,hsa-mir-3065,5.479083747447312,3.456406233924865,2.022677513522447,2.3409386779018168e-7,3.065080773511108e-6
1,hsa-mir-628,1.6098475065040068,-0.4078506899500942,2.017698196454101,1.073529583000734e-10,4.925606322003368e-9
1,hsa-mir-17,10.063315223291758,8.080931359505419,1.982383863786339,1.6107548907396798e-11,9.306583813162594e-10
1,hsa-mir-16-1,7.121130017874248,5.169125244445478,1.9520047734287695,1.083755234982041e-12,1.0669458624371575e-10
1,hsa-mir-340,3.563539133424262,1.6129961028923232,1.9505430305319387,1.2439268931259374e-11,7.76210381310585e-10
1,hsa-mir-16-2,7.188624491083663,5.257953722073918,1.9306707690097458,1.5049691291942398e-12,1.3810304950253023e-10
1,hsa-mir-653,0.7047876544549954,-1.2219012321767087,1.926688886631704,3.457905219244307e-10,1.1477302429832167e-8
1,hsa-mir-3913-1,1.178118100440471,-0.7395447619856663,1.9176628624261374,1.8475185110583845e-8,3.60266109656385e-7
1,hsa-let-7g,9.551971934750723,7.658955067003615,1.8930168677471082,7.86822739317051e-15,1.4154946033060195e-12
1,hsa-mir-148a,13.031613870502634,11.174928453179445,1.8566854173231881,5.25207971996497e-6,4.602946271429973e-5
1,hsa-mir-194-2,6.989322634195139,5.134603531875695,1.8547191023194438,1.317736701357321e-10,5.555862848966002e-9
1,hsa-mir-106a,3.3763990971255047,1.5231541726745081,1.8532449244509965,8.254758348625342e-9,1.7885309755354908e-7
1,hsa-mir-450b,0.47157029474882883,-1.377704844671088,1.849275139419917,4.4184254753778124e-7,5.558664307733376e-6
1,hsa-mir-421,2.6810843702895646,0.8318770592652196,1.849207311024345,3.3050122119532687e-12,2.5779095253235496e-10
1,hsa-mir-30b,7.685555383795556,5.839153617204272,1.846401766591284,5.782706805811623e-9,1.3266209730979606e-7
1,hsa-mir-452,4.786978257221154,2.972152669123681,1.8148255880974733,3.287595932301279e-6,3.146410830914108e-5
1,hsa-mir-26a-1,10.027702281924006,8.276377478534872,1.7513248033891333,1.0943034486534948e-12,1.0669458624371575e-10
1,hsa-mir-451a,5.932012043554559,4.1842262371868495,1.7477858063677099,4.59453473152065e-6,4.2161612830424785e-5
1,hsa-mir-143,13.526926888493017,11.792029519596614,1.7348973688964033,2.796923037715582e-9,7.522758515235015e-8
1,hsa-mir-107,7.451054484383213,5.7183124410504265,1.7327420433327863,2.694366990209493e-16,1.480636302735915e-13
1,hsa-mir-26a-2,10.037191227374699,8.312821437139462,1.7243697902352366,1.0629572721614506e-12,1.0669458624371575e-10
1,hsa-mir-1304,2.35219710746237,0.6404820792473116,1.7117150282150584,4.0486358530695626e-8,6.940518605262108e-7
1,hsa-mir-598,4.760227757709419,3.0501120843086027,1.7101156734008165,1.5333812557479465e-6,1.63840736915534e-5
1,hsa-mir-206,2.0154825519687134,0.31701950714551724,1.698463044823196,8.346850681637465e-4,0.00404381585818461
1,hsa-mir-103a-1,14.487239000638887,12.79181957962814,1.6954194210107474,9.957420009864324e-16,2.5889292025647244e-13
1,hsa-mir-103a-2,14.489479843721465,12.794836044915103,1.6946437988063625,9.849662762071075e-16,2.5889292025647244e-13
1,hsa-mir-5000,0.5416327980361184,-1.1420704098989398,1.6837032079350582,1.7856835292690955e-10,6.794308062584851e-9
1,hsa-mir-128-2,7.854874903360367,6.1727935480359335,1.6820813553244331,3.8273806140503675e-14,5.4279215981077935e-12
1,hsa-mir-22,14.323697011365358,12.646960154033012,1.6767368573323456,7.763238606427559e-9,1.7057256656376045e-7
1,hsa-mir-2355,2.8548966963902287,1.1908503572477742,1.6640463391424545,7.67679446146736e-7,8.805734823447854e-6
1,hsa-mir-203a,11.295666137804465,9.658425847989147,1.6372402898153187,3.2496714868962144e-5,2.2938857554561512e-4
1,hsa-mir-450a-2,0.44134701718143077,-1.1840480993790419,1.6253951165604725,9.402785548877864e-9,1.9942425507209386e-7
1,hsa-mir-20b,3.2544052989631544,1.630151345215747,1.6242539537474074,2.7916222719906697e-4,0.0015609070768119874
1,hsa-mir-450a-1,0.31561492518846707,-1.3034717994392313,1.6190867246276983,7.175368468179865e-9,1.5990821157657986e-7
1,hsa-mir-153-2,0.06701951674380037,-1.5205816073125513,1.5876011240563517,7.159007397787662e-5,4.6340462823853747e-4
1,hsa-mir-3613,2.221020219673786,0.6390224608168341,1.5819977588569518,4.464893813440384e-9,1.0883178670260935e-7
1,hsa-mir-199b,9.077531594311584,7.5012581319760425,1.576273462335541,1.5750116996502163e-6,1.6714409873839028e-5
1,hsa-mir-184,4.001351210067245,2.4390968262044876,1.5622543838627574,4.8568032630367803e-4,0.002568343420453348
1,hsa-mir-26b,8.581004256185535,7.023130530670248,1.5578737255152868,8.523589212448009e-7,9.63536171841949e-6
1,hsa-mir-181c,8.410904162925537,6.857837958144548,1.553066204780989,1.071257119322273e-7,1.533175326736464e-6
1,hsa-mir-5683,0.02693177253777709,-1.5194805519092656,1.5464123244470427,1.3861448351931442e-7,1.8968297744748289e-6
1,hsa-mir-576,3.6545384515556347,2.1480638152137956,1.506474636341839,3.510682896147718e-9,8.833331158049097e-8
1,hsa-mir-186,8.405020463073305,6.91911664905251,1.4859038140207943,3.078784986305874e-11,1.6561739926335047e-9
1,hsa-mir-93,13.83915066193393,12.359787232178109,1.4793634297558214,4.718284565504372e-12,3.3771563584098206e-10
1,hsa-mir-200b,11.132427027190337,9.65421050661549,1.478216520574847,1.3903904984432183e-9,3.9436530501298556e-8
1,hsa-mir-889,1.1302278961670824,-0.3346022769635398,1.4648301731306221,5.371725692212106e-4,0.0027840173022760416
1,hsa-mir-34a,6.39398092406742,4.934775479622806,1.4592054444446143,5.581908786521207e-8,9.070601778096962e-7
1,hsa-mir-196a-2,1.7296402580534147,0.27098934331433483,1.4586509147390798,0.0012183913807997865,0.005656817125141866
1,hsa-mir-196a-1,1.6933921762340056,0.26438732438523505,1.4290048518487706,7.458064637156476e-4,0.0036702147741211675
1,hsa-mir-223,6.306975993409301,4.879007070509913,1.427968922899388,2.8136425654009708e-6,2.778026836725009e-5
1,hsa-mir-29b-2,6.769077837219862,5.357360429674185,1.4117174075456767,7.698210779785531e-5,4.921806891994028e-4
1,hsa-mir-10b,15.703185863279145,14.294595007353328,1.4085908559258176,1.0611663531822245e-4,6.54316012238842e-4
1,hsa-mir-301b,0.8961953595926606,-0.5085788505723654,1.404774210165026,4.4437306549261095e-5,3.0009609617682813e-4
1,hsa-mir-7-1,4.662753415475717,3.266001544282351,1.3967518711933664,6.480907534334176e-8,1.0212339145011429e-6
1,hsa-mir-7156,1.43268738337106,0.036554197952987866,1.3961331854180723,3.7008912631764427e-5,2.5321887590154605e-4
1,hsa-mir-376c,0.19998565195663698,-1.1922515205113011,1.392237172467938,6.161145939563728e-5,4.038398178873704e-4
1,hsa-mir-3662,0.3627971350118494,-1.0109868223593619,1.3737839573712112,1.444418033844243e-10,5.7776721353769715e-9
1,hsa-mir-100,12.392276651896008,11.053707903906881,1.338568747989127,5.631546860939763e-6,4.80066289785029e-5
1,hsa-mir-130a,7.6739378337438175,6.337726802570339,1.3362110311734785,4.870425003680121e-5,3.2608854101892653e-4
1,hsa-mir-215,-0.15660177213716373,-1.4822681933830477,1.325666421245884,7.93737399359034e-11,3.869469821875291e-9
1,hsa-mir-6507,0.06530497436515176,-1.221351165822357,1.2866561401875087,0.013732401510491913,0.048687605355380414
1,hsa-mir-151a,12.22792770409866,10.95061312934507,1.2773145747535892,2.621942079420696e-10,9.452628266820005e-9
1,hsa-mir-30a,14.207126353388862,12.934277814978438,1.2728485384104236,8.181308907603091e-7,9.315942989679431e-6
1,hsa-mir-24-2,10.442073374048034,9.17712210879695,1.2649512652510833,1.3062193953499116e-10,5.555862848966002e-9
1,hsa-mir-30e,13.354084499428442,12.094809954223845,1.2592745452045975,6.105646523970125e-8,9.719192425911628e-7
1,hsa-mir-128-1,8.413532948726692,7.154895638685425,1.2586373100412667,1.7721322894229212e-12,1.535847984166532e-10
1,hsa-mir-514a-1,1.8094534301040395,0.5528375349557559,1.2566158951482835,0.008289486197571796,0.031311376436348674
1,hsa-mir-379,7.442783357577173,6.206398279489746,1.2363850780874266,1.5265953442357343e-4,9.194937208524115e-4
1,hsa-mir-7705,-0.11726236361852266,-1.3460761282292142,1.2288137646106916,2.3542880108533573e-10,8.744498326026757e-9
1,hsa-mir-200a,10.576727086890001,9.349705577802485,1.2270215090875158,4.959938837651572e-6,4.4453386762349296e-5
1,hsa-mir-146a,5.850885543822693,4.627524621621937,1.2233609222007562,5.458952890745985e-5,3.5932348141619146e-4
1,hsa-mir-942,3.6103362109088115,2.389399773124596,1.2209364377842156,6.577916335034738e-8,1.0261549482654191e-6
1,hsa-mir-411,1.3757966564207533,0.16821067397620562,1.2075859824445476,2.4305978975052589e-4,0.001378811898221165
1,hsa-mir-514a-3,1.7555445763245996,0.5487188043112358,1.2068257720133637,0.008958623224982745,0.03335430126723886
1,hsa-mir-185,5.972717998996556,4.767711804167828,1.2050061948287283,7.42622728985094e-10,2.227868186955282e-8
1,hsa-mir-33a,2.908689810134866,1.7041756942925301,1.204514115842336,2.2015236321395237e-4,0.0012626385537270798
1,hsa-mir-95,2.17823990870738,0.9831646984926178,1.1950752102147622,5.2958653215973964e-5,3.530576881064931e-4
1,hsa-mir-199a-2,9.049390767894886,7.861447457868586,1.1879433100263004,1.6515401803366207e-5,1.2629424908456512e-4
1,hsa-mir-24-1,10.473595730756442,9.28679354659225,1.1868021841641916,2.9585636053122704e-10,1.0256353831749203e-8
1,hsa-mir-190a,0.5605245976458011,-0.6192314661732335,1.1797560638190348,5.425135839442695e-4,0.0027931392440695064
1,hsa-mir-32,3.297181518216178,2.1244376274598245,1.1727438907563537,0.025581700430984615,0.08045857393616128
1,hsa-mir-514a-2,1.7435081478530214,0.5742719532773586,1.1692361945756629,0.006762266654653352,0.02630014868819013
1,hsa-mir-99a,10.12298604820341,8.987800666823102,1.1351853813803086,2.672164198126448e-4,0.001504901136850996
1,hsa-mir-495,1.3775497579066742,0.2523366577197099,1.1252131001869643,5.35133816453948e-5,3.546992246281778e-4
1,hsa-mir-1-1,-0.4502140792382574,-1.570318323150584,1.1201042439123265,4.864953652733993e-8,8.073752870494711e-7
1,hsa-mir-643,-0.330333330463,-1.447353529837348,1.117020199374348,4.883424614946427e-9,1.1542639998964282e-7
1,hsa-mir-1-2,-0.4611105454318695,-1.5759795644766792,1.1148690190448096,4.45483045312107e-8,7.55384294224877e-7
1,hsa-mir-488,-0.06625409410911365,-1.178522375137232,1.1122682810281184,9.892341104669722e-4,0.004676379431298414
1,hsa-mir-5579,-0.054720142812041926,-1.1566178967374063,1.1018977539253645,3.157475210942884e-6,3.040531684611666e-5
1,hsa-mir-4668,-0.5589235168027343,-1.6606742624433757,1.1017507456406412,7.971900621261828e-8,1.2073946572008206e-6
1,hsa-mir-424,4.992842043804001,3.895394857878552,1.0974471859254487,3.104180324853709e-4,0.001729471895275638
1,hsa-mir-7974,0.7358056112754132,-0.36071318323465906,1.0965187945100723,1.0660067576307808e-5,8.616427678259161e-5
1,hsa-mir-624,0.6000629535415594,-0.48379531540552495,1.0838582689470844,1.7523324539001623e-6,1.8467498861800083e-5
1,hsa-mir-556,-0.5688170669860685,-1.6478022557391676,1.0789851887530992,3.026479997118763e-6,2.9693766009467105e-5
1,hsa-mir-23a,12.195442365801036,11.117335553338455,1.0781068124625808,1.0562112813147778e-8,2.1680126300671756e-7
1,hsa-mir-449a,1.6593616650837884,0.5895546221696856,1.069807042914103,0.05685154741529978,0.15532121535528487
1,hsa-mir-676,1.6583443498704709,0.5891612986343203,1.0691830512361506,9.542998254702295e-5,5.90757034814904e-4
1,hsa-mir-7-2,-0.34987710698206503,-1.4183463630326358,1.0684692560505709,1.423556830521269e-10,5.7776721353769715e-9
1,hsa-mir-27b,10.764057576188584,9.696403856176078,1.0676537200125065,2.194360889081645e-8,4.170407816772424e-7
1,hsa-mir-934,1.2660331398134277,0.20271184985258806,1.0633212899608395,0.002335761767010966,0.010293187447844935
1,hsa-mir-592,-0.39445142573096525,-1.4577695254474539,1.0633180997164886,4.6744736522443915e-6,4.239638893896076e-5
1,hsa-mir-199a-1,8.475689301661744,7.414751033236332,1.0609382684254118,6.691776002283931e-5,4.3678537922857457e-4
1,hsa-mir-219a-2,-0.13894743040697927,-1.179330499227098,1.0403830688201188,4.273818018660042e-6,3.992309047371057e-5
1,hsa-mir-655,-0.3052400545509244,-1.342011908265967,1.0367718537150425,1.1048301139312063e-5,8.83864091144965e-5
1,hsa-mir-217,1.1101179669681394,0.07817602915750364,1.0319419378106358,9.178378045873904e-4,0.004365326143769296
1,hsa-mir-570,-0.6236900645035223,-1.6461269476429718,1.0224368831394495,4.777523166306717e-6,4.3080555719297566e-5
1,hsa-mir-378c,4.932499169562379,3.924263426298137,1.0082357432642421,1.2500035271703101e-4,7.647080401512485e-4
1,hsa-mir-7-3,-0.39015452538195616,-1.393413295783904,1.0032587704019478,1.4491668067367419e-8,2.93597430975236e-7
1,hsa-mir-1277,-0.6827023882947553,-1.6692329564783936,0.9865305681836384,9.352532899909084e-6,7.639013057189424e-5
1,hsa-mir-378d-2,0.24697675001065814,-0.7370681044963245,0.9840448545069826,2.469434156797235e-5,1.8257427889116997e-4
1,hsa-mir-219b,-0.47621543198442773,-1.4571625683707317,0.9809471363863039,1.0179085802327349e-9,2.996108273892578e-8
1,hsa-mir-4444-2,-0.1433548147633873,-1.1223936788025441,0.9790388640391569,3.5768473597588278e-6,3.402367000746202e-5
1,hsa-mir-549a,-0.35769858094796975,-1.3134672337843363,0.9557686528363665,2.746152726502328e-8,4.981393317841433e-7
1,hsa-mir-516a-2,0.2325134402561402,-0.7071119758167815,0.9396254160729217,0.0011467033507520682,0.0053719436251448245
1,hsa-mir-376b,-0.7061045481049415,-1.6391063665574859,0.9330018184525444,5.015253891136844e-6,4.4453386762349296e-5
1,hsa-mir-23b,11.255479746320898,10.32262925963207,0.9328504866888281,4.6535983801329175e-6,4.239638893896076e-5
1,hsa-mir-629,6.632213902072702,5.700152670286541,0.932061231786161,4.1232144643722393e-7,5.229442735301377e-6
1,hsa-mir-3912,-0.6431605836734716,-1.566901910166056,0.9237413264925843,3.665293941463357e-4,0.0020062661574325744
1,hsa-mir-5586,-0.5667079352313236,-1.4885722859060666,0.921864350674743,2.7012768442000873e-4,0.001515824416169833
1,hsa-mir-552,-0.5775608199309658,-1.4954605741217422,0.9178997541907764,1.8824637970006003e-11,1.048801258328906e-9
1,hsa-mir-30c-1,9.596115455692681,8.680499464466616,0.9156159912260655,2.3577544411623907e-7,3.065080773511108e-6
1,hsa-mir-155,8.57424808776851,7.659084631660286,0.9151634561082238,5.304027654032946e-4,0.002758094380097132
1,hsa-mir-944,-0.673076301904555,-1.5873205980833087,0.9142442961787537,1.6249738122827916e-8,3.249947624565583e-7
1,hsa-mir-1262,1.4519194794697634,0.5527927777352426,0.8991267017345208,0.0014759941055786298,0.006772208249125477
1,hsa-mir-5696,-0.5049297507180616,-1.4021217386372393,0.8971919879191778,3.1831723790448e-7,4.070285992876958e-6
1,hsa-mir-4797,-2.16072486776711e-4,-0.8958255115493446,0.895609439062568,3.0070465010166947e-5,2.1920525895261888e-4
1,hsa-mir-151b,1.677158878151043,0.7879161507298857,0.8892427274211572,4.3090863840387493e-4,0.002302114643527551
1,hsa-mir-25,14.766540508619554,13.883442762283856,0.8830977463356984,6.172629172471799e-7,7.407155006966159e-6
1,hsa-mir-5699,-0.10958881756662446,-0.9905269269874745,0.88093810942085,2.2423234885630635e-5,1.673696001032717e-4
1,hsa-mir-381,4.164314104127794,3.284290575490488,0.8800235286373055,0.005217383887557892,0.020958342807166328
1,hsa-let-7e,12.67831844285447,11.798658437295124,0.8796600055593462,2.0568482373624835e-4,0.001192819052150734
1,hsa-mir-3934,2.2663525882506015,1.3937687848362432,0.8725838034143583,1.6525715753024653e-4,9.877439300658413e-4
1,hsa-mir-627,-0.6368649184445532,-1.5057832262736142,0.868918307829061,1.0253824542548067e-7,1.4811079894791652e-6
1,hsa-mir-212,2.7875766378475393,1.9241456596704836,0.8634309781770557,4.786577598576885e-5,3.218560799043078e-4
1,hsa-mir-30c-2,9.896684045704395,9.037392814750143,0.859291230954252,5.921876697964314e-7,7.161339262654519e-6
1,hsa-mir-378d-1,-0.0515800397284584,-0.9038620101585133,0.8522819704300549,3.109423798507034e-6,3.01285784203166e-5
1,hsa-mir-183,14.175010409987278,13.32604669895645,0.8489637110308283,0.03136701677556978,0.09572398782971053
1,hsa-mir-548j,-0.6262822133240004,-1.4745399432302235,0.8482577299062232,1.327482732650358e-7,1.841300480175333e-6
1,hsa-mir-892a,-0.6467299094566364,-1.4927485496369024,0.846018640180266,3.693680860975244e-5,2.5321887590154605e-4
1,hsa-mir-195,4.30738889514165,3.46745066020925,0.8399382349324003,0.0011327957226098247,0.005338855973629385
1,hsa-mir-516a-1,0.7923203441860368,-0.03355045577782005,0.8258707999638568,0.006087596622064217,0.024042153747899187
1,hsa-mir-497,3.7974679608150748,2.9758476948414994,0.8216202659735754,0.0018472681133500357,0.008280857059844987
1,hsa-mir-6854,-0.12676208820176915,-0.9480236869857093,0.8212615987839401,1.2334169741293027e-5,9.81699224306996e-5
1,hsa-mir-548o-2,-0.4557320522819662,-1.2752802020291736,0.8195481497472074,2.0649685403053233e-7,2.729958409217207e-6
1,hsa-mir-153-1,-0.8744742066553334,-1.6684841887914816,0.7940099821361483,7.467599065769177e-7,8.629225587111049e-6
1,hsa-mir-4999,-0.3962179219844103,-1.1870134145941984,0.7907954926097881,1.2477754020527263e-5,9.880861051788086e-5
1,hsa-mir-4724,1.3631843709210336,0.5745965399941158,0.7885878309269179,0.06190497518838949,0.16484922713694727
1,hsa-mir-136,1.6499076191704616,0.8630819069692536,0.786825712201208,0.3562635650923952,0.4849437999893731
1,hsa-mir-3942,-0.897827036072069,-1.683380817540696,0.7855537814686269,5.557278241193093e-4,0.00282389382940105
1,hsa-mir-6755,0.8826181419136522,0.10618825089294164,0.7764298910207106,5.080572871769464e-4,0.0026685837306263853
1,hsa-mir-4772,1.3710824404360609,0.5962521190219285,0.7748303214141323,0.008428645548741058,0.03168358326755675
1,hsa-mir-181b-1,8.492794920342698,7.721427726486932,0.7713671938557658,1.2432290388615218e-4,7.635579923716433e-4
1,hsa-mir-380,-0.6631821870470713,-1.432921144253049,0.7697389572059776,5.811061309337843e-4,0.0029432648190152707
1,hsa-mir-425,9.09793824454073,8.331042058017468,0.7668961865232617,1.7860619204280876e-5,1.3591495589599105e-4
1,hsa-mir-5680,-0.4997962092127651,-1.2639047779869879,0.7641085687742228,1.98460123589614e-5,1.4956415111101347e-4
1,hsa-mir-522,1.6878313532807623,0.9265947187959269,0.7612366344848354,0.03731572677053937,0.11046021586725126
1,hsa-mir-181b-2,8.49657351374572,7.737146903742176,0.7594266100035432,1.7543865801146564e-4,0.0010366829791586605
1,hsa-mir-188,1.263871021445271,0.5065128144013522,0.7573582070439189,0.08198901440277298,0.20016097412883546
1,hsa-mir-1255a,-0.7977721323864637,-1.5388825534690116,0.7411104210825479,3.639957327906984e-10,1.1829861315697699e-8
1,hsa-mir-221,9.075335587005426,8.335063871295223,0.7402717157102039,0.002662277564177412,0.011504578947691862
1,hsa-mir-499a,-0.9150580258576283,-1.6427911180551384,0.7277330921975101,7.127080761954344e-5,4.6326024952703234e-4
1,hsa-mir-1245a,-0.30632547749214323,-1.0235226807904214,0.7171972032982782,7.776645005682369e-4,0.003791114440270155
1,hsa-mir-2115,-0.7789067233643165,-1.492181882969062,0.7132751596047455,3.86415335340093e-6,3.631373030906898e-5
1,hsa-mir-138-2,-0.6311006830740147,-1.3353672853362242,0.7042666022622095,2.0846204283147154e-6,2.1254953386738273e-5
1,hsa-mir-190b,-0.4459500678276137,-1.1437481861865455,0.6977981183589318,3.751622581428385e-4,0.002046339589870028
1,hsa-mir-146b,11.177146442322755,10.482025121030606,0.6951213212921488,8.936063766423757e-4,0.004276153213380694
1,hsa-mir-6868,-0.8130325532876024,-1.5035056260132347,0.6904730727256323,0.001138716855074513,0.005350597270832049
1,hsa-mir-873,-0.0805667798792886,-0.7672059315929444,0.6866391517136557,0.059470390863422554,0.16020750083186278
1,hsa-mir-196b,4.2293898463696555,3.5435174354118693,0.6858724109577863,0.25639677778132497,0.3921362483714382
1,hsa-mir-1298,-0.598182564942797,-1.2818255558745888,0.6836429909317918,0.22942633727571762,0.3626191349038698
1,hsa-mir-361,10.401374259787055,9.724640284658111,0.6767339751289434,9.900512907843324e-7,1.0876619814250411e-5
1,hsa-mir-3691,0.8472516714370271,0.17360690863502168,0.6736447628020054,0.016747848496537383,0.05716989858774249
1,hsa-mir-140,10.380103122154289,9.708378073009586,0.6717250491447029,4.729557942952624e-4,0.00251812641331266
1,hsa-mir-1251,2.1909552540347823,1.5279726966800722,0.6629825573547101,0.2128322686679142,0.34337769370841403
1,hsa-mir-548az,-0.8060799104666382,-1.4645394557101343,0.6584595452434961,8.014081797426382e-4,0.0038946939576277742
1,hsa-mir-5684,-0.8896631189665776,-1.5451821155255532,0.6555189965589756,9.990512325212466e-6,8.117291264235129e-5
1,hsa-mir-27a,9.844062052922576,9.195214636730888,0.6488474161916873,0.019527159197724662,0.06467594129182691
1,hsa-mir-548e,-1.0379459198881946,-1.6756242250905455,0.6376783052023509,7.334456589971713e-7,8.594595011425492e-6
1,hsa-mir-204,4.115619420241317,3.4916645375031914,0.6239548827381256,0.030741742073126316,0.09515301117872432
1,hsa-mir-33b,0.4474833325059817,-0.16518392926415595,0.6126672617701376,0.01744503922410557,0.05916143736870585
1,hsa-mir-641,-0.6664906199252387,-1.2762458081994748,0.609755188274236,1.3159939170947983e-4,8.007574562582718e-4
1,hsa-mir-5581,0.3088775430994194,-0.3004146400560572,0.6092921831554766,0.008881787277045392,0.03314734007701151
1,hsa-mir-548b,-0.7415292257112158,-1.3476313396417348,0.6061021139305189,0.00394766432992159,0.016335162744503133
1,hsa-mir-545,-0.3564642815072225,-0.958223448966382,0.6017591674591596,5.416980733425661e-4,0.0027931392440695064
1,hsa-mir-4781,0.7847965971362332,0.18623700811053473,0.5985595890256985,0.034298623833332355,0.1030941294412302
1,hsa-mir-147b,-1.000747679565554,-1.5982745394551034,0.5975268598895493,0.062247881724305336,0.1651474413093815
1,hsa-mir-3677,1.4158897111523623,0.8194005044818596,0.5964892066705026,0.07938151861732719,0.19656376038576256
1,hsa-mir-659,1.6062881932224315,1.0198499338371836,0.586438259385248,0.002917012537147556,0.012433168191120732
1,hsa-let-7a-1,14.967094974533605,14.38618126887025,0.580913705663356,0.021795130489116805,0.07039421027540832
1,hsa-let-7a-3,14.973869397767416,14.394501990940752,0.5793674068266643,0.02156605520139005,0.07001349566536519
1,hsa-mir-3941,-0.7890129552262752,-1.3664257174754044,0.5774127622491292,8.876609563334739e-6,7.326725353863594e-5
1,hsa-let-7a-2,14.964213241090153,14.387021668819179,0.5771915722709746,0.022026320380021717,0.07099392519180553
1,hsa-mir-548aw,-0.993262798513251,-1.5703763636745585,0.5771135651613074,1.3191965785793323e-4,8.007574562582718e-4
1,hsa-mir-4791,-1.023625236110174,-1.6003659188370432,0.5767406827268691,6.942523064438766e-4,0.0034382018985791986
1,hsa-mir-2114,-0.5229114268196754,-1.0937982074186627,0.5708867805989873,0.0028738507452512143,0.012282759349566835
1,hsa-mir-3616,-0.3875464021832401,-0.9583017612549808,0.5707553590717407,0.007536348364359239,0.029028897403457807
1,hsa-mir-548s,-0.7876526959721549,-1.3580871378286166,0.5704344418564616,8.648938012199289e-4,0.004164303487355213
1,hsa-mir-551b,-0.3848411524892112,-0.9500751657395414,0.5652340132503302,0.06497428103569107,0.1703527368330724
1,hsa-mir-132,7.946286119459615,7.38269957321047,0.5635865462491454,0.02297254265004394,0.07343681666817325
1,hsa-mir-6733,-0.8598089560619845,-1.420540692341878,0.5607317362798935,1.94413192504547e-5,1.472255244209191e-4
1,hsa-mir-369,1.5200774890677562,0.9600958107606824,0.5599816783070738,0.06685946626874613,0.173360872088487
1,hsa-mir-3682,0.8109049350276736,0.2529654953700109,0.5579394396576627,0.031834901475380754,0.09661954533384041
1,hsa-mir-4636,-0.8118938913616474,-1.3682400308007419,0.5563461394390945,5.125091707603627e-4,0.0026829339140475366
1,hsa-mir-3144,-0.7045052332981967,-1.2605104945991166,0.5560052613009199,0.002356780160453302,0.01035655507128775
1,hsa-mir-519a-2,1.3775508238854273,0.8290921703339383,0.5484586535514889,0.1411661816497766,0.24637337170594856
1,hsa-mir-585,0.01961026768409793,-0.5184339786621792,0.5380442463462771,0.03177831435912762,0.09661954533384041
1,hsa-mir-548v,-0.9989895875166159,-1.5334747119160774,0.5344851243994615,1.4641051371315586e-6,1.575175182017401e-5
1,hsa-mir-29a,13.226011192684213,12.691704234839175,0.5343069578450379,0.007881582201541101,0.030135461358833625
1,hsa-mir-4421,-0.6863359919917388,-1.2197610553227325,0.5334250633309937,0.004968600896795613,0.020147873125595735
1,hsa-mir-3684,-1.1085017376114146,-1.6376221404432434,0.5291204028318288,7.275478803000453e-5,4.689978071355664e-4
1,hsa-mir-148b,8.271159023288023,7.745568675383697,0.525590347904326,2.458618188805809e-4,0.00138965375889024
1,hsa-mir-1287,5.986458929001666,5.477591056382401,0.5088678726192644,0.009928124934117178,0.036528006833072633
1,hsa-mir-372,-0.511976412543605,-1.0206522782819092,0.5086758657383041,0.02830017729905745,0.08812031254796332
1,hsa-mir-5002,-0.18130102467823792,-0.6894213266501777,0.5081203019719398,0.007801867333937272,0.029903963245558093
1,hsa-mir-548y,-1.1993097599577356,-1.696092812783137,0.49678305282540136,0.11651655085392547,0.22009160658526924
1,hsa-mir-18a,3.9674770906751835,3.48431074929374,0.4831663413814433,0.09564116554330336,0.21941208565816653
1,hsa-mir-580,-1.2088101388064703,-1.6905742124486254,0.4817640736421551,1.941198603103077e-4,0.0011299514256868657
1,hsa-mir-1912,-1.090112458606972,-1.569792686704416,0.47968022809744415,0.12922866762566146,0.22908718351821802
1,hsa-mir-4714,-0.567038050346829,-1.0399172492519568,0.47287919890512786,0.01245749825921039,0.045089784882524846
1,hsa-mir-30d,14.121366795972806,13.655370591203072,0.46599620476973413,0.01531802123251908,0.053339538220378936
1,hsa-mir-138-1,-0.9607178261664405,-1.4263506456644794,0.4656328194980389,5.526607256473516e-4,0.0028174860523198317
1,hsa-mir-1284,-0.4758749012940932,-0.9406185363643016,0.4647436350702084,0.014135042774565813,0.049888386263173455
1,hsa-mir-1288,0.2289936253089246,-0.23562560021595902,0.4646192255248836,0.04301284813102131,0.1247212696735934
1,hsa-mir-4482,-1.153753869760799,-1.6156320764014998,0.4618782066407008,1.8366235882817387e-4,0.0010730834448387688
1,hsa-mir-6505,-1.0181158304645015,-1.4640452341114638,0.4459294036469623,5.509540395478063e-4,0.0028174860523198317
1,hsa-mir-4491,-1.0253358350192516,-1.4706686023128237,0.4453327672935721,0.005121722216032585,0.02064570195610034
1,hsa-mir-3136,-1.0722134139469732,-1.516551445508999,0.4443380315620258,0.005315208035602251,0.021206456612633023
1,hsa-mir-548o,-0.842987039739534,-1.2801850972234843,0.43719805748395024,0.021786548387328394,0.07039421027540832
1,hsa-mir-23c,-0.7110106161666188,-1.1446597039577353,0.43364908779111655,0.045624962123148746,0.1298812790367008
1,hsa-mir-1243,-1.1922352120897857,-1.6258525008929712,0.4336172888031855,0.002492088112694716,0.010889796794968506
1,hsa-mir-4762,-1.1845915637693756,-1.6161282896987672,0.43153672592939163,9.182469940233537e-5,5.752872733640289e-4
1,hsa-mir-4766,-1.2445114071210739,-1.669953445474898,0.4254420383538242,0.0015912516624395703,0.007216141259900377
1,hsa-mir-892b,-1.1223934880419963,-1.5461401315437695,0.42374664350177316,0.07416261104014168,0.18631131442214607
1,hsa-mir-210,8.912221655122577,8.490431734725565,0.42178992039701235,0.13066707647765735,0.23137416493206067
1,hsa-mir-532,10.933141235253435,10.512723416829715,0.4204178184237204,0.06403165992916687,0.16844753708178806
1,hsa-mir-656,-1.1542523042427733,-1.5725058144889827,0.4182535102462095,0.11335138326898332,0.22009160658526924
1,hsa-mir-4786,1.1859480102515099,0.7775908376832056,0.4083571725683043,0.11815662081871926,0.22009160658526924
1,hsa-mir-376a-1,-0.9874119482454546,-1.3951405504121897,0.407728602166735,0.1452817561252846,0.2515422192624239
1,hsa-mir-412,1.5161818719299023,1.1098242495035384,0.40635762242636386,0.19269687964503063,0.3181027854457648
1,hsa-mir-4788,0.21438793133336168,-0.19195395601063026,0.4063418873439919,0.08726367756125371,0.20871918555685895
1,hsa-mir-548d-2,-1.2396460900621866,-1.6420215086763894,0.4023754186142028,1.6803831100914906e-4,9.967291451493253e-4
1,hsa-mir-548d-1,-1.2076075696529112,-1.6060143385782972,0.39840676892538607,3.4333947388729715e-4,0.0018926133542904013
1,hsa-mir-4484,-1.1831206903349734,-1.575191039352665,0.39207034901769156,0.02709045180141899,0.08503240404469543
1,hsa-mir-6499,0.9740081949913073,0.5830815529529518,0.3909266420383555,0.24349049961386932,0.3780216686472078
1,hsa-mir-4777,-1.2851657349298553,-1.672718470084643,0.3875527351547876,7.961734972192593e-5,5.069512880253242e-4
1,hsa-mir-1269b,2.5142988564751643,2.126915872446405,0.3873829840287595,0.9509428780055391,0.9635822254634825
1,hsa-mir-3174,-1.168715331556467,-1.5552964097083353,0.3865810781518684,8.5369115351063e-5,5.391733601119768e-4
1,hsa-mir-191,10.676136615932954,10.290695156597002,0.38544145933595253,0.013606066410488022,0.0483495753994563
1,hsa-mir-4444-1,-0.9204955405081835,-1.302563419546982,0.38206787903879846,0.0871131502514405,0.20871918555685895
1,hsa-mir-4423,0.14533498402322412,-0.2367040620498223,0.3820390460730464,0.2264934353288151,0.3594402432481705
1,hsa-mir-891a,4.8430475927460375,4.4633762603712785,0.3796713323747589,0.9510243184885436,0.9635822254634825
1,hsa-mir-1256,-1.292857752322672,-1.6720510693347421,0.37919331701207004,0.003765807596830875,0.01570764666057798
1,hsa-mir-876,-1.3068122170987126,-1.6843700249928808,0.37755780789416815,0.05722370958577528,0.15606466250665985
1,hsa-mir-548f-1,-1.3121981519774402,-1.684931900795366,0.37273374881792587,0.4726038640448883,0.5926586973811621
1,hsa-mir-3939,-0.6053899869446637,-0.9716688944929851,0.3662789075483214,0.06554463789408115,0.17127242062774975
1,hsa-mir-559,-1.3286482219590445,-1.6946706455101073,0.36602242355106274,0.14576324225181275,0.2520960730740886
1,hsa-mir-6818,-1.0627954551408518,-1.4254529840229704,0.36265752888211855,0.0042351830351291895,0.017478533160850625
1,hsa-mir-4515,-0.3727198497649427,-0.7351565235047793,0.3624366737398366,0.02233676794668043,0.07169826748317175
1,hsa-mir-1246,-0.965536555219358,-1.3257683314553341,0.36023177623597613,0.29452332226490113,0.4306057945016361
1,hsa-mir-1179,-1.2984929066548219,-1.6576271776823612,0.35913427102753936,3.4203750176665476e-4,0.0018921223501985158
1,hsa-mir-548t,-1.0560942994006721,-1.41463000358558,0.358535704184908,0.00579896775820647,0.02296037995635049
1,hsa-mir-3176,-0.7894799702739145,-1.1478143019408213,0.35833433166690687,0.016495577687493143,0.05655626635711934
1,hsa-mir-449c,0.1425498215812924,-0.21323101594742289,0.35578083752871525,0.29407336359529573,0.43035126379799377
1,hsa-mir-3064,-0.2941350264149593,-0.6429212849123023,0.34878625849734296,0.07652610875009709,0.19101336210995876
1,hsa-mir-4645,-1.0556139503651703,-1.403404290424534,0.3477903400593638,0.01607140235841078,0.055345226664725855
1,hsa-mir-362,4.364225516169381,4.01693288845308,0.34729262771630154,0.6307427830199638,0.730040098567822
1,hsa-mir-1468,4.908547103493643,4.564617644552263,0.34392945894138016,0.6412197168168998,0.7393220681702615
1,hsa-mir-3925,-1.189605989822509,-1.5321144802797,0.3425084904571909,0.044472213804941714,0.12776547612469444
1,hsa-mir-581,-1.2875668062810013,-1.6300601089195164,0.3424933026385151,0.005503227901548621,0.021844874113017426
1,hsa-mir-573,-1.330181640332027,-1.6714846506222862,0.3413030102902592,0.02089569288334055,0.06838138084059267
1,hsa-mir-6739,-1.2573505651534511,-1.5889562295757989,0.33160566442234773,0.0011902808257249675,0.0055428002630774605
1,hsa-mir-363,3.6656185577198483,3.3365584054046242,0.3290601523152241,0.40549535942112835,0.5256365735842571
1,hsa-mir-4699,-1.3310727256444503,-1.6562970201844218,0.3252242945399715,5.229158681237107e-4,0.002728256703254143
1,hsa-mir-4753,-0.7756908238615279,-1.1007552566254417,0.32506443276391384,0.043560086140101616,0.12607371869862433
1,hsa-mir-3922,0.153967256485837,-0.16795319859956465,0.3219204550854017,0.17527819240139286,0.29464868550234147
1,hsa-mir-3607,4.292166017296543,3.9720761785436065,0.3200898387529363,0.23312112826746823,0.36734238393661656
1,hsa-mir-5695,-1.3630125765150949,-1.6782396042328418,0.3152270277177469,0.004838410871308182,0.01975895539068263
1,hsa-mir-28,12.587988315553218,12.273733229331478,0.31425508622174014,0.03546734632554808,0.10579170223299236
1,hsa-mir-106b,10.539563286316469,10.22578821287516,0.31377507344130784,0.017722638757177642,0.05984267632293749
1,hsa-mir-3926-1,-1.1651544142024057,-1.4778526733677453,0.31269825916533955,0.06633228964686094,0.17290509577839958
1,hsa-mir-6888,-1.3134325257893145,-1.6248426965862692,0.31141017079695477,0.018809741083376966,0.06266914831833244
1,hsa-mir-1185-1,-1.1795857036489097,-1.4856103810851227,0.306024677436213,0.013213861879245836,0.04717076551858926
1,hsa-mir-219a-1,3.853789717950858,3.5485686478606535,0.30522107009020427,0.06065618171387385,0.16230470578669504
1,hsa-mir-4659a,-1.2983696550818988,-1.6029572268911556,0.3045875718092568,0.01664919751115106,0.056957780959200996
1,hsa-mir-4778,-1.3522041490789418,-1.6536592620973307,0.3014551130183889,0.04927030724794806,0.13799224292064446
1,hsa-mir-6513,-0.9978814390232034,-1.295026668046403,0.29714522902319973,0.011266576419391484,0.041128490358384374
1,hsa-mir-888,-1.3900630566165462,-1.6862090264758414,0.2961459698592952,0.8525059994142471,0.8913601602454595
1,hsa-mir-130b,6.177206298805512,5.882923027271314,0.29428327153419787,0.2735666503647976,0.410133026452534
1,hsa-mir-519a-1,2.642457322602217,2.349018129168016,0.29343919343420133,0.43610333130392265,0.5585559908326103
1,hsa-mir-3660,-1.1163066028359316,-1.4096815004050338,0.2933748975691022,0.04369741633237273,0.12623698051574345
1,hsa-mir-3654,-0.9839360716141231,-1.2762827310928213,0.2923466594786982,0.005473516332376234,0.02178236091455848
1,hsa-mir-4691,-0.6077024144969638,-0.9000289881421308,0.292326573645167,0.09716040027510106,0.22008503107801727
1,hsa-mir-3157,0.26251826116371224,-0.024764327162452273,0.2872825883261645,0.2736849234212102,0.410133026452534
1,hsa-mir-1305,-1.4082090819067898,-1.6951674333116697,0.2869583514048799,0.15032955028162098,0.2577078004827788
1,hsa-mir-3923,-1.3890697704296415,-1.6737291536992065,0.28465938326956497,0.2255735769193092,0.3583449898107152
1,hsa-mir-6718,0.5077106611923361,0.2232478020715927,0.2844628591207434,0.36169936980070744,0.48726339973152294
1,hsa-mir-3661,-1.081226324124884,-1.3616246787093007,0.28039835458441664,0.017400424547210153,0.05913869780751163
1,hsa-mir-1283-1,-1.101615192962364,-1.3807293862681684,0.27911419330580434,0.0212948482909312,0.06935274182432709
1,hsa-mir-3125,-1.0321538700027235,-1.3111233093301078,0.27896943932738427,0.3890460709873452,0.5087274691871405
1,hsa-mir-548ag-2,-1.3580514711914942,-1.6324435684754837,0.2743920972839895,0.21928728212124926,0.3501268857922859
1,hsa-mir-6844,-1.4263106714712537,-1.698069009442137,0.2717583379708832,0.3511331929465586,0.48007693338880925
1,hsa-mir-6516,-0.08962863878699497,-0.35962008041964394,0.269991441632649,0.15393079555631617,0.2627265219560757
1,hsa-mir-6508,-1.1219178278634663,-1.3912793008705573,0.269361473007091,0.23992765919063747,0.37466181014754196
1,hsa-mir-3664,-1.303916000346144,-1.5728624622844938,0.2689464619383497,0.09720422205945763,0.22008503107801727
1,hsa-mir-3911,-0.19936644890123456,-0.4657563823724697,0.26638993347123513,0.24842366349061404,0.3837038762825326
1,hsa-mir-548k,-1.351143523201278,-1.6106296436465686,0.2594861204452905,0.03522919833250724,0.10529867338182788
1,hsa-mir-561,-1.395091550268002,-1.6541301752805007,0.25903862501249875,0.29548469023017165,0.43160685089800355
1,hsa-mir-4793,-1.0098919569194111,-1.2682296094067034,0.25833765248729224,0.00265075238572256,0.011504578947691862
1,hsa-mir-4796,-1.4135703902234773,-1.6718446058320187,0.25827421560854136,0.233075935567332,0.36734238393661656
1,hsa-mir-599,-1.3040600061566752,-1.5605806404839915,0.2565206343273163,0.28557756018323116,0.4234800322108751
1,hsa-mir-1250,-0.8832729982168677,-1.1378813669360524,0.2546083687191847,0.18047905484728402,0.30176562225269354
1,hsa-mir-378i,-0.8962968908538681,-1.1462942407054055,0.24999734985153743,0.11711435779669696,0.22009160658526924
1,hsa-mir-891b,-1.4330263508702372,-1.6826700688708771,0.2496437180006399,0.501826505470311,0.6201575274241293
1,hsa-mir-5708,-1.0074880050791946,-1.2553482379843395,0.24786023290514492,0.20248593533717232,0.3314565153473125
1,hsa-mir-224,5.265339495633871,5.017718408864967,0.2476210867689037,0.276502537546693,0.41356084235171725
1,hsa-mir-6838,-1.4201928767972116,-1.6672895088187027,0.24709663202149112,0.0067598172069987346,0.02630014868819013
1,hsa-mir-378f,-1.2211639743163285,-1.4665382190203526,0.24537424470402414,0.5777009045552075,0.6890010788273117
1,hsa-mir-6514,1.4438651034127188,1.1986180590963427,0.24524704431637612,0.2098859456566998,0.3396494556270246
1,hsa-mir-4768,-1.1633491580726043,-1.4081603158737264,0.24481115780112206,0.10415678547160788,0.22009160658526924
1,hsa-mir-496,0.9106289617034558,0.667613462585253,0.24301549911820275,0.34687989794353147,0.47766027410518663
1,hsa-mir-5588,-0.45035404610584334,-0.6930888229029543,0.24273477679711092,0.13391072597195458,0.2362725811022415
1,hsa-mir-548ai,-1.4499752596952968,-1.6923556847366277,0.24238042504133084,0.14806855907836663,0.2550060430154908
1,hsa-mir-376a-2,-1.369002516254395,-1.610452082760795,0.24144956650640004,0.14251290472537684,0.2478485299571771
1,hsa-mir-3611,-1.4591550920359193,-1.7005894561455377,0.24143436410961838,0.3311564253837135,0.46751495348288963
1,hsa-mir-3688-1,-1.416782874084943,-1.6574079418649121,0.24062506777996906,0.016318751043035516,0.056073241469461244
1,hsa-mir-489,-1.352135873483825,-1.5889498798765893,0.2368140063927644,0.22778061110740935,0.360493771078697
1,hsa-mir-494,-0.15188401504113686,-0.38702907784487783,0.23514506280374098,0.34049669306880737,0.47341786202080166
1,hsa-mir-548l,-1.372360705744414,-1.6048967382874435,0.23253603254302946,0.014488497270445596,0.05070111190183656
1,hsa-mir-1283-2,-0.9808769248639003,-1.2132895800430954,0.23241265517919507,0.07416623477958507,0.18631131442214607
1,hsa-mir-222,7.181119887636734,6.9505618425479625,0.2305580450887712,0.5767592102399852,0.6884042601181155
1,hsa-mir-3140,-1.327400460184928,-1.557654744889949,0.23025428470502085,0.04817369015501728,0.13639012094705438
1,hsa-mir-382,4.113544759700814,3.887433067926018,0.2261116917747965,0.30451969451385535,0.4398617809644577
1,hsa-mir-3146,-1.4184702452261946,-1.6444373570970232,0.22596711187082863,0.004568189776205174,0.018753621186526508
1,hsa-mir-769,5.4852662698610635,5.260890323471427,0.2243759463896362,0.0935337485083742,0.21552828312121677
1,hsa-mir-500b,3.5643510144252115,3.340368718611471,0.22398229581374052,0.31404969406715655,0.4502657139484351
1,hsa-mir-337,3.0961901264787484,2.8724937753671935,0.22369635111155484,0.30609413563983956,0.4413187168189924
1,hsa-mir-378a,12.08169340148158,11.858871258398699,0.2228221430828814,0.2933397214009199,0.42968071867177
1,hsa-let-7i,8.887958800258103,8.667211031320798,0.2207477689373043,0.07642016508468465,0.19101336210995876
1,hsa-mir-6502,-1.3221513430168208,-1.54155963149573,0.21940828847890925,0.07781238716369426,0.19329191715822142
1,hsa-mir-3171,-1.479899090513243,-1.698663760059281,0.21876466954603813,0.3511331929465586,0.48007693338880925
1,hsa-mir-1276,-0.03165406894975951,-0.2488882458332894,0.2172341768835299,0.39097812729869924,0.5108256939580995
1,hsa-mir-3116-1,-1.412326827449843,-1.6292016015424013,0.2168747740925583,0.29782069236535336,0.4333957836659993
1,hsa-mir-4709,-0.2914327472779375,-0.5071902288819325,0.21575748160399505,0.29876170819169406,0.4339555537979914
1,hsa-mir-4657,-0.6294379956187701,-0.8438385239507639,0.21440052833199374,0.18885774556955662,0.31275804998780077
1,hsa-mir-548au,-1.4629901256956892,-1.6744538726682414,0.2114637469725522,0.06893002134383551,0.1774436193009627
1,hsa-mir-7976,-1.1145989823128297,-1.3256701213343702,0.2110711390215405,0.050793456515737155,0.1417491809741502
1,hsa-mir-4647,-0.3447643978678143,-0.5540011274857215,0.20923672961790718,0.26223815354872093,0.3995034370468795
1,hsa-mir-2278,-1.183345900392311,-1.3925301763276825,0.20918427593537148,0.03131965046989558,0.09572398782971053
1,hsa-mir-320e,-1.0554927186469973,-1.2644120220099344,0.20891930336293707,0.12031945730028752,0.22009160658526924
1,hsa-mir-4684,-1.3490219824846632,-1.5575921335122898,0.20857015102762655,0.03252299699720501,0.0983253397589919
1,hsa-mir-371a,-1.1161911518085978,-1.3247091389871284,0.20851798717853054,0.18713772812654628,0.31056899561426826
1,hsa-mir-3115,-1.4213481121663805,-1.6292571803305507,0.2079090681641702,0.22526193983083945,0.35821470554139606
1,hsa-mir-4789,-1.496998609357176,-1.7005894561455377,0.2035908467883616,0.717168008705134,0.8016981173238819
1,hsa-mir-3612,-0.7434215875502354,-0.9449627767744785,0.20154118922424313,0.4390299577584039,0.5618430960648976
1,hsa-mir-548q,-1.0570222496876658,-1.2573958866741841,0.20037363698651833,0.09768635932993451,0.22009160658526924
1,hsa-mir-4669,-1.307475595207069,-1.5039768297496345,0.19650123454256563,0.29855294237866337,0.4339555537979914
1,hsa-mir-5009,-1.4419515979705655,-1.6381152586021976,0.19616366063163215,0.00961561780568454,0.035461852900396884
1,hsa-mir-5003,-0.6838658574567568,-0.8799639877674104,0.1960981303106536,0.3324893059121718,0.4679479168219264
1,hsa-mir-6843,0.73554457335428,0.5420040853345182,0.19354048801976187,0.5268000722692064,0.6410359693759454
1,hsa-mir-5706,-1.4417892828222123,-1.6330860358842554,0.19129675306204308,0.2526045155604736,0.38862233163149784
1,hsa-mir-600,-1.2801697328365824,-1.4695294669671213,0.18935973413053886,0.9574182763988995,0.9685943652284587
1,hsa-mir-4666a,-1.4892428905441695,-1.6766494069775535,0.18740651643338402,0.21879932007286304,0.3497202247066254
1,hsa-mir-4653,-1.3992763981940632,-1.5859942122469972,0.18671781405293397,0.0356128702829327,0.10602304893392178
1,hsa-mir-3159,-1.4238886008339464,-1.6092588569942776,0.1853702561603312,0.2689834390335042,0.4058164070524821
1,hsa-mir-6801,-0.8972374931210589,-1.078843937726584,0.181606444605525,0.35427937961787986,0.48349229965592333
1,hsa-mir-5094,-1.460507203461227,-1.640485193892023,0.1799779904307961,0.038012564770690746,0.11188603970241048
1,hsa-mir-466,-1.4408208355244054,-1.6199758502620354,0.17915501473762996,0.14420776761944562,0.24996013054037242
1,hsa-mir-548x,-1.5187286728552711,-1.6978726165016214,0.17914394364635022,0.7426676984369445,0.8216749003983216
1,hsa-mir-5690,-0.8969402614959175,-1.075874428557199,0.1789341670612815,0.1627048177358632,0.2754946088255238
1,hsa-mir-4639,-1.40245081508758,-1.581211320600141,0.17876050551256095,0.07196478775672502,0.18373988363419155
1,hsa-mir-6840,-1.101990366047008,-1.279947141841018,0.17795677579400992,0.3740670636477932,0.49727464070156263
1,hsa-mir-5687,-1.5116087592916232,-1.6888255931726814,0.17721683388105824,0.44939565078930577,0.5708934977453721
1,hsa-mir-4501,-1.4122170982128608,-1.5855545124754191,0.17333741426255833,0.7481246411350584,0.8224626075903391
1,hsa-mir-5582,-1.5079523275811046,-1.6811707198749326,0.17321839229382796,0.21792805835728474,0.3486848933716556
1,hsa-mir-4733,-0.7414941681325695,-0.9135667608649257,0.1720725927323562,0.24210362876495836,0.37730435651681826
1,hsa-mir-597,-1.3784312357997537,-1.5481235096102404,0.16969227381048668,0.030710947504740568,0.09515301117872432
1,hsa-mir-4774,-1.5231340601080017,-1.6927429344813405,0.16960887437333882,0.13763337103933576,0.24178835452856284
1,hsa-mir-3681,-1.5014920475520588,-1.6690829765461606,0.16759092899410177,0.5968292412422374,0.7005670551827617
1,hsa-mir-548ay,-1.4704115348229132,-1.635965933859707,0.1655543990367938,0.04431749267757358,0.12755588298342213
1,hsa-mir-4676,1.1584333375968974,0.9933341415685968,0.1650991960283006,0.4039206263996844,0.5243130254306112
1,hsa-mir-4419b,-1.419707411016035,-1.5844937530570251,0.16478634204099007,0.2736643296688841,0.410133026452534
1,hsa-mir-579,-0.18385095184113984,-0.3460870522288496,0.16223610038770978,0.42792185645547137,0.5485276056454687
1,hsa-mir-4742,0.8771276896462904,0.7161807080322549,0.16094698161403553,0.6837441032771816,0.7785699278192725
1,hsa-mir-4435-2,-1.16986778434951,-1.3296799411036013,0.15981215675409133,0.14795324311840993,0.2550060430154908
1,hsa-mir-607,-1.3612062366792514,-1.5203865936674388,0.15918035698818733,0.05006245390005512,0.13995954853778853
1,hsa-mir-383,-0.4505264438806775,-0.6089686180544581,0.15844217417378065,0.4100033641581512,0.5299132129964507
1,hsa-mir-5697,-1.5375948593246092,-1.692299452526291,0.15470459320168195,0.011069440635089639,0.0405359797904691
1,hsa-mir-548aq,-1.5425328955843118,-1.6969399316592342,0.15440703607492234,0.7680390982780455,0.8357221318826523
1,hsa-mir-618,-0.8363066310837716,-0.9903296977508795,0.15402306666710797,0.2846382073540608,0.4234800322108751
1,hsa-mir-4735,-1.5145569749721985,-1.668353504641661,0.15379652966946256,0.3570513018701356,0.4849958133149827
1,hsa-mir-7151,-1.422227701180221,-1.5750953604935023,0.1528676593132814,0.1000814085112152,0.22009160658526924
1,hsa-mir-4306,-1.473923043743411,-1.6251781260300306,0.15125508228661966,0.1205025210941246,0.22009160658526924
1,hsa-mir-4673,-1.4331718954239245,-1.5837682369808048,0.1505963415568803,0.15941280191358678,0.2708975718792978
1,hsa-mir-4536-2,-1.531564155950491,-1.680246739105734,0.1486825831552432,0.07235317984750583,0.1844296741210933
1,hsa-mir-499b,-1.5320013374764765,-1.6772112718463554,0.14520993436987895,0.11695584143368958,0.22009160658526924
1,hsa-mir-122,-1.442773611702454,-1.5877996718354217,0.1450260601329676,0.48180574709392965,0.6025865748040146
1,hsa-mir-3938,-1.4018617543102962,-1.5454699487806447,0.14360819447034845,0.08383502043988492,0.20276377036623328
1,hsa-mir-6805,-0.2502985016941874,-0.393242885632125,0.14294438393793762,0.5894930762278076,0.6966736355419544
1,hsa-mir-3150a,-0.37145189145263463,-0.513591236522961,0.14213934507032638,0.5301409764989481,0.6440965135033948
1,hsa-mir-373,-1.3823217335767908,-1.5244296550008003,0.14210792142400952,0.7786054428575119,0.8392152744254527
1,hsa-mir-1264,-1.5556524811690797,-1.6969962071995492,0.14134372603046952,0.7716757076140832,0.8357221318826523
1,hsa-mir-938,-1.5068519332204466,-1.648006081995255,0.14115414877480825,0.18227989175722897,0.304450354540982
1,hsa-mir-4511,-1.5329214582862858,-1.6734250997990032,0.14050364151271744,0.037050081114927746,0.10988236984655378
1,hsa-mir-6839,-1.539525760128032,-1.6796359288484703,0.14011016872043824,0.4903899354718554,0.6100544651802986
1,hsa-mir-548a-3,-1.5426364847738936,-1.6800822631024792,0.13744577832858562,0.5592146063141565,0.6726097038165645
1,hsa-mir-6878,-1.403264113304739,-1.539560858014208,0.13629674470946895,0.534184850193188,0.6475810455591215
1,hsa-mir-616,1.9901239124784984,1.8544378043805414,0.135686108097957,0.8142082767295089,0.8634703682515527
1,hsa-mir-4743,-1.1018557458343836,-1.237216860818219,0.1353611149838354,0.45060606282879156,0.5715003723682235
1,hsa-mir-4773-2,-1.4749855993628196,-1.6091390761438853,0.1341534767810657,0.04182373624722994,0.121499122058992
1,hsa-mir-3655,-0.6549259292066949,-0.7874627140612604,0.13253678485456555,0.39561071842095313,0.5160139805490693
1,hsa-mir-513b,-1.024161514825654,-1.1565598669246988,0.13239835209904482,0.5041616869971631,0.6212418891908171
1,hsa-mir-892c,-1.5662969090803642,-1.6959522667170923,0.12965535763672809,0.34817806652908145,0.47766027410518663
1,hsa-mir-6866,-1.5279281555254136,-1.6572575652971366,0.12932940977172303,0.44312609403201114,0.5656928859983121
1,hsa-mir-1537,-1.571986885913318,-1.7005894561455377,0.12860257023221977,0.7992265049118906,0.8534835352766832
1,hsa-mir-31,2.6049498854880357,2.477916745876624,0.12703313961141172,0.9340083984968153,0.9529451286167637
1,hsa-mir-187,6.05444537813143,5.9283112396218804,0.12613413850954913,0.9467717071979381,0.9621914418428557
1,hsa-mir-6758,-1.1600428923235482,-1.285563833392929,0.12552094106938072,0.3724914441887008,0.49727464070156263
1,hsa-mir-4802,-1.5463170525139955,-1.6713581220355274,0.12504106952153182,0.5961346086835505,0.7005670551827617
1,hsa-mir-216b,-1.327012063670606,-1.4516910974119626,0.12467903374135658,0.745323337996225,0.8224626075903391
1,hsa-mir-4794,-1.5315987759348697,-1.6551307184576995,0.12353194252282984,0.08614266568113807,0.20674239763473137
1,hsa-mir-3186,-1.5113032862905633,-1.6343243505529605,0.12302106426239723,0.26820141832278466,0.4050282793645151
1,hsa-mir-7157,-1.4441358765908503,-1.5648348255331932,0.1206989489423429,0.5337312618821854,0.6475810455591215
1,hsa-mir-3907,-1.397144698155951,-1.5171076526435023,0.11996295448755134,0.3998210336822426,0.5206350689017516
1,hsa-mir-133b,-0.7082560947036541,-0.8274760918089912,0.11921999710533704,0.35776032773241856,0.48530966196745473
1,hsa-mir-611,-1.1779841515700749,-1.2970424120731732,0.11905826050309831,0.14363387050025653,0.24924231143537284
1,hsa-mir-4782,-1.5683554018982946,-1.6845184467827263,0.11616304488443174,0.5297696301787334,0.6440965135033948
1,hsa-mir-1185-2,-1.4898096017995306,-1.6050133076885582,0.11520370588902762,0.2783246397541934,0.4154894143698964
1,hsa-mir-3149,-1.5541557662838021,-1.6685527609634703,0.11439699467966813,0.9702343711147496,0.9783876011241173
1,hsa-mir-4536-1,-1.5670847873420477,-1.680744572962915,0.1136597856208672,0.5587008846295778,0.6725103240911584
1,hsa-mir-5194,-1.5321373403298169,-1.643238210263431,0.11110086993361423,0.4824559539284849,0.6025865748040146
1,hsa-mir-4700,-0.7366473911690805,-0.8476712369816836,0.11102384581260305,0.8696367164669979,0.9032178945995452
1,hsa-mir-5691,-1.5604819056682926,-1.6682878606833265,0.10780595501503387,0.6216231615764368,0.723141038075497
1,hsa-mir-5571,-1.3185136171907603,-1.4258301830319777,0.1073165658412174,0.26652076264294317,0.40366251429416633
1,hsa-mir-3618,-1.426485162952896,-1.533377173303093,0.10689201035019691,0.15591109796101332,0.2658156424253342
1,hsa-mir-4461,-0.4234751389204188,-0.5301364390953988,0.10666130017497993,0.5168877521776829,0.6309427960854346
1,hsa-mir-378b,-1.5078908909520898,-1.6143971104227395,0.10650621947064964,0.745404800076712,0.8224626075903391
1,hsa-mir-5188,-1.5437017575385068,-1.6501606057904208,0.10645884825191398,0.441310951280001,0.5642992491777062
1,hsa-mir-3166,-1.5324157747831846,-1.6382832788296784,0.10586750404649381,0.6808953797633246,0.7767533485529649
1,hsa-mir-548ao,-1.5871939457451192,-1.6928255543488422,0.105631608603723,0.7789639213897792,0.8392152744254527
1,hsa-mir-6830,-1.5140323084076834,-1.6189743595903812,0.10494205118269773,0.7134157202700661,0.7995176175440395
1,hsa-mir-3591,-1.5944136946877256,-1.69693408845718,0.10252039376945432,0.7481095038290264,0.8224626075903391
1,hsa-mir-502,4.319576465103824,4.217180652708034,0.10239581239579021,0.6556220236740904,0.7514844650489206
1,hsa-mir-4517,-1.5576947101460852,-1.659752033768342,0.10205732362225683,0.6930339657210537,0.7857071123000318
1,hsa-mir-448,-1.575536042377065,-1.6767289271430346,0.10119288476596955,0.30946311855595127,0.4453528274421439
1,hsa-mir-503,3.4952746964295938,3.3946615961532602,0.10061310027633352,0.7547038494617305,0.8267823069945923
1,hsa-mir-6761,0.5612227670117591,0.46063717049922026,0.10058559651253884,0.9733527594269182,0.9808981296550339
1,hsa-mir-4678,-1.5985736454820316,-1.6977130400150013,0.09913939453296972,0.7738198133047143,0.8364416769231291
1,hsa-mir-1303,-1.5501797261184136,-1.649248659367264,0.09906893324885035,0.5177002086300602,0.6314404421132868
1,hsa-mir-6847,-0.7862938915497254,-0.8846749140049696,0.09838102245524416,0.46189581380132194,0.5833731196360347
1,hsa-mir-609,-1.5956020218277642,-1.6926695578118247,0.09706753598406048,0.8023758221967067,0.8552923538601616
1,hsa-mir-3117,-1.4797292024959783,-1.5757105234551327,0.09598132095915446,0.45027862510214045,0.5715003723682235
1,hsa-mir-3202-1,-1.335872696418232,-1.4283994607398915,0.09252676432165963,0.7900005994129109,0.8487609745758546
1,hsa-mir-4771-2,-1.5846319972045004,-1.6762610194662577,0.09162902226175729,0.9314224528731462,0.9509286822526886
1,hsa-mir-3936,-1.0585427565031786,-1.1495562075153551,0.0910134510121765,0.32949315209148905,0.46601026043764543
1,hsa-mir-4744,-1.6017411737723184,-1.6925526752669384,0.09081150149462003,0.7266032061601478,0.808052301493568
1,hsa-mir-3920,-1.5923538874968182,-1.6830035533027135,0.09064966580589529,0.9290941362594586,0.949172791463494
1,hsa-mir-5089,-1.5834237937249114,-1.673522290841263,0.09009849711635165,0.9973067484282647,0.9979464576960185
1,hsa-mir-4434,-1.604785611387418,-1.6940820055744474,0.0892963941870295,0.728389226669851,0.8087453335266672
1,hsa-mir-3148,-1.5963180395222478,-1.6853930131853068,0.08907497366305894,0.893359205771725,0.921719815478764
1,hsa-mir-3685,-1.5441942824277228,-1.6329266349812395,0.08873235255351664,0.3277392780272037,0.4652168095745567
1,hsa-mir-6515,-1.0946793305670548,-1.1818920056864703,0.08721267511941555,0.3348338360419864,0.46884933492736675
1,hsa-mir-4705,-1.6112718952647043,-1.6983252203085049,0.08705332504380059,0.7756693764373076,0.8368217339157675
1,hsa-mir-548f-4,-1.6139773623049516,-1.7005894561455377,0.0866120938405861,0.7992265049118906,0.8534835352766832
1,hsa-mir-3164,-1.5945868985820277,-1.6811011307102486,0.08651423212822085,0.21571860781429045,0.3455981547730037
1,hsa-mir-4662b,-1.614305274489883,-1.699447472757938,0.08514219826805514,0.7756693764373076,0.8368217339157675
1,hsa-mir-4480,-1.6162443867972656,-1.7005894561455377,0.08434506934827213,0.3815706178787838,0.5012616176853608
1,hsa-mir-4422,-1.4907883396511408,-1.5746410326657487,0.08385269301460796,0.5931142583299436,0.6988355309627734
1,hsa-mir-4775,-1.6122882340533549,-1.6933999708875964,0.08111173683424155,0.3663123894955788,0.4917791115431179
1,hsa-mir-4680,-1.540153596801249,-1.6212162212808876,0.08106262447963863,0.7132483264870619,0.7995176175440395
1,hsa-mir-4522,-0.6699033305579396,-0.7505310327919128,0.0806277022339732,0.387510225964311,0.507570069273153
1,hsa-mir-4641,-1.2964168394881599,-1.3763371794042163,0.0799203399160564,0.6642421263290704,0.7600983941159408
1,hsa-mir-3163,-1.5558211019008221,-1.6350752573219256,0.07925415542110348,0.9934393630269178,0.9965245021990968
1,hsa-mir-3910-2,-1.6182336022545738,-1.6967445866422881,0.07851098438771431,0.7966961362748559,0.8534835352766832
1,hsa-mir-4470,-1.343288703775129,-1.4215612411909146,0.07827253741578555,0.4599622646765885,0.5821953838505469
1,hsa-mir-3165,-1.6048208513989486,-1.682982148105449,0.0781612967065004,0.8961102566611377,0.9239471251760574
1,hsa-mir-548ab,-1.620851494687393,-1.698921159482186,0.07806966479479294,0.7462941586211387,0.8224626075903391
1,hsa-mir-3152,-1.5610377501840966,-1.638431433105547,0.07739368292145032,0.8706548653341494,0.9036737125224703
1,hsa-mir-4428,-1.5103594932663373,-1.5874853327904686,0.07712583952413121,0.7934306928884045,0.8506885779422069
1,hsa-mir-3121,-1.604042634443865,-1.6809347670547714,0.07689213261090644,0.5092222289346688,0.6245987716344932
1,hsa-mir-3688-2,-1.5986385075329599,-1.6745778946410035,0.0759393871080436,0.5815074205330275,0.6903152418835604
1,hsa-mir-578,-1.5473234018541375,-1.6226281316671385,0.07530472981300096,0.4056836119201574,0.5256365735842571
1,hsa-mir-6740,-1.0782004471683304,-1.1531563083216918,0.07495586115336139,0.6336618327976382,0.7322314512328263
1,hsa-mir-3155b,-1.6013165857900407,-1.6755832694593258,0.07426668366928513,0.84119557259449,0.8841858597294884
1,hsa-mir-1286,-1.5885859801992364,-1.6621949776415246,0.07360899744228822,0.5342543625862752,0.6475810455591215
1,hsa-mir-6780a,-1.395642959368571,-1.4684810066204559,0.07283804725188481,0.49654577232138225,0.6152592572052076
1,hsa-mir-2117,-1.5756230555388782,-1.6475878141579345,0.07196475861905638,0.39750181714426,0.518047480990013
1,hsa-mir-34c,4.197170623106721,4.125392268010792,0.07177835509592878,0.7628339814506747,0.8327648782806526
1,hsa-mir-6806,1.3770998565374468,1.3058933233068508,0.071206533230596,0.6459846036261567,0.7431881271636356
1,hsa-mir-6723,-1.1208822690610747,-1.191854660744519,0.07097239168344438,0.33463412009099597,0.46884933492736675
1,hsa-mir-3945,-1.595938539462771,-1.666381929147536,0.07044338968476493,0.9125958564118611,0.9378455441386716
1,hsa-mir-5682,-1.5743889118604633,-1.6440462452651814,0.06965733340471814,0.8511641862232497,0.8905540781410258
1,hsa-mir-3158-2,0.07618034826601049,0.006594347057534239,0.06958600120847624,0.7601251464308099,0.83155345612346665
1,hsa-mir-208a,-1.5408082643123548,-1.6099012930585714,0.06909302874621659,0.32839544548019206,0.465595905712985
1,hsa-mir-941-1,-1.5753039833851066,-1.6435588232176632,0.06825483983255665,0.7795954080425507,0.8393159672507792
1,hsa-mir-4435-1,-1.341443062560897,-1.4095218854660498,0.06807882290515277,0.7514466501533037,0.8243718524888564
1,hsa-mir-4530,-1.5552651343279802,-1.623118386769637,0.06785325244165685,0.6504652960780721,0.7477714531184912
1,hsa-mir-3910-1,-1.6255525427961928,-1.693192211462961,0.06763966866676818,0.7047235771881021,0.7943416043449706
1,hsa-mir-6503,-0.9520543826634836,-1.0196245846018157,0.06757020193833208,0.6331978966078688,0.7322314512328263
1,hsa-mir-7850,-1.3817812817877382,-1.4492534885566122,0.067472206768874,0.8468807965901883,0.8884559802829144
1,hsa-mir-6742,-1.498160010970158,-1.5651111405813665,0.06695112961120842,0.7295931310024129,0.8095058921506145
1,hsa-mir-7113,-1.1399616991860655,-1.2064997235957313,0.06653802440966583,0.5739076953800637,0.6855252716637821
1,hsa-mir-507,-1.1817695203639795,-1.2461634687872154,0.06439394842323587,0.472607320219337,0.5926586973811621
1,hsa-mir-548ah,-1.631893285984097,-1.6962373760065208,0.0643440900224237,0.7490177011282798,0.8228645167324765
1,hsa-mir-302a,-1.6330043411252846,-1.6969631370594016,0.06395879593411702,0.7719715333608346,0.8357221318826523
1,hsa-mir-4706,-1.2849612475347856,-1.3478611337907327,0.06289988625594711,0.3797406427765991,0.5003339550097082
1,hsa-mir-3145,-1.6343400728395263,-1.695280520032378,0.06094044719285163,0.7472016559371195,0.8224626075903391
1,hsa-mir-3139,-1.6109064693337956,-1.6715667912091066,0.06066032187531101,0.5570088470518755,0.6715098928909782
1,hsa-mir-4799,-1.4810389068248313,-1.5414388785134954,0.06039997168866407,0.6158344159976066,0.71801322044564
1,hsa-mir-3914-1,-1.5970571453457965,-1.6573055026283645,0.060248357282568055,0.8029457998026858,0.8552923538601616
1,hsa-mir-544b,-1.5488383885912829,-1.608462954443084,0.05962456585180109,0.9935040548574882,0.9965245021990968
1,hsa-mir-5584,-1.6126326239712656,-1.6718940681727024,0.05926144420143675,0.584495212919017,0.6928666657702632
1,hsa-mir-4436b-2,-1.5670350075912847,-1.625714491398077,0.05867948380679233,0.3801946763713252,0.5005094473749091
1,hsa-mir-4465,-1.587270219824014,-1.6456134320729374,0.05834321224892336,0.7187412207880026,0.8026029380309836
1,hsa-mir-548n,-1.6430467019424715,-1.7005894561455377,0.057542754203066204,0.7992265049118906,0.8534835352766832
1,hsa-mir-1915,0.8480968453026274,0.7906380259046197,0.05745881939800768,0.791604893029732,0.849422306546534
1,hsa-mir-4529,-1.5504448043625867,-1.6076189229309032,0.057174118568316556,0.717417033194961,0.8016981173238819
1,hsa-mir-4637,-1.6415678296025367,-1.6986788325368698,0.05711100293433313,0.7481095038290264,0.8224626075903391
1,hsa-mir-320d-1,0.6742088359426496,0.6188087303246921,0.055400105617957496,0.9515208864857138,0.9635822254634825
1,hsa-mir-3692,-1.567449687377568,-1.6214569564763712,0.05400726909880316,0.6268070350825952,0.7270029551887349
1,hsa-mir-1285-1,-1.638381290396259,-1.690246660327466,0.05186536993120705,0.6977228620098711,0.7887301918372456
1,hsa-mir-3617,-1.3990344000365156,-1.45058019027488,0.051545790238364475,0.8416769241655706,0.8841858597294884
1,hsa-mir-6719,-1.6435014848355896,-1.6947174872464257,0.051216002410836126,0.7692227478034517,0.8357221318826523
1,hsa-mir-6835,-1.5581879288836682,-1.609229467387686,0.051041538504017714,0.7742447317160247,0.8364416769231291
1,hsa-mir-4688,-1.6030261608619834,-1.6537906188538183,0.05076445799183493,0.4945485305994127,0.6137595129157389
1,hsa-mir-4761,-1.6106265578327588,-1.6596450978822839,0.049018540049525106,0.5099932349718388,0.6247458797173125
1,hsa-mir-4712,-1.614069239464511,-1.662735572963674,0.04866633349916283,0.4939193161246268,0.613466666524218
1,hsa-mir-4457,-1.6454125574698377,-1.6937815130117286,0.04836895554189091,0.8894518777441996,0.9189039266761267
1,hsa-mir-4520-2,-1.631618099713943,-1.6799441642999555,0.04832606458601263,0.9695816716773686,0.9783618420547833
1,hsa-mir-7853,-1.6531558193211127,-1.7005894561455377,0.04743363682442503,0.3770999358653517,0.49727464070156263
1,hsa-mir-1272,-1.6443568622295943,-1.6915057645754434,0.04714890234584912,0.7221691032181932,0.8045152499264271
1,hsa-mir-7978,-1.6195918884783764,-1.6660972383710477,0.0465053498926713,0.5658843229553746,0.6774977312435797
1,hsa-mir-4504,-1.654161803402632,-1.7005894561455377,0.04642765274290572,0.3770999358653517,0.49727464070156263
1,hsa-mir-4771-1,-1.6254173735885191,-1.670871648921663,0.045454275333143945,0.9598746142153983,0.9698215014093403
1,hsa-mir-548ar,-1.6337323372710817,-1.6790258432524698,0.04529350598138815,0.6663019122872647,0.7614878997568738
1,hsa-mir-4425,-1.6485955928778442,-1.6933482335664438,0.04475264068859963,0.36377523568942555,0.48879359834238056
1,hsa-mir-3126,-1.2252140313548996,-1.2693898040405205,0.044175772685620895,0.7306491056604995,0.8101013538240079
1,hsa-mir-5694,-1.6531558193211127,-1.6973140838530378,0.04415826453192517,0.3487532385934664,0.47766027410518663
1,hsa-mir-4659b,-1.636157797600095,-1.6798593504345967,0.04370155283450172,0.587352276868853,0.6951969286156379
1,hsa-mir-6768,-1.6380265009296875,-1.6816249164617585,0.043598415532071,0.6119664912403695,0.7140371924719345
1,hsa-mir-521-1,-1.0068802973573572,-1.0501611671242703,0.043280869766913144,0.9067859416436422,0.932489168730443
1,hsa-mir-4424,-1.6497528710612845,-1.6925234772161974,0.042770606154912905,0.7627923583493932,0.8327648782806526
1,hsa-mir-3675,-1.654161803402632,-1.6967732223990097,0.04261141899637777,0.3487532385934664,0.47766027410518663
1,hsa-mir-548ag-1,-1.6439194484017015,-1.6861103814127008,0.0421909330109993,0.3342908947400573,0.46884933492736675
1,hsa-mir-603,-1.654161803402632,-1.6962964547474777,0.04213465134484573,0.3487532385934664,0.47766027410518663
1,hsa-mir-7856,-1.654161803402632,-1.6961269654228146,0.041965162020182634,0.3475124200839139,0.47766027410518663
1,hsa-mir-1972-1,-1.651024118365738,-1.6927941197988448,0.04177000143310683,0.9134612709744108,0.9381169076498228
1,hsa-mir-3614,3.1036497817046094,3.0620290039338385,0.04162077777077089,0.7075118769460569,0.7958396653108454
1,hsa-mir-6770-2,-1.601142979684174,-1.6423829053370445,0.04123992565287038,0.8027477569593612,0.8552923538601616
1,hsa-mir-875,-1.6580560403793962,-1.6987906337570085,0.040734593377612205,0.37648422364409073,0.49727464070156263
1,hsa-mir-302c,-1.656094707037552,-1.6968135383006326,0.040718831263080624,0.3487532385934664,0.47766027410518663
1,hsa-mir-4539,-1.6317483978646345,-1.6723082631866864,0.0405598653220518,0.5819003481262064,0.6903152418835604
1,hsa-mir-342,7.803688262628288,7.763562958167961,0.040125304460326916,0.48247387855995233,0.6025865748040146
1,hsa-mir-5007,-1.6498977549206368,-1.6899273851823577,0.040029630261720905,0.6916446888444004,0.7847023378889197
1,hsa-mir-3929,-1.6315421089427928,-1.670953438042739,0.03941132909994627,0.5857830493174099,0.6938660265263169
1,hsa-mir-548al,-1.6582901769416205,-1.6976095350535163,0.0393193581118958,0.7719715333608346,0.8357221318826523
1,hsa-mir-4770,-1.6580560403793962,-1.697266437785463,0.03921039740606669,0.3487532385934664,0.47766027410518663
1,hsa-mir-3153,-1.58106317405544,-1.6195199899527255,0.03845681589728556,0.5951898313885262,0.700223331045325
1,hsa-mir-4315-1,-1.6507965719507605,-1.6880870332247673,0.037290461274006814,0.6916446888444004,0.7847023378889197
1,hsa-mir-302b,-1.6634383942730466,-1.7005894561455377,0.037151061872491065,0.3770999358653517,0.49727464070156263
1,hsa-mir-4495,-1.6634383942730466,-1.7005894561455377,0.037151061872491065,0.3770999358653517,0.49727464070156263
1,hsa-mir-664a,6.027855910637018,5.990869743287607,0.0369861673494114,0.9936079280372819,0.9965245021990968
1,hsa-mir-610,-1.6580560403793962,-1.6948158794677792,0.036759839088382984,0.3353471305256791,0.46884933492736675
1,hsa-mir-3183,-1.3261751712360892,-1.3626693126012301,0.03649414136514095,0.48616978878492373,0.6052872071065292
1,hsa-mir-3689f,-1.6407131396903678,-1.6768197793039592,0.036106639613591396,0.6282628120629614,0.7281500645009064
1,hsa-mir-5692c-1,-1.6567024426059969,-1.6919221017946127,0.035219659188615804,0.3341463157667695,0.46884933492736675
1,hsa-mir-1282,-1.6550971060409607,-1.6903027280308804,0.03520562198991972,0.6959766675978494,0.7874583036705335
1,hsa-mir-4513,-1.6425793131718676,-1.6777332246355923,0.03515391146372471,0.5819003481262064,0.6903152418835604
1,hsa-mir-3658,-1.6607329272327993,-1.6954244241693393,0.034691496936539945,0.3475124200839139,0.47766027410518663
1,hsa-mir-4746,3.2112839245791323,3.1766899071917574,0.03459401738737489,0.9212916841842527,0.944909004689133
1,hsa-mir-5192,-1.6294891950493517,-1.6637490786748987,0.034259883625546994,0.5434915789327038,0.6572456303372232
1,hsa-mir-4451,-1.6414914066600303,-1.6756706260115792,0.034179219351548884,0.6055403248730307,0.7086593449376803
1,hsa-mir-5685,-1.6623183535299617,-1.696338809490011,0.03402045596004921,0.3613829535050118,0.4872579148382182
1,hsa-mir-483,6.692946225710267,6.66032774237877,0.03261848333149775,0.7689490503965731,0.8357221318826523
1,hsa-mir-3198-2,-1.0973030344148227,-1.1291310558679728,0.03182802145315011,0.7455559647018997,0.8224626075903391
1,hsa-mir-5693,-1.6580560403793962,-1.6897957529621517,0.03173971258275543,0.32073160687432856,0.45651579080652605
1,hsa-mir-137,-1.616059210528853,-1.6473417523243425,0.031282541795489616,0.5583058852105407,0.6725103240911584
1,hsa-mir-4790,-1.612933864477455,-1.6437827257789475,0.03084886130149256,0.42186091868450826,0.5420947554759744
1,hsa-mir-6770-1,-1.63185164747897,-1.6625412183267088,0.030689570847738823,0.5676914843194681,0.6791401192778913
1,hsa-mir-3914-2,-1.628701247271881,-1.6588697229268237,0.03016847565494274,0.856311613819507,0.8945286158299732
1,hsa-mir-3680-2,-0.9858097927946194,-1.0158960195290705,0.03008622673445105,0.7343077676963532,0.813579628981755
1,hsa-mir-4717,-1.0754284438747985,-1.1054267379736875,0.02999829409888899,0.6460019874576217,0.7431881271636356
1,hsa-mir-6504,-1.654321760284467,-1.6842524204116307,0.02993066012716361,0.28538396719503895,0.4234800322108751
1,hsa-mir-4502,-1.59651105033255,-1.626022045671689,0.029510995339139034,0.5655446397952841,0.6774977312435797
1,hsa-mir-5092,-1.2630976063497819,-1.2923316338988402,0.02923402754905835,0.4622110101731659,0.5833731196360347
1,hsa-mir-208b,-1.6714212854729762,-1.7005894561455377,0.0291681706725615,0.3770999358653517,0.49727464070156263
1,hsa-mir-1257,-1.6387755458769804,-1.667447338519313,0.02867179264233255,0.9432787977384663,0.9605188802036603
1,hsa-mir-596,-1.6463919377428642,-1.6749002364949128,0.028508298752048633,0.5605016396790052,0.673119752039452
1,hsa-mir-3689b,-1.6664584292375446,-1.6941921223751557,0.027733693137611093,0.3475124200839139,0.47766027410518663
1,hsa-mir-6760,-1.6226328413801192,-1.6501729344125395,0.027540093032420332,0.5028841488407203,0.6201575274241293
1,hsa-mir-758,3.2133185681201204,3.185786505076203,0.027532063043917532,0.9467715961282662,0.9621914418428557
1,hsa-mir-6778,-1.3457217906375865,-1.3729117246000415,0.02718993396245506,0.7695117819329425,0.8357221318826523
1,hsa-mir-4431,-1.6607329272327993,-1.6878853795964701,0.02715245236367081,0.33247988231036957,0.4679479168219264
1,hsa-mir-3116-2,-1.633729261014419,-1.6607360787221364,0.0270068177077174,0.460158274543413,0.5821953838505469
1,hsa-mir-890,-1.6709086446303087,-1.6976939939280404,0.026785349297731686,0.3613829535050118,0.4872579148382182
1,hsa-mir-6848,-1.585954188419355,-1.6125637568656306,0.02660956844627549,0.8649631388419285,0.8995616643956057
1,hsa-mir-4643,-1.6722601246871072,-1.6984414175730609,0.026181292885953722,0.3487532385934664,0.47766027410518663
1,hsa-mir-4718,-1.6744306144125376,-1.7005894561455377,0.026158841733000093,0.3770999358653517,0.49727464070156263
1,hsa-mir-4752,-1.6313260339122049,-1.6571335147681567,0.02580748085595186,0.8509530693562526,0.8905540781410258
1,hsa-mir-4418,-1.6654090717089418,-1.6911531739848917,0.02574410227594992,0.3201080116599215,0.4560442905839977
1,hsa-mir-4258,-1.6453823349780967,-1.6706031670736197,0.02522083209552295,0.24156442697988526,0.376840506088621
1,hsa-mir-647,-1.610562904186379,-1.6357254710156492,0.025162566829270316,0.3722453531047079,0.49727464070156263
1,hsa-mir-3960,-1.6567024426059969,-1.6818273345398294,0.025124891933832494,0.2636001723740987,0.40079558372669977
1,hsa-mir-6855,-0.47245228529164723,-0.4973662152234912,0.024913929931843992,0.994608108925637,0.9965245021990968
1,hsa-mir-374c,-1.6628549864436104,-1.6876516469337906,0.024796660490180145,0.28538396719503895,0.4234800322108751
1,hsa-mir-4508,-1.672115240827755,-1.696781038510782,0.024665797683026902,0.3613829535050118,0.4872579148382182
1,hsa-mir-1278,-1.6628549864436104,-1.687427769433511,0.02457278298990051,0.3201080116599215,0.4560442905839977
1,hsa-mir-575,-1.654321760284467,-1.6785206263553345,0.02419886607086741,0.23472609963470337,0.36912572119973514
1,hsa-mir-6073,-1.6317994336361614,-1.6557596096591063,0.023960176022944868,0.44878599689756343,0.5705836635372445
1,hsa-mir-4520-1,-1.6656976028760384,-1.6896143236061478,0.02391672073010942,0.9962322943221342,0.9975111547769765
1,hsa-mir-3189,-1.3693002343845146,-1.3930091872040542,0.023708952819539553,0.8626077968527748,0.8983029089604863
1,hsa-mir-2113,-1.6275362087732863,-1.6512337795112448,0.02369757073795853,0.46751259599905304,0.5881610078697764
1,hsa-mir-8057,-1.6775885499562975,-1.7005894561455377,0.023000906189240222,0.3770999358653517,0.49727464070156263
1,hsa-mir-622,-1.5092278343437462,-1.5320208948353422,0.022793060491596018,0.9354945785034392,0.9538376094544869
1,hsa-mir-3529,-1.6609057692125406,-1.6835624168626544,0.02265664765011377,0.2920870680004462,0.4286508241586981
1,hsa-mir-4487,-1.6307579240914591,-1.6529881576708367,0.02223023357937759,0.8032659037874723,0.8552923538601616
1,hsa-mir-3202-2,-1.4061448279355644,-1.4280449352796718,0.02190010734410741,0.8737911895100764,0.9063259678428983
1,hsa-mir-3680-1,-0.5784969389515208,-0.6000244853981789,0.021527546446658108,0.8285967658248234,0.8745676283401383
1,hsa-mir-7977,-1.614714751909056,-1.635992960540246,0.02127820863119001,0.7080932406740086,0.7958396653108454
1,hsa-mir-4453,-1.0875173319519966,-1.108709454683824,0.021192122731827467,0.8566831743910127,0.8945286158299732
1,hsa-mir-4279,-1.6744306144125376,-1.6954479411989019,0.021017326786364254,0.313333837915006,0.4500612628395018
1,hsa-mir-4315-2,-1.6778609951941423,-1.6988279079594133,0.020966912765270962,0.3613829535050118,0.4872579148382182
1,hsa-mir-8073,-1.6778609951941423,-1.6985873330774832,0.020726337883340884,0.3613829535050118,0.4872579148382182
1,hsa-mir-548am,-1.678604443207256,-1.6981279675573435,0.01952352435008753,0.3613829535050118,0.4872579148382182
1,hsa-mir-4773-1,-1.573685645863884,-1.5928580260299547,0.019172380166070813,0.9397601632209449,0.957560976240806
1,hsa-mir-3943,-1.351162393864225,-1.3701799401124228,0.019017546248197847,0.9482058682663479,0.9623950256964885
1,hsa-mir-3160-2,-1.645486862485058,-1.6644503722562383,0.01896350977118022,0.21407383367676341,0.34463898920098135
1,hsa-mir-3134,-1.681713361503688,-1.7005894561455377,0.018876094641849583,0.3770999358653517,0.49727464070156263
1,hsa-mir-4301,-1.681713361503688,-1.7005894561455377,0.018876094641849583,0.3770999358653517,0.49727464070156263
1,hsa-mir-4759,-1.681713361503688,-1.7005894561455377,0.018876094641849583,0.3770999358653517,0.49727464070156263
1,hsa-mir-6863,-1.6680621019114985,-1.686807418993376,0.018745317081877433,0.2958178485846841,0.4316892832479955
1,hsa-mir-4654,-0.7839392160964551,-0.8026267874467323,0.01868757135027721,0.84103296885968,0.8841858597294884
1,hsa-mir-3161,-0.9016529851868428,-0.9202545031123588,0.01860151792551601,0.8448271809334215,0.8868979826757318
1,hsa-mir-4660,0.28276399788223494,0.2644064750897389,0.018357522792496028,0.8587435598943828,0.8951955721215573
1,hsa-mir-6715b,-1.0376206726675439,-1.055582651050658,0.017961978383114197,0.7993201570764321,0.8534835352766832
1,hsa-mir-6072,-1.6775885499562975,-1.6953367043283494,0.017748154372051905,0.3751618120179459,0.49727464070156263
1,hsa-mir-3921,-1.678227086379078,-1.695936284252968,0.017709197873889915,0.34627441341319193,0.47766027410518663
1,hsa-mir-3151,-1.3836761362126473,-1.4013832915588644,0.01770715534621714,0.5380085401450236,0.6516252504862088
1,hsa-mir-663b,-1.6612089515922834,-1.6787509422057771,0.017541990613493708,0.6015083175221083,0.7049984788388347
1,hsa-mir-7973-2,-1.6778609951941423,-1.6952352153813155,0.01737422018717316,0.3613829535050118,0.4872579148382182
1,hsa-mir-3663,-1.6321787962095085,-1.6494695495819447,0.01729075337243624,0.8164565173128654,0.8652664178043953
1,hsa-mir-3122,-1.6837759773144507,-1.7005894561455377,0.01681347883108697,0.14347480806508447,0.24924231143537284
1,hsa-mir-5580,-1.6005485071132546,-1.6162607728499727,0.015712265736718134,0.2967701695114197,0.4323807786710142
1,hsa-mir-4795,-1.657361609247301,-1.6719199909816365,0.014558381734335546,0.2501195068982386,0.3859410788934245
1,hsa-mir-3182,-1.6276243693398151,-1.6417602641912985,0.014135894851483366,0.9067376530351923,0.932489168730443
1,hsa-mir-1281,-1.6142633011758791,-1.628298413219133,0.014035112043253806,0.33630923447674577,0.46884933492736675
1,hsa-mir-548as,-1.6778609951941423,-1.6914497352763462,0.013588740082203898,0.33001036862625127,0.46631899914578984
1,hsa-mir-4519,-0.9335034703240224,-0.9470698317424038,0.013566361418381412,0.8843440180507802,0.9154456988448687
1,hsa-mir-4436b-1,-1.601728378055482,-1.6143987296210467,0.01267035156556462,0.8371323551030375,0.8817869506824703
1,hsa-mir-4436a,-1.6741515154800952,-1.686752798635177,0.012601283155081688,0.589244245790723,0.6966736355419544
1,hsa-mir-521-2,-1.3441216102506341,-1.3566809062952128,0.012559296044578616,0.7374534264026781,0.81648498593909
1,hsa-mir-548at,-1.6593509917372178,-1.671679079324067,0.012328087586849223,0.6645988522911175,0.7600983941159408
1,hsa-mir-6512,-1.6744306144125376,-1.686654323387392,0.012223708974854475,0.2931619848011047,0.42968071867177
1,hsa-mir-3659,-1.6743744436430381,-1.6862664382774384,0.011891994634400271,0.2920870680004462,0.4286508241586981
1,hsa-mir-6745,-1.6183723534463885,-1.629562719035628,0.011190365589239581,0.2698333940194046,0.40670540547852285
1,hsa-mir-3137,-1.3608676458816111,-1.371990982804529,0.011123336922917781,0.7691982925051741,0.8357221318826523
1,hsa-mir-3689e,-1.680652546708091,-1.6917218604627349,0.011069313754643817,0.33175301507008054,0.46793372830861274
1,hsa-mir-3180-3,-1.6418273921559643,-1.6527420867668965,0.010914694610932196,0.6811529364233692,0.7767533485529649
1,hsa-mir-548ba,-1.6837759773144507,-1.6946434149998963,0.010867437685445624,0.1364934585778638,0.2400561390997379
1,hsa-mir-5189,-1.5914961792407518,-1.600929032874109,0.009432853633357219,0.7986708069816297,0.8534835352766832
1,hsa-mir-4437,-1.654161803402632,-1.6633246928529763,0.00916288945034438,0.22047902504842634,0.3513251063080134
1,hsa-mir-4322,-1.6341524887993801,-1.6431486554298156,0.008996166630435454,0.41496070222626813,0.5354331641629266
1,hsa-mir-4496,-1.6652588871585228,-1.6738448710906642,0.008585983932141383,0.27921641746377984,0.41642219048135426
1,hsa-mir-631,-1.6603675013018906,-1.668433868773952,0.008066367472061353,0.21536913828609947,0.3455981547730037
1,hsa-mir-718,-1.4598624097671686,-1.4675935247824743,0.007731115015305656,0.7711233316927013,0.8357221318826523
1,hsa-mir-3689a,-1.680652546708091,-1.6876762893770354,0.007023742668944344,0.30438942606629427,0.4398617809644577
1,hsa-mir-652,6.873611791176132,6.866995309845505,0.006616481330627089,0.9605978300065795,0.9699240225309153
1,hsa-mir-555,-1.5281659365604847,-1.534653186134094,0.006487249573609244,0.8578020373907502,0.8950977781468697
1,hsa-mir-4755,-0.32673752399737616,-0.33265683980616545,0.005919315808789294,0.863176961879339,0.8983029089604863
1,hsa-mir-4727,-1.2673334226606854,-1.2731314294594422,0.005798006798756861,0.8194773649243601,0.8672894771248316
1,hsa-mir-4313,-1.6768913546648363,-1.6824791680195523,0.005587813354716031,0.2899451869727916,0.42671178460146686
1,hsa-mir-4663,-1.664828298345215,-1.6703576795703086,0.00552938122509361,0.4697974588179568,0.590393042099504
1,hsa-mir-4779,-1.567937971846099,-1.5731035828272373,0.005165610981138213,0.3195749360013038,0.4560442905839977
1,hsa-mir-3679,-0.2612940002989337,-0.2661331136918523,0.0048391133929185925,0.9234255917261821,0.9458594373557743
1,hsa-mir-4666b,-1.6778609951941423,-1.6820496537553618,0.004188658561219416,0.2899451869727916,0.42671178460146686
1,hsa-mir-7152,-0.5849807941244134,-0.5888978450375698,0.003917050913156417,0.7560874592611941,0.8277167975069916
1,hsa-mir-4756,-1.680652546708091,-1.6841919723349692,0.0035394256268781454,0.2899451869727916,0.42671178460146686
1,hsa-mir-7849,-1.6722601246871072,-1.6749723128885414,0.0027121882014342624,0.25679831638753847,0.39236569399075416
1,hsa-mir-6764,0.03907880058052714,0.03643163519551709,0.0026471653850100446,0.849095140217355,0.8901803889375496
1,hsa-mir-124-1,-1.6275342719334247,-1.6299360557270195,0.0024017837935947917,0.3626145689901222,0.4876540755384402
1,hsa-mir-4458,-1.6485620232063951,-1.649733483055363,0.0011714598489678263,0.4093268297212151,0.5294774911816713
1,hsa-mir-6867,-1.6215970677244995,-1.6225509293397562,9.538616152566792e-4,0.9475815679462051,0.9623875299453645
1,hsa-mir-922,-1.6337478903480138,-1.6344611750577602,7.13284709746409e-4,0.3620933483440282,0.4873732730083555
1,hsa-mir-6876,-1.6485955928778442,-1.6492935765481855,6.979836703413511e-4,0.17363247750391575,0.2921970495211527
1,hsa-mir-3184,-1.6744306144125376,-1.675047788171587,6.171737590494608e-4,0.23945741728733777,0.37466181014754196
1,hsa-mir-7844,-1.4279804967435126,-1.4285876808171396,6.071840736270318e-4,0.8411878469717881,0.8841858597294884
1,hsa-mir-3133,-1.6654090717089418,-1.6658411991281479,4.321274192060631e-4,0.20970863110572452,0.3396494556270246
1,hsa-mir-4731,-1.5413406325243495,-1.5416114893552737,2.708568309242043e-4,0.8829516127151886,0.9146112322946177
1,hsa-mir-7106,-1.4001865072254152,-1.4001801020757225,-6.405149692634282e-6,0.7678588002252126,0.8357221318826523
1,hsa-mir-6864,-1.6835713213587538,-1.683514372512993,-5.694884576068482e-5,0.26724929432004824,0.4039814914140264
1,hsa-mir-329-2,-0.28634489113772,-0.2857196409358087,-6.252502019112871e-4,0.8082370397018543,0.8588894972308533
1,hsa-mir-4278,-1.7005894561455484,-1.699672064642172,-9.173915033764413e-4,0.12217905852746358,0.22009160658526924
1,hsa-mir-1184-3,-1.7005894561455484,-1.699473833327847,-0.0011156228177013894,0.12217905852746358,0.22009160658526924
1,hsa-mir-4527,-1.7005894561455484,-1.699473833327847,-0.0011156228177013894,0.12217905852746358,0.22009160658526924
1,hsa-mir-3978,-1.7005894561455484,-1.6990270319956977,-0.0015624241498506386,0.12761632227287315,0.22674426280829396
1,hsa-mir-5591,-1.7005894561455484,-1.698994678076127,-0.001594778069421432,0.12217905852746358,0.22009160658526924
1,hsa-mir-8079,-1.7005894561455484,-1.6989750456410406,-0.001614410504507724,0.12761632227287315,0.22674426280829396
1,hsa-mir-4698,-1.7005894561455484,-1.6989629677894267,-0.0016264883561216692,0.12217905852746358,0.22009160658526924
1,hsa-mir-3714,-1.7005894561455484,-1.6989533968424069,-0.0016360593031414794,0.12217905852746358,0.22009160658526924
1,hsa-mir-586,-1.7005894561455484,-1.6989484942921504,-0.0016409618533979042,0.12217905852746358,0.22009160658526924
1,hsa-mir-4314,-1.7005894561455484,-1.6988857661166648,-0.0017036900288835977,0.12217905852746358,0.22009160658526924
1,hsa-mir-1206,-1.7005894561455484,-1.698881365830542,-0.0017080903150064053,0.12761632227287315,0.22674426280829396
1,hsa-mir-587,-1.7005894561455484,-1.698831777354403,-0.0017576787911453007,0.12217905852746358,0.22009160658526924
1,hsa-mir-1184-1,-1.7005894561455484,-1.6988053348806091,-0.001784121264939209,0.12217905852746358,0.22009160658526924
1,hsa-mir-4514,-1.7005894561455484,-1.6987976344588431,-0.0017918216867052195,0.12217905852746358,0.22009160658526924
1,hsa-mir-4327,-1.7005894561455484,-1.6987427989932773,-0.0018466571522710584,0.12217905852746358,0.22009160658526924
1,hsa-mir-154,1.5502210882313372,1.5521090325527378,-0.001887944321400603,0.8193831239457218,0.8672894771248316
1,hsa-mir-4780,-1.5319531713234495,-1.5300541301644113,-0.0018990411590382728,0.1340392527406947,0.2362725811022415
1,hsa-mir-5191,-1.7005894561455484,-1.698682973923618,-0.00190648222193035,0.12217905852746358,0.22009160658526924
1,hsa-mir-1268a,-1.7005894561455484,-1.698665915246841,-0.0019235408987072766,0.12217905852746358,0.22009160658526924
1,hsa-mir-548i-2,-1.7005894561455484,-1.6986133728609778,-0.001976083284570551,0.12217905852746358,0.22009160658526924
1,hsa-mir-557,-1.7005894561455484,-1.698590131069657,-0.0019993250758914005,0.12217905852746358,0.22009160658526924
1,hsa-mir-3686,-1.7005894561455484,-1.6985822505252104,-0.0020072056203379596,0.12217905852746358,0.22009160658526924
1,hsa-mir-4650-1,-1.7005894561455484,-1.6985696035896756,-0.002019852555872781,0.12217905852746358,0.22009160658526924
1,hsa-mir-1302-3,-1.7005894561455484,-1.6985428817895816,-0.0020465743559667793,0.12217905852746358,0.22009160658526924
1,hsa-mir-3919,-1.7005894561455484,-1.6985428817895816,-0.0020465743559667793,0.12217905852746358,0.22009160658526924
1,hsa-mir-1297,-1.7005894561455484,-1.6985403423000602,-0.0020491138454881153,0.12761632227287315,0.22674426280829396
1,hsa-mir-4463,-1.7005894561455484,-1.6984643135087945,-0.002125142636753896,0.12217905852746358,0.22009160658526924
1,hsa-mir-650,-1.678227086379078,-1.676056015580279,-0.0021710707987989686,0.2643520066041397,0.401156741539356
1,hsa-mir-4534,-1.7005894561455484,-1.698415057003152,-0.002174399142396366,0.11672161636314259,0.22009160658526924
1,hsa-mir-645,-1.7005894561455484,-1.6983665070518654,-0.0022229490936829244,0.12217905852746358,0.22009160658526924
1,hsa-mir-921,-1.7005894561455484,-1.6983665070518654,-0.0022229490936829244,0.12217905852746358,0.22009160658526924
1,hsa-mir-4292,-1.7005894561455484,-1.6983546104606635,-0.0022348456848848564,0.12217905852746358,0.22009160658526924
1,hsa-mir-4263,-1.7005894561455484,-1.6983238961077927,-0.0022655600377556873,0.12217905852746358,0.22009160658526924
1,hsa-mir-5583-1,-1.7005894561455484,-1.6982732934831721,-0.00231616266237622,0.12217905852746358,0.22009160658526924
1,hsa-mir-4300,-1.7005894561455484,-1.6982569854832696,-0.0023324706622787073,0.12217905852746358,0.22009160658526924
1,hsa-mir-4252,-1.7005894561455484,-1.6981750255324792,-0.0024144306130691184,0.12217905852746358,0.22009160658526924
1,hsa-mir-7515,-1.7005894561455484,-1.6981592387356124,-0.0024302174099359863,0.12217905852746358,0.22009160658526924
1,hsa-mir-4277,-1.7005894561455484,-1.6981019782362408,-0.0024874779093075894,0.12217905852746358,0.22009160658526924
1,hsa-mir-5186,-1.7005894561455484,-1.6980786598375912,-0.0025107963079571416,0.12217905852746358,0.22009160658526924
1,hsa-mir-4289,-1.7005894561455484,-1.698065376865819,-0.0025240792797294187,0.12217905852746358,0.22009160658526924
1,hsa-mir-6828,-1.7005894561455484,-1.6980325753097107,-0.002556880835837605,0.12217905852746358,0.22009160658526924
1,hsa-mir-3649,-1.7005894561455484,-1.6980290807992973,-0.002560375346251087,0.12761632227287315,0.22674426280829396
1,hsa-mir-553,-1.7005894561455484,-1.6980208562915824,-0.0025685998539659582,0.12217905852746358,0.22009160658526924
1,hsa-mir-3674,-1.7005894561455484,-1.6979773799037643,-0.002612076241784056,0.12217905852746358,0.22009160658526924
1,hsa-mir-4317,-1.7005894561455484,-1.697944141973327,-0.002645314172221358,0.12217905852746358,0.22009160658526924
1,hsa-mir-1204,-1.7005894561455484,-1.6979202691529458,-0.0026691869926025458,0.12217905852746358,0.22009160658526924
1,hsa-mir-4308,-1.7005894561455484,-1.6979186850607302,-0.0026707710848181687,0.12217905852746358,0.22009160658526924
1,hsa-mir-1253,-1.7005894561455484,-1.6978692876710606,-0.0027201684744877497,0.12217905852746358,0.22009160658526924
1,hsa-mir-4540,-1.7005894561455484,-1.6978172476459341,-0.002772208499614237,0.12217905852746358,0.22009160658526924
1,hsa-mir-5692c-2,-1.7005894561455484,-1.6978033485851363,-0.0027861075604120877,0.12217905852746358,0.22009160658526924
1,hsa-mir-1182,-1.7005894561455484,-1.697733324154023,-0.002856131991525457,0.12217905852746358,0.22009160658526924
1,hsa-mir-554,-1.7005894561455484,-1.697722098882284,-0.0028673572632642585,0.11672161636314259,0.22009160658526924
1,hsa-mir-5195,-1.7005894561455484,-1.697605846474526,-0.0029836096710222915,0.11672161636314259,0.22009160658526924
1,hsa-mir-4524b,-1.7005894561455484,-1.697595021499479,-0.0029944346460692994,0.12217905852746358,0.22009160658526924
1,hsa-mir-920,-1.7005894561455484,-1.6975635603837058,-0.003025895761842534,0.12217905852746358,0.22009160658526924
1,hsa-mir-548ak,-1.7005894561455484,-1.6974227251489022,-0.0031667309966461055,0.12217905852746358,0.22009160658526924
1,hsa-mir-3646,-1.680652546708091,-1.6774783699979487,-0.003174176710142307,0.26724929432004824,0.4039814914140264
1,hsa-mir-1268b,-1.7005894561455484,-1.6973713476713093,-0.0032181084742390897,0.12217905852746358,0.22009160658526924
1,hsa-mir-1322,-1.6855105285801915,-1.6822807799131856,-0.0032297486670058717,0.29150761243889306,0.42860685712033286
1,hsa-mir-558,-1.7005894561455484,-1.6973349883342665,-0.0032544678112818026,0.11672161636314259,0.22009160658526924
1,hsa-mir-936,-1.7005894561455484,-1.6973235895411742,-0.0032658666043741125,0.12761632227287315,0.22674426280829396
1,hsa-mir-4438,-1.7005894561455484,-1.6972840056163272,-0.0033054505292211545,0.11672161636314259,0.22009160658526924
1,hsa-mir-4420,-1.6575609648119403,-1.6542465215621902,-0.0033144432497500542,0.18257396597080153,0.3046153870742785
1,hsa-mir-4471,-1.7005894561455484,-1.6971921244602703,-0.0033973316852780044,0.11672161636314259,0.22009160658526924
1,hsa-mir-8086,-1.7005894561455484,-1.6971412084056976,-0.0034482477398507516,0.12217905852746358,0.22009160658526924
1,hsa-mir-7973-1,-1.7005894561455484,-1.697041865096056,-0.0035475910494924268,0.11092308279617408,0.22009160658526924
1,hsa-mir-711,-1.7005894561455484,-1.6970299081059887,-0.0035595480395596013,0.12217905852746358,0.22009160658526924
1,hsa-mir-3119-2,-1.7005894561455484,-1.6969326977780939,-0.0036567583674544935,0.12217905852746358,0.22009160658526924
1,hsa-mir-3606,-1.7005894561455484,-1.6968826683964082,-0.003706787749140128,0.12217905852746358,0.22009160658526924
1,hsa-mir-8052,-1.7005894561455484,-1.6968623346174438,-0.0037271215281045045,0.12217905852746358,0.22009160658526924
1,hsa-mir-626,-1.7005894561455484,-1.6968576689204309,-0.0037317872251174666,0.12217905852746358,0.22009160658526924
1,hsa-mir-548c,-1.7005894561455484,-1.6968128227616701,-0.0037766333838782362,0.11672161636314259,0.22009160658526924
1,hsa-mir-4260,-1.7005894561455484,-1.6968037771272322,-0.003785679018316168,0.12761632227287315,0.22674426280829396
1,hsa-mir-6070,-1.7005894561455484,-1.6967629235567416,-0.003826532588806719,0.12217905852746358,0.22009160658526924
1,hsa-mir-3671,-1.7005894561455484,-1.6967417078966531,-0.003847748248895222,0.11672161636314259,0.22009160658526924
1,hsa-mir-4259,-1.7005894561455484,-1.6966916590278158,-0.0038977971177325266,0.11672161636314259,0.22009160658526924
1,hsa-mir-4650-2,-1.7005894561455484,-1.6966852270464137,-0.0039042290991346817,0.11672161636314259,0.22009160658526924
1,hsa-mir-663a,-1.6855105285801915,-1.681493558568198,-0.004016970011993415,0.2899451869727916,0.42671178460146686
1,hsa-mir-4635,-1.7005894561455484,-1.6965168291143622,-0.00407262703118616,0.11672161636314259,0.22009160658526924
1,hsa-mir-4268,-1.7005894561455484,-1.6964976248726649,-0.004091831272883484,0.12217905852746358,0.22009160658526924
1,hsa-mir-9500,-1.7005894561455484,-1.6963800898042518,-0.004209366341296539,0.12217905852746358,0.22009160658526924
1,hsa-mir-4704,-1.7005894561455484,-1.6963256687574455,-0.0042637873881028465,0.12191934736405419,0.22009160658526924
1,hsa-mir-2052,-1.7005894561455484,-1.6963132070733795,-0.004276249072168836,0.12761632227287315,0.22674426280829396
1,hsa-mir-6071,-1.7005894561455484,-1.696294161121192,-0.004295295024356438,0.12761632227287315,0.22674426280829396
1,hsa-mir-595,-1.7005894561455484,-1.696222737614962,-0.004366718530586455,0.12217905852746358,0.22009160658526924
1,hsa-mir-384,-1.7005894561455484,-1.6962184928862403,-0.0043709632593080805,0.12217905852746358,0.22009160658526924
1,hsa-mir-5692a-1,-1.7005894561455484,-1.696191539472525,-0.00439791667302325,0.12217905852746358,0.22009160658526924
1,hsa-mir-571,-1.7005894561455484,-1.6960789638718787,-0.00451049227366962,0.11672161636314259,0.22009160658526924
1,hsa-mir-8059,-1.7005894561455484,-1.6959463025044041,-0.004643153641144204,0.12191934736405419,0.22009160658526924
1,hsa-mir-5692a-2,-1.7005894561455484,-1.6957380966405313,-0.004851359505017028,0.11672161636314259,0.22009160658526924
1,hsa-mir-1205,-1.7005894561455484,-1.6956732209650056,-0.0049162351805427384,0.11672161636314259,0.22009160658526924
1,hsa-mir-4711,-1.7005894561455484,-1.695527621794589,-0.0050618343509594155,0.12191934736405419,0.22009160658526924
1,hsa-mir-3141,-1.6607329272327993,-1.6553531110381143,-0.005379816194684972,0.2093402463598652,0.3394706697727544
1,hsa-mir-1203,-1.7005894561455484,-1.695182702967783,-0.005406753177765289,0.10141121078051905,0.22009160658526924
1,hsa-mir-5705,-1.7005894561455484,-1.6951762194182842,-0.005413236727264126,0.11672161636314259,0.22009160658526924
1,hsa-mir-5095,-1.7005894561455484,-1.6951660855354262,-0.005423370610122102,0.12217905852746358,0.22009160658526924
1,hsa-mir-8083,-1.7005894561455484,-1.6951161977046667,-0.005473258440881645,0.11672161636314259,0.22009160658526924
1,hsa-mir-4441,-1.7005894561455484,-1.6949042136638826,-0.005685242481665798,0.11672161636314259,0.22009160658526924
1,hsa-mir-4320,-1.7005894561455484,-1.694852533721548,-0.005736922424000257,0.11672161636314259,0.22009160658526924
1,hsa-mir-3156-3,-1.7005894561455484,-1.6947358021690082,-0.005853653976540141,0.11647327110072019,0.22009160658526924
1,hsa-mir-147a,-1.7005894561455484,-1.6947138115823868,-0.005875644563161586,0.12217905852746358,0.22009160658526924
1,hsa-mir-644a,-1.7005894561455484,-1.6945468227594698,-0.0060426333860785775,0.11672161636314259,0.22009160658526924
1,hsa-mir-4510,-1.7005894561455484,-1.6945060501563805,-0.0060834059891679,0.11150415772113485,0.22009160658526924
1,hsa-mir-6090,-1.7005894561455484,-1.6944067131552547,-0.006182742990293644,0.11672161636314259,0.22009160658526924
1,hsa-mir-6077,-1.7005894561455484,-1.6943441688209337,-0.006245287324614601,0.11672161636314259,0.22009160658526924
1,hsa-mir-5011,-1.7005894561455484,-1.694327213244401,-0.006262242901147408,0.11672161636314259,0.22009160658526924
1,hsa-mir-640,-1.7005894561455484,-1.694268526943233,-0.006320929202315417,0.11150415772113485,0.22009160658526924
1,hsa-mir-5681b,-1.7005894561455484,-1.6941763871710973,-0.006413068974451042,0.11672161636314259,0.22009160658526924
1,hsa-mir-378j,-1.7005894561455484,-1.6941680854306378,-0.006421370714910557,0.11647327110072019,0.22009160658526924
1,hsa-mir-3185,-1.7005894561455484,-1.6940145777068827,-0.006574878438665666,0.11126668531892991,0.22009160658526924
1,hsa-mir-1184-2,-1.7005894561455484,-1.6939073153819533,-0.006682140763595079,0.11647327110072019,0.22009160658526924
1,hsa-mir-606,-1.7005894561455484,-1.6939070766367392,-0.006682379508809122,0.11126668531892991,0.22009160658526924
1,hsa-mir-4686,-1.6835713213587538,-1.6768562561073386,-0.0067150652514151865,0.25583666018484275,0.39166358183351785
1,hsa-mir-6859-4,-1.7005894561455484,-1.693763887134137,-0.006825569011411403,0.11672161636314259,0.22009160658526924
1,hsa-mir-6129,-1.7005894561455484,-1.6936637958922192,-0.006925660253329191,0.10617770015346055,0.22009160658526924
1,hsa-mir-3915,-1.7005894561455484,-1.6936245528491312,-0.006964903296417191,0.11150415772113485,0.22009160658526924
1,hsa-mir-3128,-1.7005894561455484,-1.6933677436041512,-0.007221712541397141,0.11150415772113485,0.22009160658526924
1,hsa-mir-2682,-1.6739548029564983,-1.666718554013133,-0.0072362489433652755,0.25539738221012703,0.39166358183351785
1,hsa-mir-4285,-1.7005894561455484,-1.6931027915444476,-0.007486664601100701,0.11672161636314259,0.22009160658526924
1,hsa-mir-4681,-1.7005894561455484,-1.693094079172622,-0.00749537697292646,0.10628876032976478,0.22009160658526924
1,hsa-mir-3167,-1.7005894561455484,-1.6930634919866259,-0.007525964158922482,0.11150415772113485,0.22009160658526924
1,hsa-mir-7975,-1.7005894561455484,-1.6930135478719872,-0.007575908273561138,0.11672161636314259,0.22009160658526924
1,hsa-mir-7150,-1.7005894561455484,-1.692928151612263,-0.007661304533285396,0.11672161636314259,0.22009160658526924
1,hsa-mir-518d,-1.7005894561455484,-1.6925490614983945,-0.008040394647153892,0.1162239547079908,0.22009160658526924
1,hsa-mir-1469,-1.7005894561455484,-1.692527423847541,-0.008062032298007393,0.11150415772113485,0.22009160658526924
1,hsa-mir-4493,-1.7005894561455484,-1.69251945020529,-0.008070005940258307,0.11150415772113485,0.22009160658526924
1,hsa-mir-4312,-1.7005894561455484,-1.6924825784769189,-0.008106877668629497,0.11647327110072019,0.22009160658526924
1,hsa-mir-8076,-1.7005894561455484,-1.6923570174886595,-0.00823243865688883,0.12191934736405419,0.22009160658526924
1,hsa-mir-6089-1,-1.7005894561455484,-1.692336176560534,-0.008253279585014317,0.106515830618624,0.22009160658526924
1,hsa-mir-3935,-1.7005894561455484,-1.6923009071904898,-0.008288548955058594,0.11672161636314259,0.22009160658526924
1,hsa-mir-527,-1.2483995806579444,-1.2400276877100196,-0.008371892947924842,0.5517348634980629,0.6656661926194727
1,hsa-mir-1470,-1.7005894561455484,-1.6919463360448406,-0.00864312010070778,0.11672161636314259,0.22009160658526924
1,hsa-mir-8075,-1.7005894561455484,-1.6914218357720976,-0.009167620373450758,0.106515830618624,0.22009160658526924
1,hsa-mir-563,-1.7005894561455484,-1.6914092648725347,-0.009180191273013616,0.11672161636314259,0.22009160658526924
1,hsa-mir-4656,-1.6603675013018906,-1.6511119968431016,-0.009255504458788977,0.17113781302465877,0.2883099225901379
1,hsa-mir-544a,-1.678227086379078,-1.6689597638351288,-0.009267322543949241,0.2638958429335444,0.40085444496234596
1,hsa-mir-4321,-1.7005894561455484,-1.6913163626358172,-0.009273093509731156,0.11150415772113485,0.22009160658526924
1,hsa-mir-4485,-1.7005894561455484,-1.6912407429511764,-0.009348713194371916,0.11150415772113485,0.22009160658526924
1,hsa-mir-4281,-1.7005894561455484,-1.6910739787966487,-0.009515477348899681,0.11150415772113485,0.22009160658526924
1,hsa-mir-3927,-1.7005894561455484,-1.6910084341072318,-0.009581022038316567,0.106515830618624,0.22009160658526924
1,hsa-mir-511,1.949190971170898,1.95902401684764,-0.009833045676742147,0.9829551108875032,0.989935424780184
1,hsa-mir-4682,-1.6567024426059969,-1.646629403806398,-0.010073038799598866,0.20068342572197684,0.3288509917292898
1,hsa-mir-4671,-1.7005894561455484,-1.6904689388942693,-0.010120517251279049,0.106515830618624,0.22009160658526924
1,hsa-mir-378h,-1.7005894561455484,-1.690207577306244,-0.010381878839304415,0.10141121078051905,0.22009160658526924
1,hsa-mir-591,-1.7005894561455484,-1.6901330539733677,-0.01045640217218069,0.11126668531892991,0.22009160658526924
1,hsa-mir-648,-1.7005894561455484,-1.6900912667224206,-0.010498189423127746,0.11102827558820222,0.22009160658526924
1,hsa-mir-3621,-1.7005894561455484,-1.69004496197399,-0.01054449417155845,0.106515830618624,0.22009160658526924
1,hsa-mir-4452,-1.7005894561455484,-1.6899345082798796,-0.010654947865668785,0.10174632709028554,0.22009160658526924
1,hsa-mir-4764,-1.6856345123134957,-1.6749199645599313,-0.010714547753564396,0.443939127013995,0.5658047697237191
1,hsa-mir-5681a,-1.7005894561455484,-1.689771613650732,-0.010817842494816432,0.106515830618624,0.22009160658526924
1,hsa-mir-4468,-1.7005894561455484,-1.6897708390399528,-0.010818617105595507,0.11150415772113485,0.22009160658526924
1,hsa-mir-593,-1.7005894561455484,-1.6894056977181662,-0.011183758427382173,0.11150415772113485,0.22009160658526924
1,hsa-mir-623,-1.7005894561455484,-1.6893789740970895,-0.01121048204845887,0.10628876032976478,0.22009160658526924
1,hsa-mir-4497,-1.6775885499562975,-1.6663048137724252,-0.01128373618387224,0.24353319037848964,0.3780216686472078
1,hsa-mir-4489,-1.2935863871270614,-1.2819645713740826,-0.011621815752978826,0.987817333536495,0.9931649220559694
1,hsa-mir-4538,-1.7005894561455484,-1.688896740633553,-0.011692715511995244,0.10174632709028554,0.22009160658526924
1,hsa-mir-2861,-1.6835713213587538,-1.6718404416356614,-0.011730879723092391,0.25304615422774407,0.3889182271874687
1,hsa-mir-637,-1.7005894561455484,-1.6888456997127006,-0.011743756432847752,0.11126668531892991,0.22009160658526924
1,hsa-mir-550b-2,-1.7005894561455484,-1.6887601570860749,-0.011829299059473497,0.09250044193664736,0.21460193530896046
1,hsa-mir-8089,-1.7005894561455484,-1.688560253277917,-0.012029202867631428,0.1162239547079908,0.22009160658526924
1,hsa-mir-487b,1.7897263924462334,1.80215909928078,-0.01243270683454667,0.7269592705478126,0.808052301493568
1,hsa-mir-3156-2,-1.7005894561455484,-1.687894696304937,-0.012694759840611303,0.1060607855905597,0.22009160658526924
1,hsa-mir-422a,-1.7005894561455484,-1.6878499631021373,-0.012739493043411043,0.10174632709028554,0.22009160658526924
1,hsa-mir-8066,-1.7005894561455484,-1.6877998060664894,-0.012789650079058967,0.10174632709028554,0.22009160658526924
1,hsa-mir-3156-1,-1.7005894561455484,-1.687770763020078,-0.012818693125470348,0.10152920932498767,0.22009160658526924
1,hsa-mir-5702,-1.7005894561455484,-1.687751970517187,-0.01283748562836129,0.11150415772113485,0.22009160658526924
1,hsa-mir-4440,-1.7005894561455484,-1.687726146709159,-0.012863309436389248,0.11150415772113485,0.22009160658526924
1,hsa-mir-6767,-1.1445551986651088,-1.1316808009880632,-0.012874397677045568,0.8136047668540854,0.863417303600254
1,hsa-mir-638,-1.6634100725296586,-1.6498581174726417,-0.013551955057016896,0.1919573009739302,0.31721757364335923
1,hsa-mir-1263,-1.7005894561455484,-1.6867065504561611,-0.013882905689387215,0.10628876032976478,0.22009160658526924
1,hsa-mir-6081,-1.6664584292375446,-1.6525106659729618,-0.013947763264582802,0.20613338080081342,0.3349667438013218
1,hsa-mir-5572,-1.7005894561455484,-1.686311013139297,-0.014278443006251251,0.10628876032976478,0.22009160658526924
1,hsa-mir-1265,-1.7005894561455484,-1.6857858365837344,-0.014803619561813974,0.11126668531892991,0.22009160658526924
1,hsa-mir-4459,-1.7005894561455484,-1.6856656662023672,-0.01492378994318111,0.11126668531892991,0.22009160658526924
1,hsa-mir-4445,-1.7005894561455484,-1.6854853432334458,-0.015104112912102563,0.11672161636314259,0.22009160658526924
1,hsa-mir-4740,-1.5447559716806294,-1.5296263331988387,-0.01512963848179072,0.6439106338529657,0.7418763580580697
1,hsa-mir-6080,-1.6445339778877988,-1.6293839106900088,-0.015150067197789996,0.3143201041601576,0.4502657139484351
1,hsa-mir-4729,-1.7005894561455484,-1.685418536014054,-0.015170920131494459,0.09718585027175154,0.22008503107801727
1,hsa-mir-4765,-1.7005894561455484,-1.6852932412958792,-0.015296214849669143,0.09262660185199012,0.21460193530896046
1,hsa-mir-4708,-1.6529831743461418,-1.6376753297930735,-0.015307844553068328,0.3739291265153778,0.49727464070156263
1,hsa-mir-6862-2,-1.227219166623084,-1.211856222074725,-0.015362944548358959,0.8323496740464559,0.8779347474729353
1,hsa-mir-6506,-1.613866462948407,-1.598461363165117,-0.015405099783289966,0.6998294490261163,0.7905386969447802
1,hsa-mir-3131,-1.2797477426311705,-1.264174227716657,-0.015573514914513531,0.5082771727751059,0.624340464196193
1,hsa-mir-1289-2,-1.7005894561455484,-1.6849690333877883,-0.0156204227577601,0.08814481071142943,0.20871918555685895
1,hsa-mir-378g,-1.6513735374537875,-1.6356838357468808,-0.015689701706906645,0.3693633683996762,0.4953948082767105
1,hsa-mir-6874,-0.30390267072903654,-0.2881678645030916,-0.01573480622594492,0.791705149819654,0.849422306546534
1,hsa-mir-4537,-1.7005894561455484,-1.6847651414821205,-0.01582431466342782,0.09282508397822459,0.21460193530896046
1,hsa-mir-4448,-1.7005894561455484,-1.6843402080658707,-0.016249248079677647,0.09282508397822459,0.21460193530896046
1,hsa-mir-762,-1.7005894561455484,-1.6842471266370986,-0.016342329508449716,0.1060607855905597,0.22009160658526924
1,hsa-mir-1245b,-1.7005894561455484,-1.6842239243662223,-0.016365531779326092,0.08865516454762529,0.20871918555685895
1,hsa-mir-642b,-1.5908156468785606,-1.5740592199903651,-0.016756426888195453,0.30170488710324217,0.4370476472375139
1,hsa-mir-6831,-1.5765246685433953,-1.5596423952353862,-0.016882273308009177,0.5446223062253605,0.6581028642227439
1,hsa-mir-526a-2,-1.7005894561455484,-1.6831051715312046,-0.017484284614343704,0.09676981934837284,0.22008503107801727
1,hsa-mir-4310,-1.6856345123134957,-1.6681189836157884,-0.01751552869770734,0.443939127013995,0.5658047697237191
1,hsa-mir-5587,-1.620784026751255,-1.603154374596253,-0.017629652155001896,0.23455470352634342,0.36912572119973514
1,hsa-mir-1267,-1.7005894561455484,-1.6823929504074264,-0.018196505738121926,0.09697825553090438,0.22008503107801727
1,hsa-mir-378e,-1.6856345123134957,-1.66732533147448,-0.01830918083901567,0.42440403065350296,0.5444656972199545
1,hsa-mir-4672,-1.635297713253445,-1.6168496952194082,-0.01844801803403673,0.41789140115413037,0.5378800212874946
1,hsa-mir-4721,-1.6521157056469657,-1.6334415817779404,-0.01867412386902534,0.3361671564013339,0.46884933492736675
1,hsa-mir-1244-2,-1.7005894561455484,-1.6818209901177261,-0.018768466027822228,0.0924273084317075,0.21460193530896046
1,hsa-mir-6722,-1.7005894561455484,-1.68174740585334,-0.018842050292208423,0.10152920932498767,0.22009160658526924
1,hsa-mir-4532,-1.6775885499562975,-1.6583631507028602,-0.019225399253437248,0.1992427820595666,0.3276549335136452
1,hsa-mir-7843,-1.678604443207256,-1.6593600527426946,-0.01924439046456139,0.2041125496918711,0.3327226515353385
1,hsa-mir-630,-1.7005894561455484,-1.6808368573323684,-0.019752598813179922,0.10152920932498767,0.22009160658526924
1,hsa-mir-6856,-1.4768082767932271,-1.456598150657511,-0.020210126135716155,0.5425056148563895,0.6565622646826746
1,hsa-mir-5190,-1.6856345123134957,-1.6651672173904801,-0.020467294923015578,0.4621644252228611,0.5833731196360347
1,hsa-mir-6811,-1.57678823721992,-1.5561908784466216,-0.02059735877329838,0.5798620721726082,0.6899960584204948
1,hsa-mir-7855,-1.7005894561455484,-1.6795015061856267,-0.021087949959921692,0.09697825553090438,0.22008503107801727
1,hsa-mir-602,-1.637034825752087,-1.6151163584733463,-0.021918467278740694,0.25122841621632697,0.38716679209620247
1,hsa-mir-5589,-1.678227086379078,-1.6561754896872263,-0.02205159669185175,0.25583666018484275,0.39166358183351785
1,hsa-mir-7107,-1.7005894561455484,-1.6778628186435836,-0.022726637501964797,0.09656057144755793,0.22008503107801727
1,hsa-mir-1273c,-1.7005894561455484,-1.6776811020844642,-0.022908354061084157,0.08846540277416062,0.20871918555685895
1,hsa-mir-4479,-0.08726358334705174,-0.06383452573440561,-0.02342905761264613,0.8043037712261905,0.8552923538601616
1,hsa-mir-2681,-1.6628549864436104,-1.6390243917593255,-0.023830594684284945,0.1655631306228751,0.27982500950345085
1,hsa-mir-933,-1.4024203621896736,-1.3785186945743095,-0.023901667615364053,0.38380648196145767,0.5035644338602808
1,hsa-mir-4476,-1.7005894561455484,-1.6756927771831098,-0.024896678962438523,0.08865516454762529,0.20871918555685895
1,hsa-mir-6857,-1.5031669390620621,-1.4778671086346307,-0.025299830427431447,0.47004369120998973,0.590393042099504
1,hsa-mir-4494,-1.6233690450913276,-1.597957433582871,-0.02541161150845661,0.5025660679017971,0.6201575274241293
1,hsa-mir-550b-1,-1.7005894561455484,-1.6751430130476561,-0.025446443097892235,0.08068108988897041,0.19794301516707347
1,hsa-mir-621,-1.7005894561455484,-1.6751029491082658,-0.025486507037282502,0.08085451952687496,0.19794301516707347
1,hsa-mir-7160,-1.7005894561455484,-1.6747167878714866,-0.02587266827406176,0.09262660185199012,0.21460193530896046
1,hsa-mir-4429,-1.6423716096025136,-1.6164601970860932,-0.025911412516420373,0.083418774848919,0.20238458594761063
1,hsa-mir-1244-1,-1.7005894561455484,-1.6745262450733147,-0.02606321107223364,0.07372111021072235,0.18579148938404988
1,hsa-mir-764,-1.7005894561455484,-1.6745011428373249,-0.026088313308223476,0.09718585027175154,0.22008503107801727
1,hsa-mir-3180-5,-1.6855105285801915,-1.6586654225857351,-0.02684510599445633,0.2041125496918711,0.3327226515353385
1,hsa-mir-6796,-1.0787296958979626,-1.0517014817584889,-0.02702821413947376,0.502779605852234,0.6201575274241293
1,hsa-mir-526a-1,-1.7005894561455484,-1.6730544992197192,-0.02753495692582919,0.08827485896432968,0.20871918555685895
1,hsa-mir-4296,-1.7005894561455484,-1.6728981334404327,-0.02769132270511565,0.08085451952687496,0.19794301516707347
1,hsa-mir-7161,-1.6648998826725905,-1.637149664898348,-0.02775021777424258,0.18298394655135475,0.30470000286511884
1,hsa-mir-4644,-1.5933866439204523,-1.5652631604129,-0.028123483507552338,0.29684603458760017,0.4323807786710142
1,hsa-mir-3665,-1.7005894561455484,-1.6720150965310092,-0.028574359614539135,0.09262660185199012,0.21460193530896046
1,hsa-mir-4284,-1.6743744436430381,-1.6457024042454824,-0.028672039397555693,0.14781765570512273,0.2550060430154908
1,hsa-mir-3180-1,-1.6856345123134957,-1.6569144600651398,-0.028720052248355943,0.34532917359919707,0.47766027410518663
1,hsa-mir-4634,-1.7005894561455484,-1.6717290410335597,-0.02886041511198867,0.0844862383223652,0.20339279596124954
1,hsa-mir-3194,-1.1195305061356977,-1.0904743999820983,-0.029056106153599437,0.6540319143507345,0.7507651113959867
1,hsa-mir-4450,-1.6367754193406086,-1.607537740453105,-0.029237678887503504,0.24268104456230713,0.3778267759652686
1,hsa-mir-3147,-1.7005894561455484,-1.6712726672640854,-0.02931678888146294,0.08068108988897041,0.19794301516707347
1,hsa-mir-6770-3,-1.6775885499562975,-1.6480740188994938,-0.029514531056803683,0.1563200700633493,0.26622195338299665
1,hsa-mir-604,-1.7005894561455484,-1.6710701830446808,-0.02951927310086755,0.0844862383223652,0.20339279596124954
1,hsa-mir-3160-1,-1.7005894561455484,-1.6705673773185894,-0.030022078826958953,0.0735626402517278,0.18579148938404988
1,hsa-mir-4526,-1.471240231065977,-1.4408621356798972,-0.030378095386079718,0.7046155298581065,0.7943416043449706
1,hsa-mir-4506,-1.7005894561455484,-1.6701715068409542,-0.030417949304594183,0.08846540277416062,0.20871918555685895
1,hsa-mir-181a-1,10.823484963983786,10.854091287821209,-0.030606323837423233,0.8235488547703865,0.8698281743004759
1,hsa-mir-129-2,3.7154532929604582,3.746172622680369,-0.03071932971991087,0.8501440949959669,0.8905540781410258
1,hsa-mir-670,-1.7005894561455484,-1.6692944511434378,-0.031295005002110576,0.0844862383223652,0.20339279596124954
1,hsa-mir-6771,-1.5381157444914009,-1.5066279320142468,-0.03148781247715404,0.7513464682887617,0.8243718524888564
1,hsa-mir-6731,-0.15246303881093337,-0.12083316752428998,-0.03162987128664339,0.8996955390686975,0.9264191689420251
1,hsa-mir-5585,-1.6632721425470252,-1.6311600159346733,-0.032112126612351855,0.500596627822352,0.6192947973060026
1,hsa-mir-216a,-1.4841058197810184,-1.4514503318484953,-0.03265548793252315,0.6011295417788594,0.7049984788388347
1,hsa-mir-1178,-1.7005894561455484,-1.6655295350838966,-0.03505992106165179,0.08068108988897041,0.19794301516707347
1,hsa-mir-4670,-1.7005894561455484,-1.665322429574451,-0.03526702657109726,0.06705311659933975,0.173360872088487
1,hsa-mir-7851,-1.6070053096728285,-1.5717233215224768,-0.03528198815035166,0.565479476116669,0.6774977312435797
1,hsa-mir-4507,-1.7005894561455484,-1.6652921137866346,-0.0352973423589138,0.0735626402517278,0.18579148938404988
1,hsa-mir-4467,-1.5791488423206508,-1.5430566683481082,-0.03609217397254261,0.2889623852578736,0.42671178460146686
1,hsa-mir-5047,-1.7005894561455484,-1.6643750644066335,-0.03621439173891483,0.07720810355299261,0.19209671697395292
1,hsa-mir-6500,-1.6598732198780417,-1.6236191124523172,-0.03625410742572455,0.34036317569775437,0.47341786202080166
1,hsa-mir-4737,-1.7005894561455484,-1.6642832913544612,-0.03630616479108717,0.06414868005184586,0.16847128094424166
1,hsa-mir-1199,-1.6524470089916143,-1.615916753976869,-0.03653025501474527,0.12002981696873115,0.22009160658526924
1,hsa-mir-657,-1.6835713213587538,-1.6469859473273085,-0.03658537403144524,0.1481968924342626,0.2550060430154908
1,hsa-mir-519b,-1.6768913546648363,-1.6400064798749445,-0.036884874789891775,0.18458849103731875,0.30666458574890015
1,hsa-mir-493,3.6524301638859216,3.689325794737054,-0.036895630851132566,0.898005123774448,0.9252892953026016
1,hsa-mir-4417,-1.7005894561455484,-1.6629503889727026,-0.03763906717284571,0.08037745223251934,0.19794301516707347
1,hsa-mir-6790,-1.5997800189764688,-1.5619614492790705,-0.037818569697398274,0.5134731151020241,0.6280752191122745
1,hsa-mir-519e,-1.7005894561455484,-1.661929739281986,-0.03865971686356229,0.0878915357490777,0.20871918555685895
1,hsa-mir-7704,-1.5357609612319523,-1.4964952305591452,-0.03926573067280703,0.22426520256144186,0.35699358775086665
1,hsa-mir-4715,-1.5865565959052796,-1.547054125474333,-0.03950247043094657,0.33330406026095516,0.4684273279343154
1,hsa-mir-6076,-1.6334586055757985,-1.593918615096104,-0.039539990479694476,0.11299740575795855,0.22009160658526924
1,hsa-mir-4739,-1.1121773759168074,-1.0706437629678045,-0.04153361294900293,0.5787845040582773,0.6897661010931342
1,hsa-mir-8077,-1.6778609951941423,-1.6354876451265334,-0.042373350067608895,0.13994408558348778,0.2447452617827813
1,hsa-mir-4474,-1.6452624437399654,-1.602478041592609,-0.04278440214735646,0.21500326295740435,0.3455981547730037
1,hsa-mir-124-3,-1.6652588871585228,-1.6218639067623704,-0.043394980396152416,0.12561547612246493,0.22550073964447098
1,hsa-mir-298,-1.6835713213587538,-1.6401665801444885,-0.0434047412142653,0.13609498328585531,0.23962547847170912
1,hsa-mir-4442,0.3054240946084677,0.3492960263517577,-0.043871931743290016,0.6115173602786614,0.7140371924719345
1,hsa-mir-4751,-1.209366324493345,-1.1650260823364291,-0.0443402421569159,0.6570900896001594,0.7526141995420328
1,hsa-mir-661,-1.7005894561455484,-1.6562425873637219,-0.044346868781826476,0.06993025539432426,0.17931338265068864
1,hsa-mir-365b,6.8837430722228525,6.928289784111115,-0.044546711888262536,0.8038619484577813,0.8552923538601616
1,hsa-mir-7847,-1.7005894561455484,-1.655302963162267,-0.045286492983281246,0.06705311659933975,0.173360872088487
1,hsa-mir-3937,-1.2519689882305445,-1.2061650232998569,-0.04580396493068761,0.9993668636291436,0.9993668636291436
1,hsa-mir-1294,-1.0213741695133989,-0.9752837801755829,-0.04609038933781595,0.682924212906224,0.7782043624059236
1,hsa-mir-4254,-1.3880739338493058,-1.3412664743482088,-0.04680745950109699,0.7272470713442112,0.808052301493568
1,hsa-mir-4473,-0.702554012796443,-0.6553937872179392,-0.047160225578503856,0.513733320248245,0.6280752191122745
1,hsa-mir-1290,-1.678604443207256,-1.6292034014144459,-0.04940104179281013,0.15751620190496493,0.2679664939713689
1,hsa-mir-3199-1,-1.1849405560602617,-1.135518260764594,-0.04942229529566777,0.8662729522710255,0.9003236545921385
1,hsa-mir-614,-1.7005894561455484,-1.650137180246799,-0.050452275898749344,0.06705311659933975,0.173360872088487
1,hsa-mir-1231,-1.6283745405414511,-1.5769896304433888,-0.05138491009806234,0.16145054479726503,0.2737639672649277
1,hsa-mir-129-1,3.711924144855576,3.763364360221016,-0.051440215365439634,0.9244728198016476,0.9463107604268833
1,hsa-mir-3192,-0.9173683944384508,-0.8653764202687677,-0.05199197416968304,0.9272451604214181,0.9481832121123556
1,hsa-mir-3135a,-1.6567024426059969,-1.604628593916741,-0.0520738486892558,0.07049967980921668,0.1802942631186525
1,hsa-mir-3180-2,-1.7005894561455484,-1.6477705925698685,-0.052818863575679886,0.05806420063039221,0.15753070084071624
1,hsa-mir-492,-1.6281067477819566,-1.573900861205493,-0.054205886576463636,0.17594879414470316,0.2954576091127416
1,hsa-mir-1289-1,-1.5179707922845456,-1.4633136622042866,-0.054657130080258964,0.8335205014700822,0.8785756637117081
1,hsa-mir-4722,-1.6600778758337384,-1.6047607336791645,-0.05531714215457395,0.09456093657979242,0.21757383637828345
1,hsa-mir-410,3.5545042922923034,3.610386825604779,-0.0558825333124755,0.8800697320145761,0.9122317487991618
1,hsa-mir-1273h,-1.6722601246871072,-1.616005643778719,-0.05625448090838825,0.11492408325781472,0.22009160658526924
1,hsa-mir-365a,6.887037036745494,6.9441233973621745,-0.05708636061668049,0.707512706983877,0.7958396653108454
1,hsa-mir-4655,-1.7005894561455484,-1.6424129505143632,-0.05817650563118515,0.052998787701356104,0.14633293595418675
1,hsa-mir-5004,-1.5058981436747338,-1.447585600951748,-0.058312542722985805,0.2458285098856534,0.3804488843468446
1,hsa-mir-198,-1.7005894561455484,-1.6416136680040854,-0.05897578814146298,0.058191630185727254,0.15760233175301133
1,hsa-mir-4642,-1.7005894561455484,-1.6408503733151147,-0.05973908283043361,0.05793625418213122,0.15745741554725556
1,hsa-mir-520e,-1.6712321520322349,-1.6113094870952698,-0.059922664936965075,0.06712177355220907,0.173360872088487
1,hsa-mir-1193,-1.4702338769053824,-1.409410598269716,-0.06082327863566639,0.6092447316150067,0.7119264279546146
1,hsa-mir-4675,-1.6774620590311908,-1.6160208464710348,-0.061441212560156,0.11260905504023341,0.22009160658526924
1,hsa-mir-1539,-1.5217598187814159,-1.459979886796408,-0.06177993198500786,0.4992922878561531,0.61817140401238
1,hsa-mir-6759,-1.6556035370180053,-1.5938015432447472,-0.061801993773258124,0.23715776254557783,0.3721993054035226
1,hsa-mir-5093,-1.7005894561455484,-1.6380945888273202,-0.062494867318228176,0.052765627362234835,0.14594747993809637
1,hsa-mir-371b,-1.6311189238993773,-1.5685185914247632,-0.06260033247461405,0.1422241093361711,0.24762233321922647
1,hsa-mir-6752,-1.6028002251939406,-1.5395058201355303,-0.06329440505841033,0.23133592296534955,0.36526724678739403
1,hsa-mir-3656,-1.6656976028760384,-1.6021467690988778,-0.06355083377716064,0.3371412235980569,0.4695895614401507
1,hsa-mir-520g,-1.387501160956302,-1.3236784647459738,-0.0638226962103281,0.8116287358556629,0.8619066221476066
1,hsa-mir-6832,-0.9322406607844517,-0.8675306367138624,-0.06471002407058923,0.9275176805663171,0.9481832121123556
1,hsa-mir-5087,-1.672115240827755,-1.606526253193243,-0.06558898763451215,0.09285660662406944,0.21460193530896046
1,hsa-mir-6871,-0.6781065190295839,-0.611678058540043,-0.06642846048954087,0.8873547626273676,0.9174776339456857
1,hsa-mir-8085,-1.6381290977791036,-1.5708583337035475,-0.0672707640755561,0.13300243254236704,0.23524239769398253
1,hsa-mir-6765,-1.4346964709897987,-1.3650140060484446,-0.0696824649413541,0.6856691249738085,0.7798949071536971
1,hsa-mir-4478,-1.5809207382353132,-1.5104858683542393,-0.07043486988107395,0.4417983586913205,0.5644598194581981
1,hsa-mir-6715a,-0.27174845733287684,-0.20096449754834494,-0.07078395978453189,0.9880717686095285,0.9931649220559694
1,hsa-mir-3195,-1.7005894561455484,-1.6295570273755438,-0.0710324287700046,0.04593223022179718,0.13028050753818837
1,hsa-mir-1825,-1.6748441665983715,-1.6037079523310054,-0.07113621426736616,0.08217934515072865,0.20031215380490108
1,hsa-mir-181a-2,11.761264906033283,11.832575145577012,-0.07131023954372928,0.6044108697530639,0.7078685861972821
1,hsa-mir-3168,-1.7005894561455484,-1.62898288727799,-0.07160656886755845,0.048462774699168494,0.13696001545417183
1,hsa-mir-3155a,-0.8410378219428862,-0.7687589643464362,-0.07227885759645003,0.7845895823885453,0.8441101713973314
1,hsa-mir-1260a,-1.6705555847481388,-1.5978289704509592,-0.07272661429717964,0.41214678800770177,0.532242540804648
1,hsa-mir-1293,-1.1748920617807843,-1.0996358958796466,-0.0752561659011377,0.8230501433796639,0.8698281743004759
1,hsa-mir-6869,-1.4434671929199177,-1.3682032083301017,-0.07526398458981598,0.5155836066893734,0.629843716864074
1,hsa-mir-3124,-0.79005595883867,-0.7146120893648312,-0.07544386947383874,0.7702868030490067,0.8357221318826523
1,hsa-mir-4736,-1.4831904719439484,-1.4060678502991055,-0.07712262164484285,0.2884221406482452,0.42671178460146686
1,hsa-mir-124-2,-1.7005894561455484,-1.6212373540709093,-0.07935210207463905,0.033091963039665453,0.09985195810808144
1,hsa-mir-6735,0.27337632209304485,0.3533892739779143,-0.08001295188486945,0.5817923091570861,0.6903152418835604
1,hsa-mir-2467,-1.4343280482035146,-1.3521128326948295,-0.08221521550868505,0.4847769988219117,0.6042806817570352
1,hsa-mir-6717,-1.2076579338738238,-1.1250955112478,-0.08256242262602376,0.5050307851370363,0.6218216454725939
1,hsa-mir-3178,-0.8168225029920538,-0.7341766650204312,-0.08264583797162262,0.7173435836017543,0.8016981173238819
1,hsa-mir-6773,-1.0544114475447335,-0.9708155283310631,-0.08359591921367038,0.944467868859939,0.9611023323036562
1,hsa-mir-7158,-1.7005894561455484,-1.6154298052586953,-0.08515965088685307,0.04160743468244299,0.12109626512054304
1,hsa-mir-3198-1,-1.3825376575283448,-1.2961954860488145,-0.08634217147953027,0.6246002541501332,0.7251963115884342
1,hsa-mir-4726,-0.5562366104607986,-0.46879843206724553,-0.08743817839355311,0.7042288271542143,0.7943416043449706
1,hsa-mir-4716,-1.3840823545355956,-1.2951969866751365,-0.08888536786045909,0.506740026253965,0.6234341017004615
1,hsa-mir-572,-1.1863025107281984,-1.0973337284366935,-0.08896878229150484,0.9941578412646903,0.9965245021990968
1,hsa-mir-765,-0.4648960811787089,-0.37406121647541674,-0.09083486470329216,0.6960929492061959,0.7874583036705335
1,hsa-mir-34b,2.077289532876064,2.1689390641205044,-0.09164953124444031,0.8590434432474175,0.8951955721215573
1,hsa-mir-4466,-1.156968187638328,-1.0647989264907443,-0.09216926114758373,0.7892699642268561,0.8485604026146765
1,hsa-mir-320d-2,0.3701258518972092,0.4625475805775596,-0.09242172868035042,0.6941424877406325,0.7863923608390607
1,hsa-mir-520b,-0.914040977106262,-0.8214479803327603,-0.09259299677350163,0.6348326360686735,0.7330413858379945
1,hsa-mir-1911,-0.6869958237654337,-0.5916934995775384,-0.0953023241878953,0.3424737275551584,0.47558828595504926
1,hsa-mir-520c,-1.7005894561455484,-1.6050194651553984,-0.09556999099014996,0.045728115428831345,0.12993781433329127
1,hsa-mir-4776-1,-1.2509101656475725,-1.1540761983951022,-0.09683396725247029,0.4802801434032987,0.6013138232015618
1,hsa-mir-4687,-0.5474595332895972,-0.44990716010682963,-0.09755237318276755,0.6227457022285934,0.7239070756159507
1,hsa-mir-6809,-1.4348243071948477,-1.337136118110361,-0.09768818908448673,0.41696557834381337,0.5375754563771478
1,hsa-mir-3916,-1.591827263432367,-1.4937542926125078,-0.0980729708198591,0.14119089378533206,0.24637337170594856
1,hsa-mir-4661,3.7087442035217033,3.807449320225483,-0.0987051167037798,0.7648707902210599,0.8344044984229744
1,hsa-mir-4783,-1.6558297170649519,-1.556973987681596,-0.09885572938335585,0.1513486287007793,0.258885812251333
1,hsa-mir-4516,-1.678227086379078,-1.5775305683526861,-0.1006965180263919,0.052588378572938126,0.14594747993809637
1,hsa-mir-3129,-0.8386062922402203,-0.7378702771482184,-0.10073601509200192,0.5596696216962012,0.67263837430360085
1,hsa-mir-7108,-1.5509679867324562,-1.4496883290469773,-0.10127965768547886,0.7079264707374293,0.7958396653108454
1,hsa-mir-4769,-1.58449655856232,-1.4830252050166126,-0.10147135354570747,0.20282060222599876,0.33165633068402317
1,hsa-mir-3162,-1.5656193222262158,-1.463074012601356,-0.10254530962485986,0.31360037994008877,0.4500612628395018
1,hsa-mir-524,-1.615276670584014,-1.5111321681812042,-0.10414450240280981,0.3361349186492705,0.46884933492736675
1,hsa-mir-564,-1.3365693965947534,-1.2322186044621597,-0.10435079213259368,0.3326629742022541,0.4679479168219264
1,hsa-mir-3120,-1.5713021353804835,-1.4648006199582497,-0.10650151542223374,0.248137077084704,0.383641070616589
1,hsa-mir-5703,0.15128446637063842,0.2607282284542439,-0.10944376208360551,0.35254384871267896,0.4815835411486683
1,hsa-mir-6889,-1.4930205173033801,-1.3834584985828442,-0.10956201872053595,0.44770845193622744,0.5696779649433237
1,hsa-mir-4730,-1.6166145564136183,-1.5062503533682254,-0.11036420304539285,0.12421628428471826,0.22350334888599827
1,hsa-mir-6756,-1.3484137754034515,-1.2376953341169534,-0.1107184412864981,0.7096577650093238,0.7970238397512923
1,hsa-mir-4498,-1.4109247449117255,-1.2997918665194186,-0.1111328783923069,0.32890172313827526,0.465595905712985
1,hsa-mir-6807,-0.5633951887634949,-0.45022627613020844,-0.11316891263328649,0.7225165802223874,0.8045152499264271
1,hsa-mir-4792,-1.5111933659342303,-1.3979047011388395,-0.11328866479539079,0.6308295210701437,0.730040098567822
1,hsa-mir-3926-2,-0.93165450681974,-0.8170964414625793,-0.11455806535716073,0.5092882291788945,0.6245987716344932
1,hsa-mir-6862-1,-1.335552197701949,-1.2208889449864557,-0.11466325271549338,0.3806332202148356,0.5006642694225494
1,hsa-mir-4658,0.43980625923863276,0.5551098549360182,-0.11530359569738541,0.579233488000235,0.6897742299850127
1,hsa-mir-639,0.8913122709600955,1.0074279182214358,-0.11611564726134038,0.482841806733986,0.6025865748040146
1,hsa-mir-345,5.1697343028611655,5.286099746167453,-0.11636544330628773,0.4039899080561504,0.5243130254306112
1,hsa-mir-588,0.5641892345659316,0.6812501570650864,-0.11706092249915478,0.6859075721890209,0.7798949071536971
1,hsa-mir-4695,-1.541224255633062,-1.4239648840863195,-0.11725937154674249,0.24426634719297208,0.37845152856156755
1,hsa-mir-498,-1.6634383942730466,-1.545199724412372,-0.11823866986067455,0.06192413275785327,0.16484922713694727
1,hsa-mir-4750,-1.4233994019300809,-1.3024116228894633,-0.12098777904061753,0.4927805661473368,0.6125399866054545
1,hsa-mir-3132,-0.6552863236902913,-0.5342880747991869,-0.12099824889110433,0.7469272748635538,0.8224626075903391
1,hsa-mir-4512,-1.3763179150690852,-1.2551474436211463,-0.12117047144793891,0.5080865089146971,0.624340464196193
1,hsa-mir-6883,-1.4632820694400457,-1.3405736763192002,-0.12270839312084547,0.16936977686676807,0.2856398399050359
1,hsa-mir-329-1,-0.48734786538524655,-0.3599071522383453,-0.12744071314690125,0.7545642380733719,0.8267823069945923
1,hsa-mir-6817,-1.5904456781668712,-1.4626440877724174,-0.12780159039445382,0.08573968921244994,0.2060923192163666
1,hsa-mir-518e,-0.24940678280528863,-0.12062530707226624,-0.1287814757330224,0.9218919904723464,0.944909004689133
1,hsa-mir-4492,-0.6467310233143083,-0.5175327194692807,-0.12919830384502762,0.38748784192718616,0.507570069273153
1,hsa-mir-516b-2,-1.5884438310551947,-1.4584269459808825,-0.1300168850743122,0.2663740818160282,0.40366251429416633
1,hsa-mir-662,-0.7523123790814819,-0.6205111901236093,-0.13180118895787252,0.7616317852555022,0.8326177890669821
1,hsa-mir-6795,-1.043849899222224,-0.9113159758216234,-0.13253392340060066,0.5944929193056021,0.699931286125841
1,hsa-mir-1295b,-1.5349195664399786,-1.400510149772346,-0.13440941666763262,0.23645635108787932,0.3714722131894177
1,hsa-mir-6791,-1.4127904498786095,-1.2778065918455415,-0.134983858033068,0.19366182601396215,0.3193577680568509
1,hsa-mir-887,2.060064103481072,2.1963081312430104,-0.13624402776193856,0.37673796029323664,0.49727464070156263
1,hsa-mir-3193,-0.87531625506531,-0.7381043486554401,-0.1372119064098699,0.5967557408853283,0.7005670551827617
1,hsa-mir-5008,-0.7919101180411725,-0.6544502751116584,-0.13745984292951408,0.6691443330074827,0.7641765442838016
1,hsa-mir-3181,-1.595472239306078,-1.4575370069654805,-0.13793523234059757,0.31677006041160133,0.45252865773085904
1,hsa-mir-510,-1.2764928908104705,-1.1384569906495088,-0.13803590016096168,0.6511516179947161,0.7480092224387018
1,hsa-mir-4747,-1.6572956220982529,-1.5181749185351352,-0.13912070356311768,0.027479491326942277,0.08608033427716857
1,hsa-mir-5100,-1.5553437721949823,-1.4153018164897457,-0.1400419557052366,0.19932341788746752,0.3276549335136452
1,hsa-mir-4426,-1.5042315196431946,-1.3634980892638375,-0.14073343037935704,0.21950262455439465,0.3501268857922859
1,hsa-mir-1908,-0.4852366065855654,-0.34393772261685224,-0.14129888396871315,0.6205110906908184,0.7223860458788632
1,hsa-mir-4454,-1.4278827209683158,-1.2858255198975412,-0.14205720107077457,0.20701230569091755,0.3360449499249026
1,hsa-mir-6757,-1.4195106699495992,-1.2773719833859563,-0.14213868656364292,0.3882776527544411,0.5081486059537987
1,hsa-mir-7848,-1.6722601246871072,-1.5296676196807537,-0.14259250500635345,0.030896398427668028,0.09541625112611965
1,hsa-mir-1271,1.984470844647967,2.127162236762372,-0.14269139211440507,0.4667980469301486,0.5877360397183469
1,hsa-mir-3154,-0.3846733609093734,-0.23939905463022051,-0.14527430627915286,0.5102091351024719,0.6247458797173125
1,hsa-mir-1236,-1.058480599317844,-0.9112452124470112,-0.14723538687083293,0.5908549187932937,0.6977544839648283
1,hsa-mir-6509,2.624452832269133,2.7733685013185947,-0.14891566904946174,0.484973983051159,0.6042806817570352
1,hsa-mir-6861,-1.6600778758337384,-1.510741734768194,-0.1493361410655445,0.024377645007627558,0.07713818704239146
1,hsa-mir-514b,-0.9422720787251371,-0.7927440400484111,-0.14952803867672593,0.4648231774307504,0.5857222591211395
1,hsa-mir-6816,-1.544524380654427,-1.3946798774039768,-0.1498445032504503,0.25141023102144433,0.38716679209620247
1,hsa-mir-4430,-1.6587124553144377,-1.5071830018605408,-0.1515294534538969,0.04111880053966924,0.12020111472774854
1,hsa-mir-508,6.525093875048089,6.677124770143537,-0.15203089509544743,0.8214710804279769,0.8688100918424705
1,hsa-mir-1909,-1.522832866558448,-1.3707421005475342,-0.15209076601091387,0.18328697245594347,0.30482694779453284
1,hsa-mir-6732,-1.3486473441902826,-1.1912951687644868,-0.15735217542579583,0.26312756266560644,0.40046731488619125
1,hsa-mir-3667,-1.4615405369584464,-1.3032214048840487,-0.15831913207439774,0.1885293970843215,0.31254607805689855
1,hsa-mir-518a-2,-1.38890233369718,-1.2303767919328,-0.15852554176438005,0.8917308949772832,0.9206487069255868
1,hsa-mir-584,4.739793316900867,4.898812361068587,-0.15901904416771995,0.3020111305910513,0.4370476472375139
1,hsa-mir-4748,-1.4997287937322754,-1.340660496558105,-0.15906829717417037,0.28936871308184514,0.42671178460146686
1,hsa-mir-6826,-0.8595020821887102,-0.7003804930175379,-0.15912158917117225,0.6075458596882168,0.7104734191256509
1,hsa-mir-3177,0.20598233125197335,0.3655075718045609,-0.15952524055258754,0.34266745731633036,0.47558828595504926
1,hsa-mir-4690,-0.9414319744175577,-0.7812729696717783,-0.16015900474577938,0.6556008511533419,0.7514844650489206
1,hsa-mir-4524a,-1.5000261463316222,-1.3382034801095515,-0.16182266622207075,0.20046526290581884,0.3288509917292898
1,hsa-mir-5196,-1.4795010219206457,-1.3172975082506269,-0.16220351367001884,0.5646605624075893,0.6774977312435797
1,hsa-mir-943,-1.066859371451434,-0.9041808491523633,-0.16267852229907076,0.6914067419949668,0.7847023378889197
1,hsa-mir-5006,-1.5651824293542924,-1.4020584896014707,-0.1631239397528217,0.06314565264637079,0.1666788800817909
1,hsa-mir-1913,-1.3206385481923812,-1.1571776476975568,-0.16346090049482442,0.7157682305058684,0.80157820501734
1,hsa-mir-520h,-1.6014953214385452,-1.4379448200753155,-0.16355050136322968,0.09257568884322129,0.21460193530896046
1,hsa-mir-551a,1.5529969351080113,1.716674240727916,-0.1636773056199048,0.39497786390583783,0.5156196382369097
1,hsa-mir-6792,-1.4556716612001803,-1.2903225028090657,-0.16534915839111464,0.27140701235301523,0.40847446061154774
1,hsa-mir-6775,-1.594345391404219,-1.426643475913965,-0.16770191549025393,0.10706296316635551,0.22009160658526924
1,hsa-mir-211,-0.10737285243497553,0.06101802186393783,-0.16839087429891336,0.7221101119461173,0.8045152499264271
1,hsa-mir-490,-1.058140280508873,-0.8892629296694665,-0.16887735083940658,0.7212691807358105,0.8045152499264271
1,hsa-mir-6822,-1.3680944451182384,-1.1977097485975117,-0.17038469652072674,0.3164183562304543,0.4524405460307137
1,hsa-mir-6851,-0.6294070174311405,-0.4534004058344833,-0.17600661159665715,0.30546605485275335,0.4408205786959253
1,hsa-mir-1323,-1.3797833242444395,-1.2027476341134398,-0.17703569013099973,0.6390644510471326,0.7373820589005375
1,hsa-mir-6728,-0.2197278779393504,-0.0414310269300005,-0.1782968510093499,0.45163558688517874,0.5723407924783744
1,hsa-mir-6829,-1.3935493408953439,-1.2149003279774697,-0.17864901291787416,0.4445489975051861,0.5661195396800738
1,hsa-mir-520f,-1.5546567279888568,-1.3746346731060841,-0.18002205488277268,0.22785055018179184,0.360493771078697
1,hsa-mir-4633,-1.501755659225223,-1.3201565953199452,-0.1815990639052778,0.1070913501971464,0.22009160658526924
1,hsa-mir-6872,-1.2862747307116118,-1.1045384554421072,-0.18173627526950464,0.34528669093506653,0.47766027410518663
1,hsa-mir-6890,-1.222113222044779,-1.0401470315424381,-0.18196619050234086,0.35655803755628906,0.4849437999893731
1,hsa-mir-6753,-1.453633063546257,-1.2710387835068653,-0.18259428003939182,0.21311200820025183,0.3434449718929678
1,hsa-mir-200c,16.069320166733693,16.25286043418431,-0.18354026745061702,0.3731458544152185,0.49727464070156263
1,hsa-mir-6824,-1.3666619536353464,-1.182112581695265,-0.18454937194008147,0.23989246202164155,0.37466181014754196
1,hsa-mir-6819,-1.5656400424991215,-1.3807511186159858,-0.18488892388313571,0.06293547344656027,0.16640565860446443
1,hsa-mir-3175,-1.6091900672565818,-1.4234099631625559,-0.1857801040940259,0.2743933432381124,0.4108000148286519
1,hsa-mir-668,-1.059391468203264,-0.8729516747823747,-0.18643979342088923,0.7119299296600198,0.7990004965968567
1,hsa-mir-519c,-1.7005894561455484,-1.5138823588681705,-0.1867070972773779,0.0181389888252562,0.06111624744578762
1,hsa-mir-6772,-1.1076116411529826,-0.918142541618825,-0.18946909953415758,0.38173000116039013,0.5012616176853608
1,hsa-mir-6774,-1.4947988747827756,-1.3015491904533691,-0.19324968432940648,0.11774237260583949,0.22009160658526924
1,hsa-mir-4433a,-1.2062388949102656,-1.0099251112114396,-0.19631378369882602,0.550391849300527,0.6645598180408839
1,hsa-mir-515-1,-1.656954445227379,-1.4586262485628365,-0.1983281966645425,0.08863067434635566,0.20871918555685895
1,hsa-mir-3918,-1.2696969761027974,-1.0713247369965286,-0.19837223910626878,0.2715307792654968,0.40847446061154774
1,hsa-mir-4533,-0.6838646521935524,-0.4850426362459551,-0.1988220159475973,0.4178616905006802,0.5378800212874946
1,hsa-mir-6084,-1.5227610546788357,-1.3228578086074465,-0.1999032460713892,0.14177405264866108,0.24711454986805728
1,hsa-mir-3170,0.8870904407644226,1.0875084587994346,-0.20041801803501202,0.3572180701916123,0.4849958133149827
1,hsa-mir-3650,-1.3941329369396462,-1.1916483039074313,-0.20248463303221498,0.08815385952545693,0.20871918555685895
1,hsa-mir-6873,-1.3575020810692573,-1.1540328258796284,-0.20346925518962888,0.4196558075767408,0.5397057376914391
1,hsa-mir-3196,-1.6424344293125155,-1.4387439496187002,-0.20369047969381526,0.025490506327815233,0.08033371691190255
1,hsa-mir-6794,-0.8849327221975382,-0.6686703625855039,-0.21626235961203422,0.31178096427006147,0.4482749348030377
1,hsa-mir-7703,-1.3979701860966824,-1.1806712547684388,-0.21729893132824363,0.1281140345391633,0.22736961761216698
1,hsa-mir-4664,1.5539637132221655,1.7750321782767164,-0.2210684650545509,0.40095438650183235,0.5212847337626982
1,hsa-mir-4710,-1.0229322336778677,-0.7984041466091681,-0.22452808706869953,0.3554349661495205,0.4842607399067703
1,hsa-mir-4469,-0.1833393869799007,0.04142740053263422,-0.22476678751253493,0.20532008563705084,0.33399304858581785
1,hsa-mir-6783,-0.04389695619939205,0.18093220409154664,-0.2248291602909387,0.31539754128571934,0.45139464624378184
1,hsa-mir-500a,8.930515447941598,9.156333659730015,-0.22581821178841643,0.40098825674053706,0.5212847337626982
1,hsa-mir-6823,-1.6446468635278502,-1.4174163240840993,-0.22723053944375082,0.014475793674370635,0.05070111190183656
1,hsa-mir-133a-1,0.9991180889637217,1.22652622508297,-0.22740813611924837,0.37307529134609785,0.49727464070156263
1,hsa-mir-105-2,0.7891762936474562,1.0176714302110799,-0.22849513656362364,0.9583532275882163,0.9689118827204262
1,hsa-mir-6744,-1.3902847704451353,-1.1610472182156688,-0.2292375522294665,0.12097911390887182,0.22009160658526924
1,hsa-mir-520a,-0.850952789652466,-0.6195406622367403,-0.2314121274157257,0.8874831728359228,0.9174776339456857
1,hsa-mir-3191,-0.3849978452296599,-0.1530223538903039,-0.231975491339356,0.2390678149260409,0.374443565546811
1,hsa-mir-1258,-0.8598939573918499,-0.6219335474161882,-0.2379604099756617,0.5235796550643008,0.6376145682281884
1,hsa-mir-744,6.88552151752146,7.123541320295854,-0.23801980277439405,0.07686462462314832,0.19154762685640794
1,hsa-mir-125b-2,10.370588776649623,10.609193074660054,-0.23860429801043104,0.28906728752952326,0.42671178460146686
1,hsa-mir-3678,-0.5818053829378219,-0.3425967687744641,-0.2392086141633578,0.2274394845908179,0.360493771078697
1,hsa-mir-6853,-0.6251474053447029,-0.3853673214696125,-0.23978008387509042,0.21534276624564458,0.3455981547730037
1,hsa-mir-6799,-1.3030007074791996,-1.0620914338468581,-0.2409092736323415,0.16825713023266065,0.2840704796135829
1,hsa-mir-324,7.099334948981343,7.341248357990599,-0.24191340900925606,0.055870479889620114,0.15290868180317085
1,hsa-mir-3158-1,0.39280807084341995,0.6354882201133993,-0.24268014926997938,0.20309566327775844,0.33175836095633837
1,hsa-mir-515-2,-1.7005894561455484,-1.4577337912654282,-0.24285566488012011,0.013423961943079737,0.04781137130411961
1,hsa-mir-6738,-1.1806912904318407,-0.9374101751130441,-0.2432811153187966,0.1507032790464112,0.2580648905734374
1,hsa-mir-125b-1,10.242485726119613,10.486007111934354,-0.24352138581474136,0.2770922830402948,0.41404594017515317
1,hsa-mir-770,-1.3533893259196161,-1.1090565874622038,-0.24433273845741232,0.3354258525481993,0.46884933492736675
1,hsa-mir-6865,-1.6223210715318148,-1.375087604371975,-0.24723346715983974,0.014495317889884042,0.05070111190183656
1,hsa-mir-4525,-0.6684032340004534,-0.41996030939487755,-0.24844292460557588,0.30113603997862354,0.4369974161550258
1,hsa-mir-7706,4.109843339367659,4.358369878589624,-0.24852653922196488,0.3211617235589145,0.45671129330164684
1,hsa-mir-18b,-0.10711821902923255,0.14208345919959792,-0.24920167822883046,0.475072453447865,0.5952715079346742
1,hsa-mir-516b-1,-1.5831832244588122,-1.3306032696730687,-0.25257995478574347,0.2855606125396826,0.4234800322108751
1,hsa-mir-6884,-1.0138679459250406,-0.7606567652271371,-0.2532111806979035,0.2388694897803226,0.374443565546811
1,hsa-mir-4648,-1.5847433423171222,-1.3311258368736116,-0.2536175054435106,0.03141710369795628,0.09572398782971053
1,hsa-mir-6881,-1.6407131396903678,-1.387061345252057,-0.25365179443831076,0.008649395162406825,0.032435231859025596
1,hsa-mir-1238,-1.104293594207428,-0.8496957299981183,-0.25459786420930963,0.2051590995226686,0.33399304858581785
1,hsa-mir-491,2.4314807927100515,2.688931560416395,-0.25745076770634334,0.08354923392870864,0.2023863430571203
1,hsa-mir-6815,0.5663319844982716,0.8242595019244756,-0.257927517426204,0.17675334823031955,0.2961710238875387
1,hsa-mir-4757,-1.194285850203507,-0.9345950476201912,-0.2596908025833158,0.20054159872094895,0.3288509917292898
1,hsa-mir-1197,-1.2728100230499997,-1.0103507221891137,-0.262459300860886,0.17730573653626266,0.2967778422709976
1,hsa-mir-6870,-1.319402880406945,-1.054830827734656,-0.264572052672289,0.09710779007024753,0.22008503107801727
1,hsa-mir-4446,-1.3816390035032338,-1.116377964174404,-0.2652610393288297,0.25559241742863087,0.39166358183351785
1,hsa-mir-3180-4,-1.5743445155142357,-1.3071390923253157,-0.26720542318892004,0.02016230054605203,0.06649722801657752
1,hsa-mir-320c-1,1.7667628915822031,2.035961611033432,-0.2691987194512291,0.1902379568188897,0.3147096634543668
1,hsa-mir-767,1.4875162959089652,1.760269631145438,-0.2727533352364728,0.9845453469062623,0.9908972523701736
1,hsa-mir-7854,0.18212869222616795,0.4575379599355025,-0.27540926770933455,0.1599870871864429,0.27157764527840145
1,hsa-mir-4651,-1.1605694832092126,-0.8805798218904384,-0.27998966131877423,0.0977438530372447,0.22009160658526924
1,hsa-mir-5187,1.2183518311164523,1.5022874885596065,-0.2839356574431542,0.345472883263358,0.47766027410518663
1,hsa-mir-512-1,-1.571683242491988,-1.2853962871253912,-0.28628695536659676,0.07820046915920531,0.19394710952044558
1,hsa-mir-6789,-1.4724870555414216,-1.1859512751409331,-0.28653578040048844,0.057352188296790445,0.15614208332110488
1,hsa-mir-7109,-1.200023115448784,-0.9096304637433916,-0.2903926517053923,0.10713720626503093,0.22009160658526924
1,hsa-mir-513a-2,-1.0261197147435546,-0.7347163515475956,-0.29140336319595894,0.5185884689263905,0.6320296965040385
1,hsa-mir-523,-1.6768913546648363,-1.3852448800524975,-0.29164647461233884,0.02760790446632398,0.08630928049592265
1,hsa-mir-105-1,0.7674942803507643,1.059976879180474,-0.29248259882970973,0.7735376296437435,0.8364416769231291
1,hsa-mir-6846,-1.3263099843160786,-1.03150467786865,-0.29480530644742853,0.052675466825811514,0.14594747993809637
1,hsa-mir-6125,0.09951409983944715,0.3946704380282145,-0.29515633818876735,0.07348657708106769,0.18579148938404988
1,hsa-mir-4652,1.6105287993819666,1.908034079716576,-0.29750528033460943,0.3696407415603148,0.4953948082767105
1,hsa-mir-1225,-1.0823275541703177,-0.7833357008965693,-0.29899185327374833,0.10621685543808046,0.22009160658526924
1,hsa-mir-513a-1,-1.059202217649744,-0.7600457052521121,-0.29915651239763186,0.5735416038620091,0.6855252716637821
1,hsa-mir-3690-1,-0.07922880070581595,0.2213897416063715,-0.30061854231218743,0.10237749306718986,0.22009160658526924
1,hsa-mir-4286,-0.49236806126017524,-0.19062180764378095,-0.3017462536163943,0.13339427528088268,0.23566825530937371
1,hsa-mir-1270,3.735561931072154,4.03751946070828,-0.3019575296361259,0.3287085194034598,0.465595905712985
1,hsa-mir-4804,-1.5150251042194642,-1.2127575936448522,-0.302267510574612,0.01577969558101332,0.05470294468084618
1,hsa-mir-6776,-1.2579221390157296,-0.955636636501051,-0.30228550251467856,0.08261347757150557,0.2010562012660666
1,hsa-let-7c,13.39299805596658,13.697131138920634,-0.3041330829540545,0.3277177893095687,0.4652168095745567
1,hsa-mir-6763,-0.9385248027142726,-0.6324535712877627,-0.30607123142650994,0.13877645077454714,0.24324861034639725
1,hsa-mir-455,7.467001506448649,7.775096578934439,-0.3080950724857896,0.4950487583073039,0.6138919419391049
1,hsa-mir-4689,-1.5152320808358777,-1.2069513796862645,-0.30828070114961315,0.020368749054994854,0.06703638929491978
1,hsa-mir-6893,-1.5295739648073399,-1.2210208365683288,-0.30855312823901104,0.059374892144609774,0.16020750083186278
1,hsa-mir-6887,-1.4914107478351226,-1.182500338992678,-0.3089104088424446,0.08000571910548263,0.19779543867599508
1,hsa-mir-6720,-0.08201129747640785,0.22840554789200007,-0.3104168453684079,0.0949779276436897,0.21821143906355805
1,hsa-mir-6787,-1.10623723296895,-0.7945806332711328,-0.3116565996978172,0.0899034919967244,0.2112190474621838
1,hsa-mir-519d,-1.4785204506372613,-1.16679800569533,-0.31172244494193135,0.2734171112273478,0.410133026452534
1,hsa-mir-423,9.197818597459026,9.509553301864617,-0.31173470440559115,0.1386688472995171,0.24324861034639725
1,hsa-mir-6852,-0.3285433399152616,-0.01672809074484299,-0.3118152491704186,0.11338501900135947,0.22009160658526924
1,hsa-mir-612,-1.1928598234861636,-0.8782805460244006,-0.31457927746176295,0.06134456661956143,0.1638656231618422
1,hsa-mir-1301,6.014923744771903,6.330718208186654,-0.3157944634147505,0.12109396811238186,0.22009160658526924
1,hsa-mir-518f,-1.6531558193211127,-1.3340920919769141,-0.3190637273441985,0.020113655557519185,0.06647733616468206
1,hsa-mir-6785,-1.3979086461005563,-1.0784921217838794,-0.3194165243166769,0.06517708040714108,0.17059772724016795
1,hsa-mir-6721,-0.5396416218294184,-0.21639721283653468,-0.32324440899288376,0.14984355066623006,0.25715724866811757
1,hsa-mir-7111,-1.2627686570924965,-0.9374978486341897,-0.3252708084583068,0.0638947166546374,0.1683712128061391
1,hsa-mir-6827,-1.010019398368455,-0.6829436595493831,-0.3270757388190718,0.08779401392232239,0.20871918555685895
1,hsa-mir-4707,0.2021186239832284,0.5306038347354184,-0.32848521075218995,0.24311937529554822,0.3780216686472078
1,hsa-mir-6751,-0.9524072777073489,-0.6238500440112829,-0.32855723369606604,0.06975950525695641,0.17928307776087646
1,hsa-mir-512-2,-1.618364009545673,-1.2891243969061852,-0.32923961263948787,0.08095361774140569,0.19794301516707347
1,hsa-mir-625,9.774212010308753,10.104192184397613,-0.3299801740888597,0.24429531362916573,0.37845152856156755
1,hsa-mir-4649,-1.357237558401694,-1.0261355299438382,-0.33110202845785586,0.031387218485454796,0.09572398782971053
1,hsa-mir-6886,-1.4645548942071478,-1.1327997127300622,-0.3317551814770856,0.02350084640605951,0.07481902121112824
1,hsa-mir-6836,-1.4853706567214748,-1.1522900589375524,-0.3330805977839224,0.015911896466120935,0.05503893234401033
1,hsa-mir-4667,-1.2955000965677337,-0.9623843680174228,-0.3331157285503109,0.06639112331491112,0.17290509577839958
1,hsa-mir-665,-1.0571405579501765,-0.7229963144891951,-0.33414424346098137,0.09320054126568245,0.21507817215157485
1,hsa-mir-4665,-0.20434789848393703,0.13009115815826908,-0.3344390566422061,0.12455118100376569,0.2238477446611457
1,hsa-mir-3143,-1.347126352849375,-1.0118947442093509,-0.3352316086400242,0.09197530868591636,0.21460193530896046
1,hsa-mir-299,2.166301140054984,2.502929821793684,-0.3366286817387003,0.17661165216771643,0.2961710238875387
1,hsa-mir-517c,-1.5823413336422754,-1.245429119788143,-0.3369122138541323,0.25799277279599253,0.3938050152267596
1,hsa-mir-518b,-1.1846558246062593,-0.8453438860983823,-0.339311938507877,0.9211895287879206,0.944909004689133
1,hsa-mir-939,1.5240327349588254,1.8643619796472437,-0.3403292446884183,0.017658610317604483,0.05975581799449673
1,hsa-mir-520d,-1.5991028838359493,-1.2585994189932754,-0.3405034648426739,0.09979618749876859,0.22009160658526924
1,hsa-mir-4697,-1.1797730430540445,-0.8358927482026024,-0.3438802948514421,0.19905852694948975,0.3276549335136452
1,hsa-mir-330,5.030206803525261,5.375018028572893,-0.34481122504763206,0.0485947964963941,0.13708477854317325
1,hsa-mir-885,5.520797751598378,5.865961370540725,-0.3451636189423466,0.3020111305910513,0.4370476472375139
1,hsa-mir-539,1.3788011206856778,1.7252652229829062,-0.34646410229722835,0.21235099795484894,0.34328244228970395
1,hsa-mir-4505,-1.3146276791882696,-0.963836216904137,-0.3507914622841326,0.05126086471562674,0.14279812313638876
1,hsa-mir-4433b,-0.6840037954263438,-0.33137250536081964,-0.3526312900655242,0.16282437778021344,0.2754946088255238
1,hsa-mir-4488,-1.499314081237865,-1.146302724821781,-0.35301135641608394,0.01597993983040292,0.055152004724399455
1,hsa-mir-6834,0.3093728093516969,0.6659252172206834,-0.3565524078689865,0.14826312885580137,0.2550060430154908
1,hsa-mir-3190,-0.9824395292386969,-0.6235310242972143,-0.35890850494148263,0.04528845285760503,0.12915902460304177
1,hsa-mir-6779,-1.0942337965879552,-0.7338602843026115,-0.36037351228534364,0.06889331812020955,0.1774436193009627
1,hsa-mir-6729,-1.2188279884653384,-0.8559431153940175,-0.3628848730713209,0.05972854983186441,0.16037269834373233
1,hsa-mir-4767,-1.560275024117507,-1.1973548454572918,-0.3629201786602152,0.0052261508666587835,0.020958342807166328
1,hsa-mir-4776-2,-1.4585329720080977,-1.095469862915525,-0.36306310909257267,0.013131209669123305,0.04698322725649623
1,hsa-mir-518a-1,-1.6600778758337384,-1.295961524231252,-0.36411635160248634,0.008231515662876028,0.03116787484001603
1,hsa-mir-3197,-1.065916692807749,-0.6985093708399976,-0.3674073219677514,0.14880198856106033,0.2556509935630552
1,hsa-mir-2276,-0.6646667269866338,-0.29709825330965295,-0.3675684736769808,0.10448117697255262,0.22009160658526924
1,hsa-mir-4738,-0.5369354858494316,-0.16778054989079316,-0.36915493595863846,0.031064054812167462,0.09558170711436142
1,hsa-mir-543,1.093321844751128,1.462548704726028,-0.3692268599749,0.12136775419078913,0.22009160658526924
1,hsa-mir-5001,1.4104777087630354,1.7804773383236199,-0.3699996295605845,0.03617283207034827,0.10748498672332057
1,hsa-mir-3200,5.200778669010412,5.571255467221868,-0.37047679821145607,0.3083084065621001,0.44410075183460407
1,hsa-mir-526b,-1.1103445647789534,-0.7390429795346322,-0.3713015852443212,0.9518462881020683,0.9635822254634825
1,hsa-mir-4713,-0.4860417109449221,-0.114724737120924,-0.3713169738239981,0.18301532223372843,0.30470000286511884
1,hsa-mir-6736,-1.2516604447118973,-0.8784508809374723,-0.37320956377442505,0.0487463433874209,0.13726407163244875
1,hsa-mir-6821,-1.3757796350684257,-1.0006895030206933,-0.37509013204773245,0.020430278164145787,0.06709733460224722
1,hsa-mir-6804,-1.1912238040086134,-0.8112925626328785,-0.37993124137573486,0.022284335843646825,0.07167745137337948
1,hsa-mir-632,0.12264352943746722,0.5036711337744009,-0.38102760433693367,0.10169106528680519,0.22009160658526924
1,hsa-mir-1307,12.481216955761116,12.864103098485757,-0.38288614272464017,0.00498530706825638,0.020147873125595735
1,hsa-mir-7846,-0.7082726891744942,-0.32346197181818415,-0.38481071735631,0.058416189871641544,0.15793631923702045
1,hsa-mir-1254-1,1.8357202041142444,2.221144262049174,-0.38542405793492973,0.07000118591940345,0.17931338265068864
1,hsa-mir-6895,-0.5508841725819791,-0.16224369006225775,-0.38864048251972133,0.09875545209756258,0.22009160658526924
1,hsa-mir-6813,-1.080947016733568,-0.6898755059140496,-0.3910715108195184,0.03776818468914863,0.11137687734418122
1,hsa-mir-4723,-1.330208767894506,-0.9345736157809699,-0.39563515211353617,0.017373924939897336,0.05913869780751163
1,hsa-mir-6769b,-1.2703378771992113,-0.8738202735216484,-0.39651760367756295,0.04018141340143803,0.1178251971921867
1,hsa-mir-6746,-0.8690711375858677,-0.4687561543213072,-0.40031498326456055,0.07561562165340213,0.18964689675129795
1,hsa-mir-15b,10.277249334317434,10.680121500510323,-0.4028721661928891,0.09996997123293831,0.22009160658526924
1,hsa-mir-125a,11.686432607528808,12.089547783260228,-0.4031151757314202,0.006478471508299513,0.02539300390187749
1,hsa-mir-5088,-0.9163556122614668,-0.5113875440066094,-0.4049680682548574,0.07360850822652645,0.18579148938404988
1,hsa-mir-6850,-1.0143476159232405,-0.6084900091175229,-0.4058576068057176,0.1528209801016212,0.26111799447812606
1,hsa-mir-6510,0.19335615231986608,0.601089108885895,-0.40773295656602887,0.25955767144940317,0.3958064198055415
1,hsa-mir-6748,-0.185903361226052,0.22192381622067467,-0.4078271774467267,0.011283970431659303,0.041128490358384374
1,hsa-mir-320a,10.613395918086306,11.022046547410545,-0.4086506293242387,0.059564327232359236,0.16020750083186278
1,hsa-mir-6780b,-1.1419655033843452,-0.7275894777675084,-0.41437602561683684,0.06205184405967504,0.16490779681957932
1,hsa-mir-6837,0.7566397651882871,1.1727255126345315,-0.4160857474462444,0.044900393868472256,0.12852222832076463
1,hsa-mir-4784,0.09877046860927226,0.5154301584823193,-0.4166596898730471,0.08327525314279388,0.20235108240305053
1,hsa-mir-550a-3,1.473040158726813,1.8915862682678526,-0.41854610954103966,0.018307163369862694,0.061549945812469406
1,hsa-mir-3909,0.2057060120572647,0.6268790889783445,-0.42117307692107986,0.055523201599273916,0.15222529788201639
1,hsa-mir-6737,-0.276339896852227,0.14570635406020666,-0.42204625091243364,0.01290725760029646,0.04639475082134212
1,hsa-mir-3622a,3.01498048242282,3.440357242379053,-0.42537675995623303,0.13938094616250332,0.24403397981313713
1,hsa-mir-6766,-1.2842045764563332,-0.857615402298695,-0.4265891741576382,0.014454145606945978,0.05070111190183656
1,hsa-mir-7112,-0.3573905611251147,0.07023980521921058,-0.4276303663443253,0.06009212906454294,0.16107168615238313
1,hsa-mir-6788,-1.009871098480173,-0.5795268479787349,-0.4303442505014382,0.044998957600132124,0.1285684502860918
1,hsa-mir-505,6.653235278817027,7.083849559012233,-0.430614280195206,0.0546824148970689,0.15044897220357578
1,hsa-mir-518c,-1.5061608133901152,-1.0753513956531742,-0.43080941773694104,0.28260145968294315,0.4210680774645571
1,hsa-mir-6825,-1.0951272681560624,-0.6643055718341004,-0.430821696321962,0.018731137539974227,0.06257082347400383
1,hsa-mir-6716,1.2472559788159305,1.68192228171296,-0.43466630289702946,0.03523291356270424,0.10529867338182788
1,hsa-mir-1181,-0.13992865194009474,0.2963165354314728,-0.43624518737156753,0.024205524322352664,0.0769055355251938
1,hsa-mir-320c-2,0.7575203195577543,1.194606118135255,-0.43708579857750063,0.10076102604903718,0.22009160658526924
1,hsa-mir-346,-0.7130837975656155,-0.2709443995768362,-0.44213939798877927,0.04912503437245546,0.13799224292064446
1,hsa-mir-3127,4.798956584874481,5.248731835190008,-0.44977525031552723,0.03762214103609754,0.11115632578847
1,hsa-mir-139,6.273948946106186,6.7241395003535755,-0.4501905542473894,0.07251363030118582,0.18453713420856427
1,hsa-mir-5193,-0.5973675164839328,-0.14516294746116798,-0.45220456902276485,0.012640922176012212,0.045647774524488545
1,hsa-mir-5698,1.537568456585297,1.9913152369684797,-0.4537467803831827,0.0765277893068745,0.19101336210995876
1,hsa-mir-4734,-1.1479670360727499,-0.6900202896362782,-0.4579467464364717,0.021210057606352428,0.06922110850608741
1,hsa-mir-4521,0.31978389953031605,0.7809239353516472,-0.4611400358213311,0.01496844881417979,0.05223888176760732
1,hsa-mir-6849,-1.3334947429036859,-0.8720101142441294,-0.4614846286595564,0.00922411814494737,0.034261010252661664
1,hsa-mir-654,4.304933140011688,4.767586437830701,-0.46265329781901343,0.10998372605977055,0.22009160658526924
1,hsa-mir-6800,-1.2824689895914236,-0.817151310466728,-0.4653176791246957,0.02158749449682093,0.07001349566536519
1,hsa-mir-133a-2,0.7536797287976299,1.2200919535833488,-0.46641222478571887,0.04925949471937352,0.13799224292064446
1,hsa-mir-7114,-1.2038303225438203,-0.7351176874640785,-0.4687126350797418,0.008380177067256793,0.03157747880415603
1,hsa-mir-3188,0.44046215352090085,0.9099066406582694,-0.4694444871373686,0.04114576619526777,0.12020111472774854
1,hsa-mir-4741,0.2225839998638207,0.700019314167043,-0.4774353143032223,0.038772714545339454,0.11390853990721196
1,hsa-mir-2116,0.7063229145651844,1.1868716739382383,-0.48054875937305397,0.007572919582544498,0.029097917607806445
1,hsa-mir-525,-1.5654706616192182,-1.0800749295103613,-0.4853957321088569,0.04410292415076738,0.12717294209833108
1,hsa-mir-3130-1,2.366002707047058,2.8515054666634887,-0.4855027596164305,0.041594350484232843,0.12109626512054304
1,hsa-mir-550a-1,2.5548347218144363,3.0404210683517494,-0.48558634653731314,0.01945756603436364,0.06458255960341974
1,hsa-mir-4725,-0.3272369540935929,0.15922561754471196,-0.48646257163830486,0.034056304461901325,0.10256338795476075
1,hsa-mir-4785,-0.8307537235432387,-0.34375075097446817,-0.48700297256877056,0.01550005841024642,0.05385320962134614
1,hsa-mir-3610,1.6105556088405943,2.1010295185062566,-0.4904739096656623,0.012718956255430269,0.04582349135905593
1,hsa-mir-1295a,1.0971861078286922,1.5888653050272186,-0.4916791971985264,0.2157773094544267,0.3455981547730037
1,hsa-mir-506,1.286399722184939,1.7782126245984304,-0.4918129024134914,0.6247845145992663,0.7251963115884342
1,hsa-mir-3619,-0.22984410633433316,0.2629138351930119,-0.4927579415273451,0.022545230055529008,0.07221880674871715
1,hsa-mir-193a,10.480821050490055,10.97655991469334,-0.4957388642032843,0.013057897534337259,0.04682832219210603
1,hsa-mir-1910,-0.7631509495724372,-0.2627614087687525,-0.5003895408036847,0.09060356082170924,0.21254369155167882
1,hsa-mir-7155,-0.3532184303141512,0.150282782843224,-0.5035012131573752,0.0246787601197647,0.07793292669399379
1,hsa-mir-3609,-0.49961524486299785,0.01260154803027706,-0.5122167928932749,0.008752777160239436,0.03274420232607559
1,hsa-mir-320b-1,2.7546480711757426,3.2707401456671774,-0.5160920744914348,0.030949117352446504,0.09541625112611965
1,hsa-mir-449b,0.9490876730112245,1.465253252246749,-0.5161655792355244,0.3545610197476771,0.48349229965592333
1,hsa-mir-6754,-1.0059035352400925,-0.487562215202707,-0.5183413200373854,0.007310072972818311,0.02822701444949645
1,hsa-mir-4749,-0.8573977137746047,-0.3385815333251558,-0.5188161804494489,0.006777346008110533,0.02630014868819013
1,hsa-mir-3130-2,2.3586487327161274,2.877688757595775,-0.5190400248796476,0.008199317833135265,0.03112149834474699
1,hsa-mir-6087,-1.3630866927357148,-0.8419055889481962,-0.5211811037875186,0.010241084114823102,0.037590802868527146
1,hsa-mir-409,4.816472775814037,5.344099354170285,-0.5276265783562479,0.053515495118628874,0.14749853778279337
1,hsa-mir-550a-2,2.556408616753223,3.084867559418965,-0.528458942665742,0.01884091702647302,0.06266914831833244
1,hsa-mir-4523,-0.23068465853983505,0.30168549893825714,-0.5323701574780921,0.024337970748995772,0.07713818704239146
1,hsa-mir-6786,-1.1793224375834703,-0.6421941612770274,-0.5371282763064429,0.003282912795803685,0.013767053659821903
1,hsa-mir-3944,0.3774829690818305,0.9173689542912833,-0.5398859852094529,0.01382554126468125,0.04890667658254592
1,hsa-mir-6782,-1.248692123410671,-0.7080052783476086,-0.5406868450630623,0.0028645130274093807,0.012278690659842629
1,hsa-mir-6734,-0.3975789386688021,0.14991422739836435,-0.5474931660671665,0.0092582151928354,0.03430597553639721
1,hsa-mir-5010,1.437445694004245,1.990369199840649,-0.5529235058364039,7.513717329934729e-4,0.0036859745392132633
1,hsa-mir-517b,-1.359327895984471,-0.8056648058687557,-0.5536630901157154,0.5925592212876175,0.6987092858720206
1,hsa-mir-4754,-0.6741107892871874,-0.12044387535041588,-0.5536669139367715,0.009390870072232715,0.034715064721997715
1,hsa-mir-517a,-1.359327895984471,-0.8046724624930224,-0.5546554334914486,0.5925592212876175,0.6987092858720206
1,hsa-mir-6743,-0.921498743535656,-0.36387736925067826,-0.5576213742849777,0.0037780054162281232,0.015716502531508993
1,hsa-mir-1254-2,1.6496270603169683,2.2106265810252923,-0.560999520708324,0.051403316146348355,0.1429397026529473
1,hsa-mir-214,4.32601120115948,4.8877805896587665,-0.5617693884992869,0.07272628541721692,0.18477688151605598
1,hsa-mir-320b-2,3.359273416860587,3.9211590193554904,-0.5618856024949035,0.011749736167251536,0.04272631333546013
1,hsa-mir-1291,0.14590485011074594,0.713230929541595,-0.567326079430849,0.002865027820629947,0.012278690659842629
1,hsa-mir-6860,0.013116821492932015,0.5849672508898137,-0.5718504293968817,0.04489832625905714,0.12852222832076463
1,hsa-mir-509-3,4.472599037615938,5.045969811156786,-0.573370773540848,0.46353437184664253,0.5845704285212306
1,hsa-mir-2277,1.2975341356431123,1.8780276684025643,-0.580493532759452,0.0030478659983562096,0.012920301514770888
1,hsa-mir-1224,0.9606378892268141,1.5436577798969,-0.5830198906700859,0.08870565386166505,0.20871918555685895
1,hsa-mir-1914,-0.11475008699765224,0.46829859960730313,-0.5830486866049553,0.020908922218565835,0.06838138084059267
1,hsa-mir-4701,-1.1086703055085554,-0.5209064685861502,-0.5877638369224052,0.0016406303718506947,0.0074185025509770535
1,hsa-mir-145,9.602839622789675,10.19075285102186,-0.5879132282321855,0.007944238736346212,0.0303007638843523
1,hsa-mir-193b,7.54497364010522,8.136488747824457,-0.5915151077192364,7.262873671906225e-4,0.0035854692810676297
1,hsa-mir-874,6.3095002983573245,6.90254082280698,-0.5930405244496555,6.211982892349738e-4,0.0031059914461748685
1,hsa-mir-92a-1,15.090902024843801,15.696954042980424,-0.6060520181366229,2.1454144619329537e-4,0.001234998730854394
1,hsa-mir-4787,1.8359107290260057,2.4468593667101493,-0.6109486376841435,0.02863774609541701,0.08899379264711262
1,hsa-mir-8072,-0.30593779496567924,0.3051456233507621,-0.6110834183164413,6.183084736811075e-4,0.003101483019107806
1,hsa-mir-6781,-0.945240021432274,-0.3251723537601547,-0.6200676676721193,0.003159517492518367,0.013321208887374736
1,hsa-mir-4674,-0.8990474811091159,-0.2762373283479974,-0.6228101527611185,0.006541648608980288,0.025576370501276313
1,hsa-mir-6777,0.2378248041282947,0.8638730198080073,-0.6260482156797127,0.007160758686030158,0.027719065881407063
1,hsa-mir-4638,-0.2703687394653862,0.35958329643832665,-0.6299520359037128,9.73144899121301e-4,0.004614304080939907
1,hsa-mir-6132,-1.3585310851311283,-0.7283542505605184,-0.6301768345706099,9.173773158654611e-4,0.004365326143769296
1,hsa-mir-509-2,4.2401497841578255,4.87047125133364,-0.6303214671758148,0.42305292552890106,0.5431790648766137
1,hsa-mir-6858,-0.976835298851558,-0.3454753188733979,-0.6313599799781601,0.004397849527983958,0.01810196639486801
1,hsa-mir-3138,-0.4496210070482128,0.18450208396961204,-0.6341230910178248,0.00530638084527587,0.021206456612633023
1,hsa-mir-92a-2,14.921403872985984,15.567595513515496,-0.6461916405295121,9.40160099438522e-5,5.866599020496377e-4
1,hsa-mir-6845,-0.934387886383638,-0.28567681949901574,-0.6487110668846223,0.002168448852718788,0.009635355400717317
1,hsa-mir-6727,-1.2048866937253158,-0.5555809928158235,-0.6493057009094922,0.0013456504784087216,0.006192373882942789
1,hsa-mir-6784,-0.9325729565632624,-0.27973427241836446,-0.652838684144898,0.004898741906123088,0.01995310019204182
1,hsa-mir-6877,0.9528712308536018,1.6075116912216996,-0.6546404603680978,0.002547391508030081,0.01110036523052214
1,hsa-mir-4683,-1.0509252148783441,-0.3781312985187961,-0.672793916359548,0.006128956862874481,0.02414437552041462
1,hsa-mir-6814,-0.5825058828988089,0.09082236144305164,-0.6733282443418606,0.001705804981941362,0.0076909126353425575
1,hsa-mir-3187,0.9060766306246172,1.5835635887230846,-0.6774869580984674,0.008003315727762547,0.030451640330023347
1,hsa-mir-6882,-0.909816548125386,-0.22877440137038393,-0.6810421467550021,8.680672391472736e-4,0.004166722747906913
1,hsa-mir-1234,-0.22399348804149466,0.45883709052042143,-0.6828305785619161,0.001229999941628705,0.005693768275788664
1,hsa-mir-501,7.0685957885927095,7.752059644391921,-0.6834638557992117,0.0352345560931501,0.10529867338182788
1,hsa-mir-3199-2,0.39704675744170753,1.0893116682998818,-0.6922649108581742,0.0011747986008299436,0.005487083285313509
1,hsa-mir-432,3.3265091018977064,4.022053281180397,-0.6955441792826904,0.023133628525379233,0.07380053271900124
1,hsa-mir-3173,0.9038076487162156,1.5999629784193936,-0.6961553297031781,0.0015043276653872533,0.006881968205290661
1,hsa-mir-3622b,-0.9697536255532152,-0.2723346442268622,-0.6974189813263529,0.004983341606855684,0.020147873125595735
1,hsa-mir-1248,2.8567954560931526,3.557759818410754,-0.7009643623176016,0.002311475542089252,0.010215019392802359
1,hsa-mir-2110,4.042478013774214,4.745089846628991,-0.7026118328547772,0.06251276848661012,0.1655686228168282
1,hsa-mir-6501,-0.18402350527167657,0.5190565450711787,-0.7030800503428553,0.002174131475033651,0.009635355400717317
1,hsa-mir-6730,0.0039619808408486385,0.7096899022590925,-0.7057279214182438,0.01230314038707092,0.04463464884611775
1,hsa-mir-7845,-0.10922187108518881,0.5979412678780497,-0.7071631389632385,7.562630554563366e-4,0.003698339706933809
1,hsa-mir-3074,3.9922482190821538,4.699937828047013,-0.7076896089648597,0.0018556450846963942,0.008294574017554082
1,hsa-mir-6808,1.3694560260483057,2.0785039276616057,-0.7090479016133,0.0026563868969729405,0.011504578947691862
1,hsa-mir-1538,-0.08630522914911025,0.6291292156979542,-0.7154344448470644,2.3021586743815018e-4,0.0013155192425037153
1,hsa-mir-664b,3.8582922759541054,4.576351903667307,-0.7180596277132016,0.0015323153261834167,0.006989508505398041
1,hsa-mir-6894,-0.07457906502464728,0.6523944567675537,-0.726973521792201,9.075040433340734e-5,5.708493175811107e-4
1,hsa-mir-6797,-0.054893664496696123,0.7050559597854748,-0.7599496242821708,6.174276621049925e-4,0.003101483019107806
1,hsa-mir-6747,0.4422817862653995,1.2107335368702232,-0.7684517506048237,3.483389000884222e-5,2.4151497072797274e-4
1,hsa-mir-1292,2.330696744363378,3.099595487983839,-0.7688987436204608,6.552638349091329e-6,5.525468013287822e-5
1,hsa-mir-4763,-0.676334461845408,0.09720004541722398,-0.773534507262632,6.244394534791615e-4,0.003112222196253968
1,hsa-mir-6769a,-0.8942604233525288,-0.11817996243459318,-0.7760804609179356,0.0012438729849032913,0.005740952238015191
1,hsa-mir-605,-0.5157050870594733,0.26070464277283345,-0.7764097298323067,6.358985824665748e-4,0.003159241365120563
1,hsa-mir-6726,-0.8264729270551712,-0.046743071791539796,-0.7797298552636314,5.053811365582386e-4,0.0026634951791582847
1,hsa-mir-3150b,0.7233662688585132,1.5097712383981823,-0.7864049695396691,0.018594970200663294,0.06224925646573978
1,hsa-mir-509-1,4.10021461906692,4.888210425589072,-0.7879958065221526,0.21285014731797203,0.34337769370841403
1,hsa-mir-5091,0.6145094296094842,1.4035954232428163,-0.7890859936333321,0.0019482771014272217,0.008683749366361331
1,hsa-mir-877,4.453561329574668,5.249690777562973,-0.7961294479883056,0.027680235307074162,0.08636233415807139
1,hsa-mir-202,1.8934155691289647,2.6919011093080933,-0.79848554017912865,0.6186171439570406,0.7207190026683967
1,hsa-mir-6749,-0.8612975812524176,-0.05669737265974807,-0.8046002085926696,1.668431117730722e-4,9.934170013969185e-4
1,hsa-mir-6762,-0.593670410646138,0.21274572351998025,-0.8064161341661182,7.509969669157475e-5,4.821215096249243e-4
1,hsa-mir-1180,6.740760566265916,7.55067309149122,-0.8099125252253039,4.0878723880205466e-4,0.0022142642101777963
1,hsa-mir-541,-0.3193067053206985,0.4969240609226434,-0.8162307662433419,0.003117486280093098,0.01317961679388952
1,hsa-mir-1266,5.238205331633995,6.054647215388145,-0.81644188375415,0.0026739856783544284,0.011523253199538421
1,hsa-mir-671,4.767873013740957,5.58486216131618,-0.8169891475752236,2.7382961825057935e-7,3.530365326205816e-6
1,hsa-mir-6802,1.0754320115420903,1.893996004890739,-0.8185639933486486,3.2307401495206934e-5,2.2938857554561512e-4
1,hsa-mir-92b,10.200769294299555,11.0232228573817,-0.8224535630821457,5.464239772862139e-4,0.002804017778179255
1,hsa-mir-513c,0.10889209401829776,0.9329941821245511,-0.8241020881062533,0.4081316201886835,0.5283695663853496
1,hsa-mir-589,6.546224941086496,7.374173418657433,-0.8279484775709367,4.299345239586982e-4,0.002302114643527551
1,hsa-mir-4443,0.12944686270790545,0.9620445250416303,-0.8325976623337248,4.205304651016181e-4,0.0022621638812362903
1,hsa-mir-149,7.820074777837082,8.660293948760792,-0.8402191709237101,8.599968480189457e-4,0.004153545148326796
1,hsa-mir-6741,-0.45649713991625873,0.38444354495390604,-0.8409406848701648,2.8376214434462487e-5,2.0782579585803512e-4
1,hsa-mir-1260b,-0.40398221721553523,0.43892634831700983,-0.842908565532545,0.0017176255875274006,0.007721890249402723
1,hsa-mir-134,7.31819033008411,8.167622046662997,-0.8494317165788869,0.003266223151327559,0.013733984140353076
1,hsa-let-7b,15.248187071885601,16.10092352558837,-0.8527364537027697,4.1502714183054123e-4,0.0022402849178396
1,hsa-mir-636,0.2689929407774786,1.1274057038824266,-0.858412763104948,3.2424757619224694e-5,2.2938857554561512e-4
1,hsa-mir-1237,-1.0592801372596592,-0.1979289100672429,-0.8613512271924163,3.072606688973443e-5,2.20887854138183e-4
1,hsa-mir-658,-0.4843506910880611,0.3868785167857078,-0.8712292078737689,4.0883032372319745e-5,2.772936108731252e-4
1,hsa-mir-3615,4.0862246001362506,4.961926322803019,-0.8757017226667685,2.4072764429904914e-5,1.7882625005072222e-4
1,hsa-mir-4800,-1.0388581239189967,-0.16144306877057096,-0.8774150551484257,3.355955538774029e-4,0.0018630927546218806
1,hsa-mir-574,7.529049566884223,8.412282362573738,-0.8832327956895147,2.0809934038782317e-6,2.1254953386738273e-5
1,hsa-mir-4632,-0.9356108138232012,-0.05064164331254432,-0.8849691705106569,5.365962628990382e-5,3.546992246281778e-4
1,hsa-mir-935,4.713285612608104,5.600772895069911,-0.887487282461807,0.03115746788514179,0.0956804131905929
1,hsa-mir-127,9.884182020264346,10.775305118549511,-0.8911230982851652,0.004802384872884567,0.019663308140944684
1,hsa-mir-6880,-1.346991388000663,-0.44695538073687746,-0.9000360072637855,5.9897678996719414e-6,5.078281480156646e-5
1,hsa-mir-339,5.980659989304809,6.901878946801406,-0.9212189574965972,2.468921242509408e-6,2.4689212425094083e-5
1,hsa-mir-150,8.333325252843997,9.256688416614894,-0.9233631637708974,0.018439375864093985,0.061861131931154015
1,hsa-mir-5090,0.2859674512510433,1.2097750958760825,-0.9238076446250392,8.031480962675856e-5,5.093134269013957e-4
1,hsa-mir-4732,-0.39756156684952687,0.5266260117709185,-0.9241875786204454,4.8108879769365555e-4,0.002552716069394907
1,hsa-mir-766,4.2007040609534005,5.1266763855787225,-0.925972324625322,5.884706411065873e-4,0.0029709197415089847
1,hsa-mir-6833,-0.17467148108694905,0.7644813350086775,-0.9391528160956266,5.12654391801111e-6,4.5183098938403e-5
1,hsa-mir-940,3.047594225265957,3.990932720388924,-0.9433384951229669,4.0287976667422334e-5,2.7445084541999495e-4
1,hsa-mir-99b,17.008676525889786,17.952517312056735,-0.9438407861669482,6.719535650423884e-6,5.6357395777748705e-5
1,hsa-mir-323a,1.7095588270994315,2.65463532014039,-0.9450764930409585,0.0030212750782046384,0.012842477171660042
1,hsa-mir-484,7.1342859403189856,8.086513389347141,-0.9522274490281557,3.471549521846806e-8,6.084963206832604e-7
1,hsa-mir-4326,2.9946623971678963,3.9538979468530187,-0.9592355496851224,0.03220345742125839,0.09754833704303512
1,hsa-mir-331,5.020143155776903,5.985102551768899,-0.964959395991996,3.134385059007018e-9,8.015804413198276e-8
1,hsa-mir-6803,0.34587668799158305,1.3137333749853972,-0.9678566869938141,9.123253136828742e-7,1.0165910638180599e-5
1,hsa-mir-6879,-0.3389646369916076,0.6369719190262076,-0.9759365560178153,4.482104535910627e-6,4.1373272639175015e-5
1,hsa-mir-205,8.754436753036197,9.739002717045693,-0.9845659640094961,0.05485083740379902,0.15064666610902547
1,hsa-mir-6798,0.4638425105420316,1.4546189334671966,-0.990776422925165,1.3349515414087526e-5,1.0417792688136637e-4
1,hsa-mir-1296,4.780206649823575,5.773760190304266,-0.9935535404806908,1.5083219091804778e-5,1.1648426625354186e-4
1,hsa-mir-7702,0.9814132153219879,1.9884648187034333,-1.0070516033814454,0.006391851936455964,0.025116597029902526
1,hsa-mir-3653,2.5227423894855114,3.5329915836302086,-1.0102491941446972,2.8136425654009708e-6,2.778026836725009e-5
1,hsa-mir-1249,1.4413534689447196,2.4526597079352603,-1.0113062389905407,5.421414903114791e-6,4.672600689977389e-5
1,hsa-mir-6793,-0.3251606861059566,0.6913903068155822,-1.0165509929215388,1.7638829041078283e-6,1.8467498861800083e-5
1,hsa-mir-4640,0.4964280576897407,1.5130861427228992,-1.0166580850331586,3.41415554000784e-5,2.3777154653626032e-4
1,hsa-mir-4646,-0.7263840025262355,0.291832607483191,-1.0182166100094265,2.1864165590040344e-6,2.208808864947909e-5
1,hsa-mir-6875,0.9631552659820188,1.982362774300776,-1.019207508318757,1.4810501613560004e-5,1.1494717670225674e-4
1,hsa-mir-6891,-0.8032528520431712,0.2254342233305679,-1.0286870753737392,1.5263165336225237e-4,9.194937208524115e-4
1,hsa-mir-6812,-0.9238557900005191,0.11660207479584073,-1.0404578647963598,4.993969939538495e-6,4.4453386762349296e-5
1,hsa-mir-370,3.4796594006198203,4.532088334796866,-1.0524289341770454,3.637797077311737e-4,0.0019982265635937707
1,hsa-mir-3620,0.3867242800930151,1.450779180615165,-1.06405490052215,2.0976264928992445e-4,0.001211961973675119
1,hsa-mir-6885,-0.4971497854907694,0.5712525749900654,-1.0684023604808348,8.905668437247321e-7,9.994850907989798e-6
1,hsa-mir-3605,2.9965527074534255,4.082422405534631,-1.0858696980812055,1.5991263064117251e-7,2.1505491706916306e-6
1,hsa-mir-6810,0.9090078017036328,1.9982764566972666,-1.0892686549936337,1.96076553067311e-6,2.0391961519000343e-5
1,hsa-mir-323b,1.2768281435788733,2.371196735676637,-1.0943685920977635,9.504897528432424e-5,5.907426352332502e-4
1,hsa-mir-6750,-1.1068323946562146,-0.0015650828485317585,-1.1052673118076828,2.1946498337623457e-6,2.208808864947909e-5
1,hsa-mir-197,11.238976305822963,12.357638822988756,-1.1186625171657933,4.7325480178567756e-8,7.938467642856527e-7
1,hsa-mir-3652,1.6009068093756629,2.721886319573335,-1.120979510197672,6.301812696129717e-7,7.504448706841495e-6
1,hsa-let-7d,11.484095180389435,12.619433371459001,-1.1353381910695663,4.421659737393426e-6,4.1058268990081815e-5
1,hsa-mir-1275,0.004449489836607303,1.1462369880296388,-1.1417874981930316,1.7891646505829948e-4,0.0010532440961922534
1,hsa-mir-4685,-0.25914357152396217,0.919543417092624,-1.1786869886165863,6.865273476996082e-8,1.0499830023641067e-6
1,hsa-mir-504,1.5601165544713358,2.7493507823299557,-1.1892342278586199,0.0015533758705331478,0.007064916495719273
1,hsa-mir-1229,1.4431034386664436,2.633110274262776,-1.1900068355963322,7.065536777491356e-6,5.862892219620486e-5
1,hsa-mir-1976,4.156951613970688,5.348712370151721,-1.1917607561810328,5.7514552444576133e-8,9.249763073560697e-7
1,hsa-mir-1227,-0.5162995864627062,0.6760590369210544,-1.1923586233837606,1.312752825500514e-6,1.4221488942922235e-5
1,hsa-mir-486-1,6.389113239244608,7.61052567253453,-1.221412433289922,2.3579505576591317e-4,0.0013424827992511844
1,hsa-mir-937,4.6243608314702005,5.846058655779875,-1.2216978243096746,1.6455438587171514e-4,9.873263152302908e-4
1,hsa-mir-3928,2.09702843651764,3.328309246851566,-1.2312808103339257,3.660906034089769e-8,6.345570459088932e-7
1,hsa-mir-1226,3.964901793685973,5.197776196761191,-1.2328744030752175,1.0913399042735777e-5,8.775722941581346e-5
1,hsa-mir-6842,1.9758653825794237,3.223074967053783,-1.2472095844743591,2.245604209031305e-8,4.170407816772424e-7
1,hsa-mir-486-2,6.347189922003549,7.596774737151648,-1.2495848151480988,1.811313193002806e-4,0.0010622739026632997
1,hsa-mir-1306,5.105932749683233,6.36610281008792,-1.260170060404687,9.44069483768287e-7,1.044502407573424e-5
1,hsa-mir-375,9.261106802317862,10.522781589378452,-1.2616747870605902,0.0036672171681937722,0.015337423009067788
1,hsa-mir-7110,0.06116150561432419,1.3233568187074618,-1.2621953130931376,1.2669409181166071e-7,1.7805656146503669e-6
1,hsa-mir-760,3.757254588693091,5.019589732778338,-1.2623351440852475,3.385129719588122e-5,2.3680728083217353e-4
1,hsa-mir-6511b-1,2.5882305115062256,3.8612244124166213,-1.2729939009103957,3.266765409781489e-8,5.857648320987497e-7
1,hsa-mir-642a,0.1312635986008345,1.4068877641450523,-1.2756241655442178,3.0238256391080537e-5,2.194031626515611e-4
1,hsa-mir-1343,1.7965808979157996,3.091507363349889,-1.2949264654340893,2.0631991403407908e-8,3.973568714730412e-7
1,hsa-mir-487a,0.8004219451829677,2.1148323837288743,-1.3144104385459066,3.30446491807148e-5,2.322056428915094e-4
1,hsa-mir-6820,0.5831726787102134,1.9148317865461897,-1.3316591078359763,3.4189915917377306e-8,6.060939639898704e-7
1,hsa-mir-328,7.315565127889033,8.660887851150788,-1.3453227232617548,2.9369791146025478e-09,7.636145697966624e-8
1,hsa-mir-6511b-2,2.507243473123884,3.8529628560720077,-1.3457193829481238,2.8661181300286827e-9,7.578210648889398e-8
1,hsa-mir-3917,2.8180305226161253,4.176872322239152,-1.3588417996230269,1.303510266815646e-5,1.0270080890062666e-4
1,hsa-mir-4758,1.520296398275813,2.892263267811365,-1.3719668695355518,3.13765027386728e-5,2.2452910216664939e-4
1,hsa-mir-6892,2.8289133041536902,4.245025002834884,-1.4161116986811941,9.352894191815256e-6,7.639013057189424e-5
1,hsa-mir-377,1.8914771235411854,3.3307972284762934,-1.439320104935108,1.5546498397325472e-5,1.1947062807796914e-4
1,hsa-mir-433,1.3308666508954852,2.7843617903475524,-1.4534951394520672,1.3356144471970048e-5,1.0417792688136637e-4
1,hsa-mir-1228,1.4843555921420843,2.944658715833618,-1.4603031236915338,9.996201106499713e-9,2.0792098301519401e-7
1,hsa-mir-4745,-0.11918896041206427,1.3506204920559388,-1.469809452468003,4.955931256103649e-7,6.087600598048576e-6
1,hsa-mir-296,5.230849914446454,6.705805449861815,-1.4749555354153614,1.3337625273064912e-7,1.841300480175333e-6
1,hsa-mir-3940,1.2441265070348138,2.7426037477691523,-1.4984772407343385,9.459868509830093e-9,1.9942425507209386e-7
1,hsa-mir-431,3.2727012659884607,4.795195520245198,-1.522494254256737,6.847369203228926e-6,5.71224382729258e-5
1,hsa-mir-615,2.4075169588132637,3.9733340921088134,-1.5658171332955497,3.0719497360672944e-6,2.9951509926656122e-5
1,hsa-mir-7641-2,0.011338115954901345,1.57853477844363,-1.5671966624887288,2.011074885404743e-6,2.0776667690274163e-05
1,hsa-mir-7641-1,0.5799133216430131,2.1724348353879392,-1.5925215137449262,1.1259044079866446e-6,1.2282593541672485e-5
1,hsa-mir-4449,1.9258634313669016,3.5602247473752278,-1.6343613160083261,9.881507457826058e-8,1.4542595881328916e-6
1,hsa-mir-3651,0.6156328037106518,2.2671410952548245,-1.6515082915441728,6.622415460356657e-9,1.4972417562545484e-7
1,hsa-mir-4728,2.8893749064774976,4.611920453276124,-1.7225455467986261,3.9615086244240314e-10,1.261214990632957e-8
1,hsa-mir-1247,3.675156368897822,5.441742885371191,-1.7665865164733692,3.6088819901848865e-5,2.4910866834904527e-4
1,hsa-mir-326,2.660720047981592,4.438568213264568,-1.7778481652829758,1.3675047104112252e-9,3.9436530501298556e-8
1,hsa-mir-675,4.9136375459447095,6.700542387010127,-1.7869048410654171,0.002384381344150588,0.010448412631671114
1,hsa-mir-485,3.277273880711612,5.065191100315796,-1.787917219604184,5.285535809856681e-6,4.606388750489621e-5
1,hsa-mir-1269a,6.120989018785057,8.82887880695239,-2.707889788167334,0.00392547023652166,0.016286525449398376
2,hsa-mir-483,8.288625720550815,6.330640620655855,1.9579850998949597,5.873463638971455e-6,8.254597546662585e-5
2,hsa-mir-4745,2.880301461702275,0.9352863280465569,1.945015133655718,8.163375327670302e-27,6.3674327555828356e-24
2,hsa-mir-3200,7.036303959894862,5.246479009618317,1.7898249502765449,3.047409944063778e-19,5.942449390924367e-17
2,hsa-mir-3620,2.8250072569125555,1.0956996890517585,1.729307567860797,2.9129299362736414e-25,1.5147235668622934e-22
2,hsa-mir-1269b,3.4849646154370424,1.8772993970231526,1.6076652184138898,0.0013070158527071461,0.008676360554141055
2,hsa-mir-1226,6.387277285169889,4.868476562985673,1.5188007221842152,2.7055640023219578e-24,1.0551699609055635e-21
2,hsa-mir-767,3.0014930337843597,1.488006008466975,1.5134870253173847,2.9533271473106e-6,4.528787495146733e-5
2,hsa-mir-1229,3.7973763863508285,2.311973012981973,1.4854033733688556,3.7953109463467225e-17,6.5785389736676526e-15
2,hsa-mir-6728,1.1817578682024954,-0.3033690751591289,1.4851269433616243,8.141732371655691e-21,2.5402204999565755e-18
2,hsa-mir-877,6.419503129002017,4.955147108843217,1.4643560201587995,7.227205657437448e-28,1.1274440825602419e-24
2,hsa-mir-105-2,2.220336934528628,0.7563843881649176,1.4639525463637102,5.662785763695808e-6,8.030859810332237e-5
2,hsa-mir-105-1,2.2274751289338814,0.8013558880509902,1.4261192408828913,1.0737661460325948e-5,1.4195552439074982e-4
2,hsa-mir-1915,1.932273157337286,0.5619218965895686,1.3703512607477175,1.9533267431281383e-8,5.9748818025096e-7
2,hsa-mir-431,5.818392024023834,4.479416783131483,1.338975240892351,1.5550703078546873e-6,2.6085050325304432e-5
2,hsa-mir-4758,3.9069936491719583,2.58880600749384,1.3181876416781182,2.5145444583818915e-11,1.1537321632575737e-9
2,hsa-mir-760,6.02534628323189,4.725678884679868,1.299667398552022,5.202912874490364e-16,8.116544084204968e-14
2,hsa-mir-6834,1.695179615568199,0.4309800975862353,1.2641995179819638,8.728698556346441e-13,7.564872082166916e-11
2,hsa-mir-937,6.8246304938210365,5.5605507157302645,1.264079778090772,7.760212018122062e-12,4.842372299308167e-10
2,hsa-mir-1276,0.7991546509295275,-0.4472761395188561,1.2464307904483836,8.501851860764213e-15,1.1052407418993476e-12
2,hsa-mir-3187,2.5722377814368738,1.3343020499541187,1.237935731482755,9.540250769472994e-12,5.712727949091798e-10
2,hsa-mir-541,1.475883109950069,0.23987733194361185,1.2360057780064573,1.4404976136988929e-5,1.8726468978085608e-4
2,hsa-mir-1227,1.630875646634508,0.3974595337801339,1.2334161128543741,4.270217304229726e-14,4.441025996398915e-12
2,hsa-mir-5088,0.4709602881453813,-0.7401770874050526,1.211137375550434,2.294087682980786e-19,5.1125382649286094e-17
2,hsa-mir-6871,0.3844361697226808,-0.8194450986571936,1.2038812683798743,4.9963665180559137e-20,1.2990552946945376e-17
2,hsa-mir-1251,2.537211363611063,1.3688718377992066,1.1683395258118565,8.67189098062851e-6,1.1866798184017961e-4
2,hsa-mir-410,4.559725098074307,3.4128989412516146,1.1468261568226925,3.156470700016071e-6,4.734706050024107e-5
2,hsa-mir-1914,1.3636875654227985,0.2447037330052495,1.118983832417549,2.5245793966613627e-12,1.9951778854275638e-10
2,hsa-mir-6735,1.2780464322899436,0.15923496110686525,1.1188114711830783,1.0307698935602932e-14,1.2369238722723519e-12
2,hsa-mir-6807,0.46809114205988356,-0.6454218139805307,1.1135129560404142,5.467395834110654e-14,5.330710938257888e-12
2,hsa-mir-4691,0.018021507885978397,-1.066627946954392,1.0846494548403705,2.400677418084818e-14,2.6750405515802258e-12
2,hsa-mir-1260b,1.2844987906302052,0.20719714065984235,1.077301649970363,2.3087146516559983e-8,6.69267703185387e-7
2,hsa-mir-6850,0.26110049415298753,-0.8143528073507492,1.0754533015037366,5.146298823544213e-8,1.3607162991066055e-6
2,hsa-mir-1910,0.5825029238883737,-0.4703184491243462,1.0528213730127198,2.3160890834387936e-8,6.69267703185387e-7
2,hsa-mir-4658,1.413954645460929,0.3718895474619469,1.0420650979989823,3.06581526804279e-7,6.2929892344036225e-6
2,hsa-mir-4741,1.5318558163442926,0.49681569693965816,1.0350401194046344,7.3105060060085496e-9,2.4529760361293543e-7
2,hsa-mir-432,4.832307787637653,3.807897553652221,1.024410233985432,1.934888853401483e-4,0.0017248152064607506
2,hsa-mir-7706,5.187930210812231,4.171742845715506,1.0161873650967257,7.919651251970594e-11,3.4318488758539245e-9
2,hsa-mir-3177,1.198283493729146,0.18448958778103988,1.013793905948106,9.237065445906521e-11,3.894546512328155e-9
2,hsa-mir-940,4.777609995756176,3.764142168230148,1.013467827526028,2.1557582778380425e-11,1.01908573134162e-9
2,hsa-mir-433,3.521640039447459,2.53173380013274,0.9899062393147191,2.8749665831719935e-4,0.0023856105690150584
2,hsa-mir-485,5.760410093413277,4.797598879954852,0.9628112134584255,3.549879067733559e-5,0.00042928770121429083
2,hsa-mir-4664,2.5610175663315933,1.599222085841783,0.9617954804898103,2.517814922482218e-8,7.013912998343322e-7
2,hsa-mir-370,5.263074379174311,4.308973609508418,0.9541007696658932,5.469356264948766e-6,7.827702544330344e-5
2,hsa-mir-135a-1,2.529893581209021,1.5830267518638528,0.9468668293451681,7.092635064518047e-4,0.005194605962745611
2,hsa-mir-1224,2.295335760110718,1.3493652382284689,0.9459705218822492,1.2533347307361217e-4,0.0011995105398456135
2,hsa-mir-6832,-0.08638440250002054,-1.0313482929566051,0.9449638904565846,2.5774195789814367e-12,1.9951778854275638e-10
2,hsa-mir-6798,2.17395142018159,1.2382197947564222,0.935731625425168,3.529768110442006e-11,1.5732680720827225e-9
2,hsa-mir-412,1.906372853549485,0.9760239784125316,0.9303488751369534,3.253227096829213e-4,0.0025893031995171288
2,hsa-mir-323a,3.3673602201665433,2.442800101935573,0.9245601182309704,3.4748895559895486e-4,0.002737791771385705
2,hsa-mir-1197,-0.26149904665953133,-1.1815032961440914,0.9200042494845602,6.343599535024619e-5,6.920290401845038e-4
2,hsa-mir-6877,2.330060220422427,1.4141169101451556,0.9159433102772714,2.058098994940776e-11,1.0033232600336283e-9
2,hsa-mir-543,2.1939210512304474,1.2874446851977697,0.9064763660326778,9.664910558334722e-6,1.2997638337070832e-4
2,hsa-mir-6721,0.5150203337396938,-0.3882738190821581,0.9032941528218519,1.1367171255640862e-8,3.618936154857091e-7
2,hsa-mir-6808,2.7793686552831542,1.8857004658485088,0.8936681894346454,9.18751196595535e-10,3.67500478638214e-8
2,hsa-mir-6800,-0.11144841453454435,-0.9937854268573101,0.8823370123227657,1.52684918944712e-11,7.683499146895185e-10
2,hsa-mir-1236,-0.18920343341827023,-1.0688212698685369,0.8796178364502667,1.085888533029331e-13,9.964624185445625e-12
2,hsa-mir-3691,0.9422097797810539,0.06431821189956496,0.8778915678814889,7.668040949841754e-8,1.8690849815239276e-6
2,hsa-mir-6781,0.3549784152931756,-0.5074894094955202,0.8624678247886959,1.3617976651917202e-9,5.181474043168496e-8
2,hsa-mir-487a,2.7541697146232043,1.8919628727750988,0.8622068418481055,1.0093744734976006e-4,0.0010029453367237304
2,hsa-mir-6814,0.7544289401793387,-0.09187053103209872,0.8462994712114374,2.3480733421899138e-8,6.69267703185387e-7
2,hsa-mir-6511b-2,4.476377699501133,3.6311358925925354,0.8452418069085974,2.919185228867589e-12,2.0699677077424722e-10
2,hsa-mir-6511b-1,4.47555000186167,3.6463696244559745,0.8291803774056956,7.235248582598339e-12,4.70291157868892e-10
2,hsa-mir-6783,0.8550742854638123,0.02766040680099503,0.8274138786628172,7.39037651910767e-9,2.4529760361293543e-7
2,hsa-mir-6895,0.4997294314489913,-0.3245648458875416,0.8242942773365329,1.467037236865096e-8,4.577156179019099e-7
2,hsa-mir-758,3.859055753252709,3.0504559540603005,0.8085997991924088,2.4921875242778967e-4,0.0021084491853603296
2,hsa-mir-6797,1.3299512840986605,0.5241585171969044,0.805792766901756,3.294409107813917e-8,9.016277558227563e-7
2,hsa-mir-7111,-0.28832332127921434,-1.092749095583483,0.8044257743042688,1.3204155549422916e-11,7.001522147928539e-10
2,hsa-mir-1238,-0.20146849513452136,-0.9997792877423228,0.7983107926078015,1.292426364498156e-11,7.001522147928539e-10
2,hsa-mir-6847,-0.22107749184245998,-1.0130465980109131,0.7919691061684532,1.5466782783058237e-9,5.6709676795965396e-8
2,hsa-mir-504,3.336226392612682,2.5459882972045964,0.7902380954080854,1.7393783068050364e-4,0.0015868012623484543
2,hsa-mir-4515,-0.06029888495003629,-0.8472375383109523,0.786938653360916,7.307243409276122e-8,1.809412653725516e-6
2,hsa-mir-5002,-0.007060945441697174,-0.7927775967092219,0.7857166512675247,3.0613315623852044e-9,1.0853811903002088e-7
2,hsa-mir-323b,2.9589185749740556,2.174339153948921,0.7845794210251347,0.004253622727740447,0.022960731679152586
2,hsa-mir-329-1,0.28072422208046666,-0.49949165739378226,0.7802158794742489,8.5709747631893e-5,8.854781874553184e-4
2,hsa-mir-6892,4.809586790659795,4.030242407109044,0.7793443835507512,7.28761658436284e-7,1.3067450427133367e-5
2,hsa-mir-3911,0.1946047836310005,-0.5816423772113666,0.7762471608423671,1.5431247977908153e-7,3.4250834325875813e-6
2,hsa-mir-1228,3.5031859828020786,2.7279958978423444,0.7751900849597342,2.39546319178644e-7,4.982563438915795e-6
2,hsa-mir-219a-2,-0.4815880640948335,-1.248357818536147,0.7667697544413135,4.320423271835312e-4,0.003303853090227003
2,hsa-mir-6853,0.23352019527428594,-0.5284259958357892,0.7619461911100751,3.3581194787810287e-8,9.032183425686905e-7
2,hsa-mir-4647,0.08307912795163841,-0.6691634485969329,0.7522425765485713,1.623349852915642e-7,3.517258014650558e-6
2,hsa-mir-324,7.948222632257326,7.200468435904017,0.7477541963533092,8.813383066659339e-16,1.249897962180779e-13
2,hsa-mir-1301,6.92697169073689,6.186923713105957,0.7400479776309332,2.6858163842294126e-12,1.9951778854275638e-10
2,hsa-mir-7110,1.8610309581868172,1.1248900910473456,0.7361408671394716,4.829703639147071e-7,9.301651453172138e-6
2,hsa-mir-662,-0.023426562824184722,-0.7515241589899442,0.7280975961657594,3.6136279985985284e-5,4.3363535983182344e-4
2,hsa-mir-6741,0.9368673987611951,0.21262101199019925,0.7242463867709958,8.103575696653873e-8,1.9448581671969294e-6
2,hsa-mir-1908,0.24859364241416618,-0.47469088353359523,0.7232845259477614,3.6819411142193893e-6,5.3680636805441564e-5
2,hsa-mir-127,11.322547360810168,10.601006773403473,0.7215405874066949,1.8905033075841291e-4,0.0016949339999030122
2,hsa-mir-636,1.675715282016035,0.9551921730735251,0.7205231089425099,4.650825192142964e-7,9.06910912467878e-6
2,hsa-mir-377,3.8362483603364295,3.1264327184778247,0.7098156418586048,0.00201806641020883,0.012394423621755017
2,hsa-mir-149,9.190672974470164,8.493016778575418,0.697656195894746,2.9463109467781925e-5,3.7066492556241777e-4
2,hsa-mir-301b,0.15067363099422235,-0.544109812603452,0.6947834435976744,4.281737499092442e-7,8.45507658048634e-6
2,hsa-mir-4742,1.2999296894038388,0.6084927178176768,0.691436971586162,7.069348299158806e-8,1.802237232087743e-6
2,hsa-mir-765,0.1920194090879404,-0.4958694291543421,0.6878888382422825,3.651831218954751e-6,5.3680636805441564e-5
2,hsa-mir-4326,4.465416884948559,3.782088670782889,0.68332821416567,1.5045375068357728e-4,0.0014139027172673526
2,hsa-mir-487b,2.3666932221205235,1.6861847914731571,0.6805084306473663,0.003815393784338287,0.021324535344033602
2,hsa-mir-3132,0.023179156210305005,-0.6564633093201564,0.6796424655304614,5.849078957265825e-5,6.425748713615976e-4
2,hsa-mir-7112,0.6094500465665207,-0.06979645909428325,0.6792465056608039,3.7656369664577053e-6,5.4392533959944636e-5
2,hsa-mir-6769a,0.3966437581467158,-0.27777104470510355,0.6744148028518193,4.880381572302944e-5,5.598084744700436e-4
2,hsa-mir-493,4.242201366811723,3.5740065681619195,0.6681947986498034,3.4256919822873934e-4,0.002712730706785956
2,hsa-mir-943,-0.36081415753617996,-1.0264150220708885,0.6656008645347086,5.114835861183099e-7,9.730663345665408e-6
2,hsa-mir-6891,0.7163241744618976,0.05294227895952434,0.6633818955023733,2.1557783354976846e-4,0.0018893338221215661
2,hsa-mir-6514,1.762543128041843,1.100905579712247,0.6616375483295962,1.5588520750879377e-7,3.4250834325875813e-6
2,hsa-mir-1180,8.051537871224745,7.391546623702014,0.659991247522731,7.162737717271799e-8,1.802237232087743e-6
2,hsa-mir-6777,1.3738275700674543,0.7158352031174615,0.6579923669499927,1.0154736562741027e-5,1.3539648750321372e-4
2,hsa-mir-6764,0.5807466442049768,-0.07435888169921413,0.6551055259041909,2.9611302852882487e-6,4.528787495146733e-5
2,hsa-mir-6750,0.47612376002884316,-0.17675589557698457,0.6528796556058277,5.021307427097308e-5,5.717693128665548e-4
2,hsa-mir-4701,-0.013704795574335626,-0.6656882448088259,0.6519834492344903,7.975948833646911e-7,1.413918202328316e-5
2,hsa-mir-668,-0.35094786611027207,-0.9925028251165069,0.6415549590062348,2.973044976555041e-4,0.0024410264018030867
2,hsa-mir-4648,-0.8146697914606645,-1.4542744181176643,0.6396046266569998,9.887413758043497e-12,5.712727949091798e-10
2,hsa-mir-217,0.6674616423334644,0.030667108501503358,0.636794533831961,9.389448454382987e-4,0.006556866080685332
2,hsa-mir-6879,1.1056933021966708,0.47271280176689734,0.6329805004297735,1.227946696931296e-6,2.10505148045365e-5
2,hsa-mir-588,1.1975428399893504,0.5677468752250051,0.6297959647643453,0.004920921105390852,0.02594291547115245
2,hsa-mir-3679,0.2569453828529865,-0.372439568598094,0.6293849514510805,3.0142282727991255e-6,4.565238937443336e-5
2,hsa-mir-1911,-0.07965633443671588,-0.7027975997553978,0.6231412653186819,9.414987192778939e-4,0.006556866080685332
2,hsa-mir-6751,-0.1287419567626357,-0.7479210127153423,0.6191790559527066,9.765734802583342e-8,2.240374454710296e-6
2,hsa-mir-4533,0.010266525870999002,-0.6000227529457229,0.6102892788167219,0.010959270780596646,0.049296171780644264
2,hsa-mir-6875,2.4284357455240504,1.8196755235143698,0.6087602220096806,2.4310256959277224e-6,3.792400085647247e-5
2,hsa-mir-4640,1.9574869023774173,1.350919277973042,0.6065676244043754,7.305534366787326e-6,1.0085516470963034e-4
2,hsa-mir-4646,0.7298372654329528,0.13086010030345,0.5989771651295028,9.806857757608556e-5,9.806857757608555e-4
2,hsa-mir-770,-0.6262558771290762,-1.2246898619361062,0.59843398480703,1.1283480118883068e-5,1.4791789063409736e-4
2,hsa-mir-409,5.808426728070608,5.212291902277178,0.5961348257934302,0.002046636360303318,0.012520598910090887
2,hsa-mir-4728,5.005237743590722,4.410482411422756,0.5947553321679653,6.957730364563072e-6,9.691124436355708e-5
2,hsa-mir-1234,0.9096304543547152,0.3188644464903806,0.5907660078643346,3.8597593385044764e-5,4.561533763687109e-4
2,hsa-mir-206,0.9049733293313444,0.31669743733062244,0.5882758920007221,0.05303961066860337,0.17382729546853204
2,hsa-mir-6792,-0.8292488222815722,-1.395966470667445,0.5667176483858729,8.907968888155688e-9,2.8950898886505986e-7
2,hsa-mir-329-2,0.1844114803563192,-0.38161562745132804,0.5660271078076473,0.013667843030077462,0.05932192840453494
2,hsa-mir-1225,-0.3318665179395135,-0.8964283589386357,0.5645618409991222,1.58400580237172e-6,2.6287755869147693e-5
2,hsa-mir-3127,5.6903802059445745,5.12702808421298,0.5633521217315947,1.7893535863747303e-7,3.7721508037088908e-6
2,hsa-mir-6893,-0.7712250038734613,-1.3344453284743987,0.5632203246009374,1.930383796122504e-6,3.1368736686990695e-5
2,hsa-mir-1269a,9.136403265291298,8.575575752687055,0.5608275126042432,0.23051914073596516,0.48334658541412046
2,hsa-mir-6776,-0.5092816158890736,-1.0679184357834095,0.5586368198943359,3.987139428336692e-7,7.974278856673384e-6
2,hsa-mir-3677,1.3111865692324658,0.7611193334973785,0.5500672357350873,0.0020074055246946227,0.012394423621755017
2,hsa-mir-4479,0.3908188079090157,-0.15817996917327493,0.5489987770822906,0.0010387108105979965,0.00713827693626817
2,hsa-mir-6747,1.6196542710125401,1.0732712979491188,0.5463829730634213,9.535581274714174e-6,1.293522329439488e-4
2,hsa-mir-4763,0.5028569881939905,-0.03995452716497127,0.5428115153589618,0.0017046933679396691,0.010810250625958879
2,hsa-mir-6736,-0.4508331124666598,-0.9919046913768086,0.5410715789101488,1.127136345474197e-6,1.975654717909828e-5
2,hsa-mir-6786,-0.22432092779160642,-0.7651991894946542,0.5408782617030478,1.7134331082393516e-6,2.8136375251088303e-5
2,hsa-mir-3944,1.3343681232075297,0.7943480228348788,0.5400201003726509,2.222511434926978e-4,0.0019261765769367143
2,hsa-mir-4725,0.5770580624939153,0.03979518076499442,0.5372628817289209,5.304770973800241e-4,0.003997798415037863
2,hsa-mir-1288,0.2341888293752056,-0.2987092277534256,0.5328980571286313,8.070556582966755e-5,8.506802884748742e-4
2,hsa-mir-6874,0.15206334345347436,-0.3790312888936349,0.5310946323471093,5.701093414613918e-5,6.30759271404093e-4
2,hsa-mir-654,5.180975294355311,4.650737870877257,0.530237423478054,0.015406256160459021,0.06478102320839911
2,hsa-mir-6765,-0.9291847605942843,-1.4587772295956525,0.5295924690013681,1.7166409852656076e-7,3.6684382698826686e-6
2,hsa-mir-6885,0.947677582340167,0.419302650059598,0.528374932280569,1.4815680879493568e-4,0.0014092964739030468
2,hsa-mir-6846,-0.6103145164437307,-1.1381292590498846,0.5278147426061539,3.1768470329968416e-4,0.0025545780265335428
2,hsa-mir-6825,-0.2550463277951433,-0.7780716050685892,0.5230252772734458,1.0950254841541418e-4,0.001074364625962554
2,hsa-mir-219a-1,3.996381694558853,3.478750966088728,0.5176307284701251,0.004823342553126181,0.02568059516340219
2,hsa-mir-421,1.3671798241184392,0.8529003111390923,0.5142795129793469,3.546021143404516e-4,0.00277979546920153
2,hsa-mir-4738,0.23604361036530339,-0.2760978377653387,0.5121414481306421,1.8702080586744817e-4,0.0016864303881688968
2,hsa-mir-7113,-0.7776489684756689,-1.289251812727298,0.5116028442516292,1.0302996913236848e-7,2.329373215166592e-6
2,hsa-mir-6858,0.041588563094532974,-0.46883164291386575,0.5104202060083988,0.0021482998576936663,0.013040263727634706
2,hsa-mir-6890,-0.6271823937522544,-1.1371520050835626,0.5099696113313082,3.6713493313282217e-6,5.3680636805441564e-5
2,hsa-mir-1307,13.260187582390783,12.756397285895858,0.503790296494925,9.281057156159587e-8,2.1937044187286296e-6
2,hsa-mir-4469,0.445059078755618,-0.056687399973662,0.50174647872928,0.0019350887929729269,0.012026846681425361
2,hsa-mir-501,8.128664237022637,7.627168290995911,0.5014959460267256,3.599449922734336e-4,0.0028025190882770804
2,hsa-mir-7854,0.8579856786618736,0.3565076756234007,0.5014780030384729,2.1011872887987158e-4,0.00186241600598068
2,hsa-mir-496,1.0978490612614353,0.5970009848804665,0.5008480763809688,0.046142941697969175,0.15655336936877642
2,hsa-mir-615,4.296681782680318,3.7971935511535277,0.49948823152679056,0.005617334749909556,0.028920931385672963
2,hsa-mir-6815,1.219950756926853,0.7254294936100107,0.4945212633168423,5.592012711252442e-4,0.004194009533439331
2,hsa-mir-6849,-0.4909245223463919,-0.9821903180075691,0.4912657956611772,5.47763380706181e-5,6.103649099297446e-4
2,hsa-mir-299,2.8906225600170012,2.4001909339752836,0.49043162604171764,0.00615747174798532,0.03139103244070947
2,hsa-mir-6737,0.52709419232107535,0.03824052956900933,0.48885366275206604,1.2165993924113786e-4,0.0011779069513186454
2,hsa-mir-6762,0.5712814618576565,0.08288390334720801,0.48839755851044847,2.688122988862008e-4,0.0022545547648520066
2,hsa-mir-6716,2.0616305597428797,1.5739105872019716,0.48771997254090804,3.4099687258087516e-5,4.1558993845794163e-4
2,hsa-mir-18a,3.9106842397896022,3.4313895131248318,0.47929472666477047,1.1644405301917297e-4,0.0011353295169369364
2,hsa-mir-184,2.9193551402504654,2.451144590166033,0.46821055008443224,0.03992901306312323,0.14188897580517593
2,hsa-mir-6755,0.5399854794797296,0.07239577428689965,0.46758970519283,0.0027276597417704124,0.015877422377469565
2,hsa-mir-4726,-0.08571964940588812,-0.5530565022540587,0.46733685284817056,3.7932014439666725e-4,0.0029294030953405984
2,hsa-mir-4433b,0.03437539281103338,-0.4307635996771686,0.46513899248820195,0.003313393702892779,0.018795978823682676
2,hsa-mir-6793,1.017279344684884,0.553393564156005,0.46388578052887897,4.4487408874230706e-4,0.0033853833094536537
2,hsa-mir-4754,0.23107071978914065,-0.23108359985500163,0.4621543196441423,0.0011064669577409768,0.007537504166270409
2,hsa-mir-6795,-0.5362202457548005,-0.9971206484047069,0.4609004026499064,3.062416621093204e-5,3.8218959431243185e-4
2,hsa-mir-539,2.084928918554747,1.6275486953259781,0.4573802232287689,0.10576545933586522,0.28705558639600454
2,hsa-mir-6749,0.2753960870009086,-0.1810402286322791,0.4564363156331877,0.004106745637997297,0.022383139236554755
2,hsa-mir-381,3.7131008286790825,3.2588066460308753,0.4542941826482072,0.007199626032986631,0.035883120164406215
2,hsa-mir-4746,3.5515246895161376,3.1027022974562835,0.4488223920598542,0.0022196033822518757,0.013369039676883885
2,hsa-mir-4749,0.002827782029168116,-0.44470787245815835,0.44753565448732646,9.799177047671408e-4,0.006783492396637522
2,hsa-mir-572,-0.734236777069953,-1.177625569701887,0.44338879263193387,9.537384041564629e-5,9.598915551510207e-4
2,hsa-mir-4793,-0.884906820598016,-1.3281988383819445,0.44329201778392857,3.894892846091312e-5,4.568445744287554e-4
2,hsa-mir-6773,-0.607724396179134,-1.0507279961901856,0.44300360001105166,3.7970502453896134e-5,4.521678154815112e-4
2,hsa-mir-6845,0.04363420062488333,-0.3984796025816893,0.4421138032065726,0.0038274807027752623,0.021324535344033602
2,hsa-mir-766,5.439365391164068,4.997746594599825,0.4416187965642431,7.658133219436957e-4,0.005530873991815581
2,hsa-mir-7114,-0.39688156124489554,-0.8370703598420491,0.4401887985971536,4.0628036614467677e-4,0.0031221545378605706
2,hsa-mir-5187,1.8459688698608983,1.4122307650276649,0.4337381048332334,0.008423195489997645,0.04043133835198869
2,hsa-mir-4641,-1.0134478724698948,-1.4446988588336298,0.43125098636373504,2.109454055225372e-6,3.357906455256715e-5
2,hsa-mir-6820,2.194183012539707,1.7641433955008052,0.4300396170389016,0.00446564046978156,0.024022065975376667
2,hsa-mir-5001,2.112514919128196,1.6867366925837142,0.4257782265444816,1.6994045764483548e-4,0.0015686811474907888
2,hsa-mir-3198-1,-0.9483151166398527,-1.3732000346004167,0.42488491796056405,6.239129640686932e-7,1.1450637928790132e-5
2,hsa-mir-6805,-0.03284703990057536,-0.4566600310380715,0.42381299113749615,0.0021965950470168713,0.013281737493590384
2,hsa-mir-6855,-0.14585547758494768,-0.5672798025866325,0.4214243250016848,3.1149117008041964e-4,0.00251775246282619
2,hsa-mir-6743,-0.046937473316861426,-0.46774623117471925,0.4208087578578578,0.0013404905616167802,0.008786408723202424
2,hsa-mir-3940,3.0026883184229565,2.5841014567103797,0.41858686171257675,0.01068035286761452,0.048434158353135616
2,hsa-mir-6784,0.029222855912333243,-0.38867776906880247,0.4179006249811357,0.007686715810592033,0.037708417184036384
2,hsa-mir-3682,0.6306994343028092,0.21522421595184918,0.41547521835096,0.001782276446952691,0.011211093779218539
2,hsa-mir-6801,-0.7276269428313837,-1.1376683083033714,0.41004136547198766,8.216269484178309e-4,0.0058526851120174255
2,hsa-mir-6788,-0.26580287971456573,-0.6737812086552689,0.4079783289407032,0.006839491268181071,0.03452947048013745
2,hsa-mir-129-2,4.08056981782888,3.675832270849418,0.4047375469794616,0.08313889310635056,0.2407275614955537
2,hsa-mir-4652,2.2268265801142713,1.8220966448546572,0.4047299352596141,0.16437641679071,0.394503400297704
2,hsa-mir-6767,-0.7977002511554859,-1.2006801304020709,0.40297987924658496,2.3873233129580157e-4,0.0020462771253925848
2,hsa-mir-3188,1.2136945512327888,0.8149258770290375,0.3987686742037513,0.010258991324853913,0.04679539902564943
2,hsa-mir-326,4.665464989879691,4.267167907369234,0.3982970825104575,0.019763569782181686,0.08008095807845046
2,hsa-mir-6812,0.3836675553203997,-0.011084280648715616,0.39475183596911534,0.007622576680457378,0.037511733821809175
2,hsa-mir-4724,0.9478328939511582,0.5540072035001576,0.3938256904510006,0.05557426574121664,0.1806163636589541
2,hsa-mir-6787,-0.48578316081453593,-0.8794763349157705,0.39369317410123456,0.0017598403285060658,0.011114781022143574
2,hsa-mir-503,3.7258026594362574,3.334229388852877,0.3915732705833803,0.009082062010857928,0.042933384051328384
2,hsa-mir-3138,0.4724233932250709,0.0811648033458855,0.3912585898791854,0.01623063267203777,0.06788146640316066
2,hsa-mir-3064,-0.3001864759892917,-0.6882487665946077,0.38806229060531594,0.0016181615469408875,0.010303395972358303
2,hsa-mir-330,5.676428317540815,5.289294752360064,0.3871335651807506,3.610938056049315e-4,0.0028025190882770804
2,hsa-mir-1306,6.613942003599315,6.226871198421186,0.3870708051781291,0.0024665323289272904,0.01457496376184308
2,hsa-mir-652,7.187784142218063,6.8020574846981585,0.3857266575199043,9.029046930713599e-5,9.266653428890273e-4
2,hsa-mir-337,3.2051561206643506,2.820415030651837,0.38474109001251344,0.07992280467337294,0.23480146005736682
2,hsa-mir-9-2,4.52987849496087,4.145149394708656,0.38472910025221374,0.2441093227127844,0.5022091194566712
2,hsa-mir-382,4.218404860299996,3.8358690108921722,0.3825358494078239,0.07597716706923627,0.22662405473806613
2,hsa-mir-665,-0.4252467298465582,-0.8072224022813065,0.3819756724347483,0.008006772459132255,0.03891141755839974
2,hsa-mir-134,8.434174861286206,8.053486230621408,0.38068863066479786,0.061057158459785474,0.19320317889911834
2,hsa-mir-3193,-0.4302024861221388,-0.8105385761765164,0.3803360900543776,0.010256499208365471,0.04679539902564943
2,hsa-mir-4734,-0.40334985668667706,-0.7807017751081814,0.37735191842150434,0.0034932944746603623,0.019744707900254222
2,hsa-mir-3619,0.5474665540565622,0.1702138141036158,0.3772527399529464,0.015227478758070375,0.06437633296094793
2,hsa-mir-6782,-0.42688985342179653,-0.8033781283490576,0.3764882749272611,0.009930762787305135,0.04610711294105956
2,hsa-mir-4723,-0.6457143505535421,-1.0213153577479512,0.37560100719440914,9.182909588191863e-5,9.362966638940723e-4
2,hsa-mir-183,13.68592634605738,13.312430333090953,0.3734960129664273,0.008253373580093771,0.03998528815200709
2,hsa-mir-4654,-0.4931895905212647,-0.8644005373801813,0.3712109468589166,9.827367190000512e-4,0.006783492396637522
2,hsa-mir-2276,-0.010335365255736704,-0.38143701139984953,0.37110164614411284,0.016867858395103866,0.06931172842081194
2,hsa-mir-6746,-0.18506651976702718,-0.5547732995087628,0.3697067797417356,0.006946560526220687,0.03489560109235508
2,hsa-mir-6780b,-0.44633082987094985,-0.8141007184621664,0.3677698885912165,0.0011043036868559418,0.007537504166270409
2,hsa-mir-4687,-0.15171400276504296,-0.517570373793748,0.36585637102870505,0.008713842658171433,0.04144388581325437
2,hsa-mir-6794,-0.37835718617844494,-0.7430827782334213,0.36472559205497634,0.021769259839436842,0.08619300850132354
2,hsa-mir-3154,0.053878846894082025,-0.30941919688783404,0.36329804378191605,0.02513560016433937,0.09681860804041831
2,hsa-mir-6789,-0.9017829010961226,-1.2640572971103,0.3622743960141773,4.492371076671738e-5,5.191184355265119e-4
2,hsa-mir-4523,0.570941677478273,0.20931595145227105,0.3616257260260019,0.00830630710135767,0.04011714884866242
2,hsa-mir-4685,1.1501588155454894,0.7895589118986397,0.3605999036468497,0.011171767730100979,0.05008033810045266
2,hsa-mir-6753,-0.9831828928518919,-1.3425803585946354,0.35939746574274356,9.281046898234258e-4,0.006551327222283005
2,hsa-mir-6860,0.8467701093802017,0.4913383611672352,0.35543174821296647,0.04947929082355932,0.16493096941186441
2,hsa-mir-494,-0.07819604059881405,-0.4334435640277926,0.3552475234289786,0.04944941043426689,0.16493096941186441
2,hsa-mir-9-1,4.5133238204330155,4.158090948623341,0.3552328718096742,0.2159219971095007,0.4636634875729771
2,hsa-mir-4498,-1.011881482968997,-1.3663145016932379,0.3544330187242408,1.4884303465597429e-5,1.9189680501100818e-4
2,hsa-mir-6882,0.02568730947808898,-0.32859237701884725,0.35427968649693625,0.014024426808095883,0.06060417124828137
2,hsa-mir-6862-1,-0.9336538612203009,-1.2875223949017642,0.3538685336814633,8.442668942313218e-5,8.780375700005748e-4
2,hsa-mir-744,7.402823552006006,7.0498464616936465,0.35297709031235946,2.94085103340738e-4,0.002427369106939425
2,hsa-mir-4286,0.08430379013720152,-0.26791402018863064,0.35221781032583216,0.05798006293516595,0.1864925735646575
2,hsa-mir-6730,0.9599700863990454,0.6089868799559736,0.3509832064430718,0.02797454358170336,0.10618074936120983
2,hsa-mir-5010,2.2489092342799624,1.8987377810004589,0.3501714532795035,0.001450300640223811,0.00938783816908359
2,hsa-mir-154,1.8428273553576062,1.492703475511647,0.35012387984595916,0.057881953832655375,0.1864925735646575
2,hsa-mir-6738,-0.6609709077636085,-1.0108957353110966,0.3499248275474881,0.0035116224006944414,0.01977664601113115
2,hsa-mir-1254-1,2.488848189076689,2.139434486441349,0.3494137026353399,0.016595902227606932,0.06885533902943301
2,hsa-mir-486-2,7.8130558896222855,7.464722367135074,0.34833352248721106,0.029534148777261023,0.11022313897733779
2,hsa-mir-486-1,7.827183088442531,7.48037959607414,0.3468034923683909,0.03667039223482295,0.13211503899843832
2,hsa-mir-4649,-0.7575178608656589,-1.1042079644774416,0.34669010361178276,6.944742180960534e-4,0.005110281982216242
2,hsa-mir-3192,-0.5873703821481796,-0.9257168922421903,0.33834651009401073,0.004110478733120728,0.022383139236554755
2,hsa-mir-6862-2,-0.9321896878278563,-1.269956984862687,0.33776729703483077,9.390719799995887e-5,9.512677199995833e-4
2,hsa-mir-889,0.02950485696422362,-0.3057307338303946,0.33523559079461823,0.04816710659399373,0.16196858970846742
2,hsa-mir-1254-2,2.455005424924702,2.121313937850313,0.3336914870743888,0.016728644830810862,0.06915351099287886
2,hsa-mir-3190,-0.36857724000959025,-0.7007748702279507,0.33219763021836046,0.004111594708158855,0.022383139236554755
2,hsa-mir-6748,0.4729302514775315,0.14204146498880343,0.33088878648872805,0.013458059695619782,0.05880832808169988
2,hsa-mir-7109,-0.6526672794647429,-0.982461275342573,0.3297939958778301,0.005965013649482574,0.030609938464450055
2,hsa-mir-3131,-0.9925747308784519,-1.3206450764228013,0.32807034554434933,0.014977959668266106,0.06356917082888176
2,hsa-mir-133a-1,1.4852964756255127,1.1577603585950282,0.32753611703048446,0.18039336498135478,0.42190951929672177
2,hsa-mir-6779,-0.48338939343400206,-0.8102932617036749,0.3269038682696728,0.0030007590774134164,0.017273742290645495
2,hsa-mir-1237,0.021908457525083698,-0.3033792121699992,0.3252876696950829,0.06724709540738809,0.20773360165450577
2,hsa-mir-1284,-0.6450378301741695,-0.9681700264199683,0.3231321962457988,7.988463728622476e-4,0.005716515328739019
2,hsa-mir-6754,-0.24961707449050646,-0.5725604921466607,0.32294341765615425,0.00733728399089473,0.036452748489795475
2,hsa-mir-6732,-0.9327528368663722,-1.2550834429557265,0.32233060608935427,0.014704989567055193,0.06302138385880797
2,hsa-mir-6829,-0.9586128513718593,-1.279727923631573,0.3211150722597138,0.009636524354737585,0.04528005419695973
2,hsa-mir-6799,-0.8094896245662795,-1.1305499797568246,0.3210603551905451,0.004117923692878984,0.022383139236554755
2,hsa-mir-9-3,4.473481358855817,4.153089396892337,0.3203919619634794,0.30997981676751796,0.5572693268546359
2,hsa-mir-6785,-0.8312820336857165,-1.1513773805349208,0.32009534684920427,0.003843457825863697,0.021337345937179245
2,hsa-mir-346,-0.03128595236398799,-0.35092826391555887,0.31964231155157086,0.021712190325314913,0.08618579365773858
2,hsa-mir-5090,1.420073267712255,1.1018734742052938,0.31819979350696115,0.034993515207464944,0.12665866293189168
2,hsa-mir-3922,0.1145268020337265,-0.20288675892898173,0.31741356096270823,0.02227921452724064,0.0877082940074692
2,hsa-mir-3065,3.838269406644068,3.5209235673805392,0.3173458392635289,0.14324798067230554,0.36101268150047927
2,hsa-mir-6837,1.409370470599234,1.0951899224768218,0.31418054812241225,0.004180223766820748,0.022642878736945718
2,hsa-mir-1185-1,-1.2076856180749709,-1.5207340811996959,0.313048463124725,5.459755040955668e-5,6.103649099297446e-4
2,hsa-mir-3199-2,1.3087883473675777,0.995836611366451,0.3129517360011267,0.025972437278986456,0.09955037384574662
2,hsa-mir-6886,-0.8960423051823121,-1.2044223401495933,0.30838003496728117,0.001277293378432162,0.008515289189547748
2,hsa-mir-1292,3.3088130135014766,3.0028179741283174,0.3059950393731592,7.339891157991305e-4,0.005350574862834783
2,hsa-mir-1231,-1.3261521332485717,-1.6317481550968114,0.30559602184823964,5.940837874428042e-4,0.004434309609620931
2,hsa-mir-6796,-0.8010831573058749,-1.1047008930790323,0.3036177357731574,0.03624270333689332,0.13087642871655922
2,hsa-mir-3198-2,-0.8754578993623066,-1.1786105037425718,0.30315260438026526,6.829463169005354e-4,0.00504927134770064
2,hsa-mir-6821,-0.7709559234759586,-1.0739303634846296,0.3029744400086709,0.001322056954564554,0.008739020547121628
2,hsa-mir-495,0.5696113575479765,0.26685147597176717,0.30275988157620937,0.2681163435587097,0.5241372129719137
2,hsa-mir-133b,-0.5702777723980755,-0.871522885290695,0.30124511289261946,0.03828009446517549,0.13728033877166382
2,hsa-mir-196a-2,0.6062048624866763,0.3053164620448123,0.300888400441864,0.22754642379427736,0.48034157120307536
2,hsa-let-7c,13.928542624313794,13.628542730719921,0.29999989359387236,0.046130781051847654,0.15655336936877642
2,hsa-mir-139,6.9464031602090435,6.647135438457859,0.29926772175118455,0.003302902288729247,0.018795978823682676
2,hsa-mir-4751,-0.9194602410578461,-1.2182139408071873,0.2987536997493412,0.004673590389362156,0.024968496600701932
2,hsa-mir-6881,-1.1548686100735062,-1.4522557428096072,0.29738713273610107,7.383771605502833e-4,0.005357527304457869
2,hsa-mir-3197,-0.473355298953279,-0.7702757649554085,0.2969204660021295,0.2225894044643476,0.4748580671133923
2,hsa-mir-6884,-0.5297267528887515,-0.8255627003646695,0.295835947475918,0.06011480914700532,0.19107721127406038
2,hsa-mir-4750,-1.063963876973784,-1.3595433128144536,0.2955794358406696,1.223211064830901e-4,0.0011779069513186454
2,hsa-mir-3176,-0.8820306006363474,-1.1767806497350832,0.2947500490987358,0.010169379749307308,0.04679539902564943
2,hsa-let-7e,12.092125936721837,11.80074307372565,0.291382862996187,0.004924691293937578,0.02594291547115245
2,hsa-mir-4786,1.0426541629222386,0.75229238788806585,0.2903617750341727,0.10147170221200229,0.2772256662884826
2,hsa-mir-379,6.519274879242522,6.2296350097938795,0.2896398694486422,0.17113017125763272,0.40633647969848863
2,hsa-mir-148b,8.016197891981054,7.727387281925067,0.28881061005598774,0.0013296374367456334,0.008752043887439612
2,hsa-mir-411,0.4780989243811172,0.1900295585802816,0.2880693658008356,0.14501648617235283,0.3642926222687124
2,hsa-mir-7-3,-1.0959856319464254,-1.3834361584554904,0.287450526509065,0.01368967578566191,0.05932192840453494
2,hsa-mir-1909,-1.1411346223628405,-1.4282606937073203,0.28712607134447987,0.0014731061730893836,0.009496056322394373
2,hsa-mir-6763,-0.4122517764344968,-0.6988929316737894,0.2866411552392926,0.0572861136805426,0.18540733888308394
2,hsa-mir-129-1,3.997355151962862,3.7120367079105447,0.2853184440523173,0.22696629334605245,0.479766148536371
2,hsa-mir-2110,4.939591414754481,4.655978499844211,0.28361291491026996,0.010129918111538233,0.04675346820709953
2,hsa-mir-3909,0.8338470989346325,0.555036049980677,0.2788110489539555,0.1476948996874368,0.3680575774958489
2,hsa-mir-4713,0.09395372216831852,-0.18340721969663362,0.27736094186495214,0.1117158854059813,0.2999600365461804
2,hsa-mir-202,2.8722319832760084,2.5989305411564008,0.2733014421196076,0.3501838563616227,0.5688690462017898
2,hsa-mir-522,1.1981069960977746,0.9248200370160827,0.27328695908169187,0.35171467658859734,0.5688690462017898
2,hsa-mir-8072,0.4963743967614314,0.22314407942437148,0.27323031733705994,0.03232869327455764,0.11866532119602333
2,hsa-mir-1293,-0.8779931752247189,-1.150122345748935,0.27212917052421604,0.1179021527841953,0.30964059423318174
2,hsa-mir-935,5.773954828437248,5.502995192171246,0.27095963626600206,0.18903004799109016,0.43365716892073625
2,hsa-mir-5003,-0.6436407279965819,-0.9143433762182365,0.2707026482216546,0.040837388948286917,0.14316028485242155
2,hsa-mir-211,0.2745024972696633,0.005639305143672824,0.26886319212599047,0.5238687668209071,0.6931596914678669
2,hsa-mir-4787,2.6340807011724574,2.3656843604293876,0.26839634074306984,0.11072589688392076,0.2978144812739938
2,hsa-mir-4690,-0.5677489617658628,-0.8360803187050897,0.26833135693922694,0.02922630839431878,0.10933582996435802
2,hsa-mir-6510,0.7998304377724631,0.5318693822672383,0.26796105550522475,0.19197187262854612,0.4371914179569809
2,hsa-mir-99b,18.119676457876114,17.852000926018714,0.26767553185739956,0.0013490834249231013,0.008794391012531155
2,hsa-mir-1343,3.237795135974728,2.9705339643254356,0.26726117164929253,0.06593939258296054,0.20450388156942037
2,hsa-mir-196b,3.805241528757024,3.5384336394817324,0.26680788927529164,0.41998197288436917,0.6038450485710746
2,hsa-mir-6851,-0.24215589296619816,-0.5088584903423451,0.26670259737614693,0.01705055767584671,0.06963054967099704
2,hsa-mir-5004,-1.2297700672796006,-1.4960991168921085,0.2663290496125079,7.849877651339286e-5,8.330482405502915e-4
2,hsa-mir-4435-1,-1.1856585788616423,-1.4503719628702292,0.2647133840085869,0.014361437204442653,0.061718573110001486
2,hsa-mir-4700,-0.6233972058477796,-0.8855822250561547,0.2621850192083751,0.05062988199048029,0.16733605064650264
2,hsa-mir-6822,-0.9903409957055574,-1.2519819122917508,0.2616409165861934,0.01994084875690848,0.08058995870667676
2,hsa-mir-185,5.054518107092672,4.794055129906534,0.26046297718613864,0.013065118316618825,0.057412914292747516
2,hsa-mir-301a,-0.18910625836052775,-0.44825160013725446,0.2591453417767267,0.014938856341725922,0.06356917082888176
2,hsa-mir-500a,9.358018155484196,9.09931854860085,0.25869960688334537,0.07245684144861606,0.22033659387883245
2,hsa-mir-6833,0.9237497183760324,0.6659037236746225,0.2578459947014099,0.09306419681643056,0.2606465835433244
2,hsa-mir-4433a,-0.8075246437644356,-1.0650094291551628,0.2574847853907273,0.2966187125019472,0.5515198945209031
2,hsa-mir-4669,-1.27960946823421,-1.5358902340349814,0.2562807658007713,0.01693991981974537,0.06936030162415427
2,hsa-mir-4709,-0.2830051526993874,-0.5377110527479958,0.2547059000486084,0.08634752399757452,0.2476142232283387
2,hsa-mir-4706,-1.132695873455267,-1.3873023599236407,0.2546064864683737,0.0019195590136405882,0.01197804824511727
2,hsa-mir-4660,0.47576341057311644,0.22260644009065814,0.25315697048245833,0.0825407761552734,0.24062766509929795
2,hsa-mir-6778,-1.1630465675964312,-1.4137859117441998,0.25073934414776855,0.0020121032079485745,0.012394423621755017
2,hsa-mir-6758,-1.0743650236298137,-1.3197885730266443,0.24542354939683064,0.008333001708552253,0.040121860078214555
2,hsa-mir-4776-1,-0.9567391112341794,-1.2011259565791794,0.244386845345,0.03244937926400401,0.11882871279776115
2,hsa-mir-103a-2,13.096351009124756,12.852645300186396,0.24370570893836074,0.07352550622699722,0.22183317776304742
2,hsa-mir-4521,0.9553002732862391,0.712912592086297,0.24238768119994214,0.15447000893840507,0.38008393366547616
2,hsa-mir-103a-1,13.092144353677709,12.849926089795964,0.24221826388174428,0.07406465292324384,0.22219395876973153
2,hsa-mir-6766,-0.681727981514001,-0.9235028522901654,0.24177487077616433,0.008860456769043188,0.04201310808421694
2,hsa-mir-6740,-0.9490824508399462,-1.1894875802998943,0.24040512945994807,0.043785617607912046,0.151118503248546
2,hsa-mir-133a-2,1.391584879728053,1.1522973897121325,0.23928749001592053,0.40304658481535205,0.5893393416832662
2,hsa-mir-4667,-0.7839175552828154,-1.0222182718952526,0.23830071661243724,0.07763732683612333,0.22981827298738594
2,hsa-mir-4800,-0.014867588496881998,-0.2530871875625477,0.23821959906566573,0.09587807984359185,0.2657063286553247
2,hsa-mir-4674,-0.11532330219549908,-0.35288362113169225,0.23756031893619317,0.07754855338910065,0.22981827298738594
2,hsa-mir-181a-2,12.025417392592923,11.788238384178692,0.23717900841423045,0.028549872050503994,0.10806890907963124
2,hsa-mir-4446,-0.9349318472689208,-1.1720431194185708,0.23711127214965,0.05406314548852883,0.17681028713229555
2,hsa-mir-106b,10.441043700607345,10.203987281225391,0.237056419381954,0.00604928758259752,0.03094061845525289
2,hsa-mir-7157,-1.361031434966181,-1.597891173320336,0.23685973835415508,0.09744121121217954,0.2680922213245151
2,hsa-mir-7106,-1.2045430629837726,-1.4400677162336504,0.2355246532498778,0.012435811190332553,0.054957125940279836
2,hsa-mir-3074,4.852276783688761,4.619065325780292,0.2332114579084692,0.16041937722808178,0.3890981081033734
2,hsa-mir-187,6.1278124396086655,5.896514611509953,0.2312978280987128,0.3332170656765231,0.5688690462017898
2,hsa-mir-6804,-0.6415182762057267,-0.8726494705449583,0.23113119433923168,0.021676404271275904,0.08618579365773858
2,hsa-mir-1250,-0.9317801017565424,-1.1619805503880491,0.2302004486315068,0.03340650817909553,0.12176203915745101
2,hsa-mir-3181,-1.2745324704173846,-1.5045576448487783,0.2300251744313937,0.011851233749459613,0.052522513207832376
2,hsa-mir-3939,-0.7594515501398694,-0.9891547406258978,0.22970319048602839,0.02904524166654039,0.10891965624952646
2,hsa-mir-6826,-0.5202527816872755,-0.748305866410028,0.22805308472275254,0.051318143297050735,0.16925222736448023
2,hsa-mir-7152,-0.40145844008981413,-0.6268379312975931,0.225379491207779,0.09992566720823658,0.2739614074601917
2,hsa-mir-6715a,-0.01801307964571398,-0.24324763817352074,0.22523455852780677,0.12910682483389213,0.33290354833201935
2,hsa-mir-4689,-1.038255265315325,-1.2630451028428145,0.2247898375274895,0.021202760557500647,0.08493109197292412
2,hsa-mir-1193,-1.2263666064132004,-1.4510114972900634,0.224644890876863,0.09028696206232081,0.25486986940193607
2,hsa-mir-331,6.114117311948898,5.890876672305579,0.2232406396433193,0.014986351410288885,0.06356917082888176
2,hsa-mir-1296,5.900929023815375,5.677897970185641,0.2230310536297342,0.11451213013903001,0.30432525215823986
2,hsa-mir-6791,-1.100725347800862,-1.323411825784166,0.222686477983304,0.0070945120701463625,0.03547256035073181
2,hsa-mir-584,5.0743921658619104,4.851821448729988,0.222570717131922,0.0654493355458858,0.20338837340952562
2,hsa-mir-181b-2,7.966056028657503,7.743930896939298,0.22212513171820536,0.0425153042967809,0.14771464299104278
2,hsa-mir-676,0.835953136510655,0.6141025464601363,0.22185059005051866,0.18699000651059744,0.43105654337783367
2,hsa-mir-4732,0.656643749340958,0.43506550270325767,0.22157824663770037,0.22611535638233904,0.47926624450604466
2,hsa-mir-3928,3.440135040594499,3.2188419891474638,0.22129305144703526,0.07365999107772984,0.22183317776304742
2,hsa-mir-4776-2,-0.9328993302367484,-1.1541707243444121,0.22127139410766372,0.1691498859101913,0.40409467384364234
2,hsa-mir-6819,-1.2105595120207673,-1.4284644044087296,0.2179048923879623,0.0026992330707329907,0.01579895513386571
2,hsa-mir-6831,-1.3803155276248038,-1.5973924991315582,0.21707697150675442,0.0019183202962607924,0.01197804824511727
2,hsa-mir-212,2.154573872109076,1.937940631811971,0.21663324029710518,0.08909320819523761,0.2527007359719467
2,hsa-mir-4783,-1.3828828274028777,-1.599426593544536,0.21654376614165827,0.04317229617418869,0.1496541270449278
2,hsa-mir-7108,-1.2767568181804256,-1.4920751178471483,0.21531829966672267,0.00757062771674409,0.03737398493076196
2,hsa-mir-1289-1,-1.2878597637933313,-1.5029330414247946,0.21507327763146322,8.468927971678419e-4,0.006005239834462879
2,hsa-mir-641,-1.0619728149805336,-1.277012873661707,0.21504005868117337,0.09167306391686418,0.25767563911767233
2,hsa-mir-1270,4.197981315013662,3.983549644880368,0.214431670133294,0.4156645756338819,0.5998489713125401
2,hsa-mir-6806,1.4876493548960124,1.2738483786714085,0.2138009762246038,0.24953206557240398,0.5095379624312112
2,hsa-mir-4254,-1.166943079588084,-1.3801028371768105,0.21315975758872652,0.040162281021196525,0.14212114228052036
2,hsa-mir-1295a,1.7371129654147628,1.524031566698795,0.21308139871596787,0.36190020166575954,0.5688690462017898
2,hsa-mir-5589,-1.480610617722639,-1.6935224449034665,0.21291182718082746,0.1852699730269546,0.42945194342057835
2,hsa-mir-5581,-0.08808857511309061,-0.30081734914270875,0.21272877402961815,0.15895768121095777,0.38685488719047445
2,hsa-mir-4489,-1.1066576679504447,-1.3185247959964694,0.2118671280460247,0.005300335685167395,0.027737247219633703
2,hsa-mir-6873,-0.9903572667432424,-1.2017254359960268,0.21136816925278434,0.03037567439286933,0.11282393345922893
2,hsa-mir-4784,0.6659761923974772,0.4554083190279706,0.2105678733695066,0.08850008308241043,0.2514756459172318
2,hsa-mir-181b-1,7.940200150553657,7.731118903671908,0.20908124688174823,0.05049195739425895,0.16723450856697233
2,hsa-mir-6729,-0.7041371085081615,-0.9124367219412992,0.20829961343313774,0.06753890195252295,0.20822270167180987
2,hsa-mir-6727,-0.42057693228910165,-0.6288096491522795,0.2082327168631779,0.043952419666989685,0.15135932600552737
2,hsa-mir-6132,-0.5924818949596722,-0.8004134886018257,0.20793159364215352,0.05466209102058864,0.1783951087701219
2,hsa-mir-6505,-1.265509789096172,-1.4731350998287562,0.20762531073258428,0.009715297077882875,0.045376836651189474
2,hsa-mir-6772,-0.7580634484657841,-0.9641164438308293,0.20605299536504518,0.018987649569717435,0.07713732637697708
2,hsa-mir-181a-1,11.02310975224132,10.817476883931464,0.2056328683098556,0.04893738891773905,0.16417704669176972
2,hsa-mir-6515,-1.0061391344026989,-1.2115863591072829,0.20544722470458399,0.04251298886948781,0.14771464299104278
2,hsa-mir-6720,0.3807442501650407,0.17549647141962352,0.2052477787454172,0.2459551372874638,0.5041918714434211
2,hsa-mir-484,8.1997462109564,7.9964013674126875,0.20334484354371263,0.13784927350478,0.3502359391978123
2,hsa-mir-1298,-1.0744406415922039,-1.2759874152500752,0.20154677365787133,0.06365358450821065,0.19939677074861167
2,hsa-mir-6718,0.4049905678926241,0.20621632291026937,0.19877424498235474,0.26782262809792035,0.5241372129719137
2,hsa-mir-3175,-1.2692414969558454,-1.467919123793847,0.1986776268380015,0.07320130453353955,0.22173599043169262
2,hsa-mir-6852,0.12997088662452427,-0.06858575172777744,0.1985566383523017,0.1553088945846361,0.38154626071186193
2,hsa-mir-5008,-0.4981892332348026,-0.6959848939529488,0.19779566071814625,0.0501278361512541,0.16638175403394978
2,hsa-mir-6840,-1.1060414752387209,-1.3028775532404553,0.19683607800173442,0.024580757895993774,0.09491579781621358
2,hsa-mir-1913,-1.0037447172634528,-1.1999658328208942,0.19622111555744137,0.1134650034670365,0.302573342578764
2,hsa-mir-3605,4.1793174681773495,3.9862345256648664,0.19308294251248315,0.09522812961800478,0.2648054941249331
2,hsa-mir-369,1.1532133694680335,0.9601385140118647,0.19307485545616887,0.36043319306436644,0.5688690462017898
2,hsa-mir-216b,-1.2840676262413546,-1.4770908051785492,0.19302317893719456,0.08737563952394185,0.2501027479951363
2,hsa-mir-130b,6.059057205767975,5.867726289117854,0.19133091665012092,0.2950975387263669,0.5513199525905778
2,hsa-mir-3126,-1.1080336200998555,-1.299178207057837,0.19114458695798153,0.12535134902141695,0.32429204721958615
2,hsa-mir-4707,0.6693178429615799,0.4792008060878184,0.19011703687376152,0.26975857566524153,0.5266195180684601
2,hsa-mir-3161,-0.761512318583613,-0.9513100843758884,0.18979776579227536,0.5295275600799676,0.6982781012043529
2,hsa-mir-371a,-1.1566488537749622,-1.3442966203697646,0.18764776659480242,0.6362989281036862,0.7692197499203051
2,hsa-mir-132,7.569079765220886,7.384369655036565,0.18471011018432115,0.11374687814499955,0.30280738891842884
2,hsa-mir-6717,-0.9775890855744302,-1.1609810695310963,0.183391983956666,0.11917490428682817,0.31141181019673697
2,hsa-mir-197,12.444259058331273,12.261237578409675,0.18302147992159767,0.17829309361623594,0.4176234625245166
2,hsa-mir-6824,-1.0424314826872627,-1.223581378061614,0.18114989537435133,0.04484843526558724,0.15376606376772767
2,hsa-mir-5196,-1.1763533326303037,-1.3574509370092156,0.18109760437891187,0.2660646409576159,0.5227466497404041
2,hsa-mir-196a-1,0.498151181443698,0.31731202513936974,0.18083915630432829,0.5872910934121843,0.7434588773577651
2,hsa-mir-2277,1.9932107494955047,1.8136837575728768,0.1795269919226279,0.08284221034521529,0.24065893508107233
2,hsa-mir-376a-1,-1.2241294931704327,-1.4013075391147969,0.17717804594436415,0.06790311686929185,0.20893266729012877
2,hsa-mir-1287,5.6532612511662705,5.477593172751612,0.1756680784146587,0.1624194737468218,0.39161418708661827
2,hsa-mir-933,-1.23460515866815,-1.4095426882077178,0.17493752953956787,0.04616317301899817,0.15655336936877642
2,hsa-mir-214,4.999464004755105,4.825468164574856,0.1739958401802495,0.493132698704789,0.6695274238289562
2,hsa-mir-873,-0.5844122431678125,-0.7561431510784172,0.17173090791060475,0.39896687027584926,0.5870759460879654
2,hsa-mir-6810,2.077224080008686,1.905508516520143,0.171715563488543,0.29702649021992333,0.5516206246941433
2,hsa-mir-6756,-1.1020511191439155,-1.2731442391049264,0.17109311996101084,0.13754058859088392,0.3502359391978123
2,hsa-mir-3617,-1.3071876872572976,-1.4761873318684864,0.16899964461118877,0.027706769363366808,0.1054208785532981
2,hsa-mir-3614,3.204830340804755,3.035843786113923,0.1689865546908318,0.42336111455588094,0.6070251274882117
2,hsa-mir-6894,0.7487525353353826,0.5815781685838846,0.167174366751498,0.16400143388508773,0.3942099181213203
2,hsa-mir-6817,-1.3322887512095887,-1.4982171324149367,0.16592838120534803,0.1611428040515935,0.3897407353805982
2,hsa-mir-1247,5.475890826544185,5.31043357460357,0.165457251940615,0.5697649560500099,0.7297482195714412
2,hsa-mir-6802,1.982782519248229,1.8182765315578777,0.16450598769035119,0.3052274869540408,0.5572693268546359
2,hsa-mir-4421,-1.051979383842599,-1.2164220591279116,0.16444267528531253,0.25301265359972686,0.5132636405924238
2,hsa-mir-6836,-1.0358384989644946,-1.1994776035333563,0.16363910456886166,0.11233101869880287,0.30109345218235817
2,hsa-mir-4755,-0.19698077100440378,-0.3599023000510518,0.162921529046648,0.33805202114416744,0.5688690462017898
2,hsa-mir-4461,-0.38864827384138156,-0.551475827872737,0.1628275540313554,0.299442105296173,0.5530787547838569
2,hsa-mir-6865,-1.255547478630532,-1.4168622187164355,0.1613147400859034,0.02123277299323103,0.08493109197292412
2,hsa-mir-380,-1.2544685143125784,-1.4151240354084567,0.16065552109587822,0.2722958945919412,0.5283353178649606
2,hsa-mir-4651,-0.7642311031095408,-0.9240094154725733,0.15977831236303253,0.1876201236881725,0.43105654337783367
2,hsa-mir-6757,-1.1541812053552372,-1.312493457329954,0.15831225197471688,0.08063347028434326,0.23578125874097927
2,hsa-mir-93,12.577442978718874,12.419540767987554,0.15790221073132038,0.19471770270646502,0.4395942347642336
2,hsa-mir-589,7.455439444925392,7.29932669036601,0.15611275455938145,0.13784927350478,0.3502359391978123
2,hsa-mir-6813,-0.5842618469935795,-0.7389352660186261,0.1546734190250466,0.27804761920561843,0.5342395846171427
2,hsa-mir-18b,0.25487918211506577,0.10154537814732784,0.15333380396773794,0.33580759144681555,0.5688690462017898
2,hsa-mir-136,1.0345439200064501,0.8835069957039865,0.15103692430246363,0.5633179596282538,0.7243408599744805
2,hsa-mir-6856,-1.3330139849054004,-1.4832174797378865,0.15020349483248618,0.039787778880501695,0.14178656349732696
2,hsa-mir-3151,-1.2772641539242988,-1.4254427577148465,0.1481786037905477,0.049399173508810706,0.16493096941186441
2,hsa-mir-383,-0.4773662672173072,-0.6246476821789254,0.14728141496161823,0.5931477264774117,0.7434588773577651
2,hsa-mir-5587,-1.4823861469643707,-1.6290179450660958,0.1466317981017251,0.015982437652781994,0.06702312564069868
2,hsa-mir-1538,0.7089120482359265,0.5625045631888416,0.1464074850470849,0.4438672096410333,0.6243758765013634
2,hsa-mir-6823,-1.3107761058220369,-1.4551528871372144,0.1443767813151775,0.06714791425278996,0.20773360165450577
2,hsa-mir-425,8.495518536365072,8.351488575561099,0.144029960803973,0.1509346815280734,0.37493328532451353
2,hsa-mir-519a-2,0.9799771887602973,0.8369343048125263,0.14304288394777098,0.5986840767033808,0.7474596470294941
2,hsa-mir-3183,-1.2419388898372514,-1.3847154907871204,0.142776600949869,0.134121074278991,0.3429981571725016
2,hsa-mir-6509,2.882289245903657,2.7406794310574765,0.14160981484618063,0.40192402829820084,0.588733787929759
2,hsa-mir-140,9.865110421985648,9.723704551434851,0.14140587055079656,0.4127994604646972,0.5968184970573935
2,hsa-mir-4657,-0.7144822380206511,-0.8551208363209126,0.14063859830026149,0.3992869094867509,0.5870759460879654
2,hsa-mir-6854,-0.7854645508955966,-0.9233595633615217,0.13789501246592506,0.08808282405656626,0.2514756459172318
2,hsa-mir-128-1,7.342169953990182,7.2053068996213465,0.1368630543688356,0.09341948079066116,0.2611727419953968
2,hsa-mir-218-2,1.615538935960301,1.4790719574308204,0.13646697852948053,0.21249514317344356,0.4610464858839665
2,hsa-mir-874,6.980837270673473,6.844834325647206,0.13600294502626742,0.11859637562707136,0.3104200435876364
2,hsa-mir-1185-2,-1.4858589091706116,-1.6211979242048877,0.13533901503427614,0.08358021810837442,0.24100765295575619
2,hsa-mir-4748,-1.23860263100411,-1.3726649657925418,0.13406233478843177,0.46336555717621536,0.6454020260668714
2,hsa-mir-6857,-1.3681954643232994,-1.5020081601019832,0.13381269577868382,0.03222477041298181,0.11866532119602333
2,hsa-mir-4428,-1.4722183431831446,-1.6055576089575014,0.13333926577435684,0.1763661903745603,0.4137312135102467
2,hsa-mir-6868,-1.3530735495911308,-1.4855749835627867,0.13250143397165592,0.03135125397923413,0.11617091735773215
2,hsa-mir-6790,-1.4542627852219578,-1.586581416031556,0.13231863080959805,0.1983724408723599,0.44271961053058856
2,hsa-mir-658,0.44555556581288464,0.31359084895410033,0.1319647168587843,0.28702770875428413,0.5383954112375859
2,hsa-mir-128-2,6.3801398124794195,6.248917997286314,0.13122181519310594,0.11702720649124385,0.30879835620824503
2,hsa-mir-548b,-1.203797553667692,-1.334294147209299,0.13049659354160714,0.13194421580325605,0.3389105417341832
2,hsa-mir-939,1.9520787715951315,1.822522759696791,0.12955601189834054,0.16393148857229856,0.3942099181213203
2,hsa-mir-92b,11.082656225617294,10.95321422567983,0.1294419999374643,0.8069869035957866,0.8959868258845038
2,hsa-mir-1976,5.386069771801056,5.257209739890091,0.12886003191096496,0.36501807286425964,0.5688690462017898
2,hsa-mir-6501,0.5839472375830801,0.45633775955918204,0.12760947802389805,0.5009159702992813,0.6759765689159851
2,hsa-mir-6870,-0.9645006409745809,-1.0918704520437394,0.12736981106915857,0.1037986762190318,0.28259325462773055
2,hsa-mir-6723,-1.0825365782746572,-1.2091471839693964,0.12661060569473914,0.21165241043647537,0.46091059519999006
2,hsa-mir-216a,-1.3485042495524606,-1.4747379048167268,0.12623365526426622,0.5058132822447817,0.6799610993773362
2,hsa-mir-6771,-1.404862639801337,-1.5295925706252274,0.12472993082389028,0.014133280006993824,0.060905847543951286
2,hsa-mir-6734,0.22137310202035157,0.09680780195128977,0.1245653000690618,0.4842140499960164,0.6626086999945487
2,hsa-mir-3943,-1.2668787300736977,-1.389902738175667,0.12302400810196934,0.07612446868511961,0.22663009761218816
2,hsa-mir-7850,-1.343504549479585,-1.4660646945910174,0.12256014511143243,0.3371234447376635,0.5688690462017898
2,hsa-mir-3907,-1.409189993630954,-1.5306662877816504,0.12147629415069638,0.17461609567592593,0.4114820381487076
2,hsa-mir-6835,-1.5069272247117058,-1.6264944765337244,0.11956725182201855,0.010409210130666587,0.04734218018612209
2,hsa-mir-4769,-1.3905592959251845,-1.5090198788430864,0.11846058291790196,0.0753998365317863,0.2257653454694561
2,hsa-mir-138-2,-1.1959563946666527,-1.3142187012358395,0.11826230656918679,0.11280501972478989,0.30184533579875167
2,hsa-mir-3129,-0.6460272418579793,-0.7636861980269755,0.11765895616899613,0.31765387370413045,0.5616227297065052
2,hsa-mir-545,-0.8260319582852838,-0.9428182775122464,0.1167863192269627,0.3020290527313028,0.5541660796072114
2,hsa-mir-3615,5.007358680149107,4.891024216069017,0.11633446408009007,0.14554502513207507,0.3649920506495461
2,hsa-mir-6827,-0.6055778375503396,-0.7217395951650935,0.11616175761475389,0.1851885005137608,0.42945194342057835
2,hsa-mir-219b,-1.3035381163894462,-1.4194368086892453,0.1158986922997991,0.0719821595289603,0.220180723265055
2,hsa-mir-618,-0.887191293938527,-1.0005164865540133,0.11332519261548624,0.46739807147712564,0.6481253257816142
2,hsa-mir-5094,-1.5378756605904895,-1.6487372304814356,0.11086156989094609,0.19165589651026724,0.4371099394093814
2,hsa-mir-3937,-1.1182980840891912,-1.2273037074665736,0.1090056233773824,0.4451927954902874,0.6251131961879823
2,hsa-mir-492,-1.4868594399366655,-1.5954626332863207,0.10860319334965518,0.05298192380039962,0.17382729546853204
2,hsa-mir-107,5.908934843959642,5.801412531856927,0.10752231210271468,0.27884357497741813,0.5343930920943148
2,hsa-mir-551a,1.7956212097557003,1.6890572813558022,0.10656392839989803,0.637244966624269,0.7692197499203051
2,hsa-mir-208a,-1.518094698570525,-1.6237557981638087,0.10566109959328362,0.3971673385873668,0.5861693928063313
2,hsa-mir-4435-2,-1.2329193270158871,-1.3381589193499626,0.10523959233407543,0.5470186104488659,0.7133324396032781
2,hsa-mir-345,5.366504336087447,5.261515805853952,0.10498853023349497,0.16904977210997288,0.40409467384364234
2,hsa-mir-33b,-0.04239382348822073,-0.14709416784144852,0.10470034435322778,0.6214971641148936,0.7628131990709945
2,hsa-mir-2467,-1.2704382562559364,-1.3745519241283741,0.1041136678724377,0.4612794530246285,0.6430705511335304
2,hsa-mir-4673,-1.488699779023424,-1.5925508985421457,0.10385111951872172,0.08842000424494113,0.2514756459172318
2,hsa-mir-4708,-1.553194840683225,-1.6559770010971226,0.10278216041389765,0.5329114155760547,0.7015542686064518
2,hsa-mir-4675,-1.5357901262205407,-1.6367033116780445,0.10091318545750383,0.2269262579594821,0.479766148536371
2,hsa-mir-4488,-1.0835992485524772,-1.183934815459374,0.10033556690689682,0.11939068958787506,0.31145397283793497
2,hsa-mir-4727,-1.1909609040865103,-1.2894765312413936,0.09851562715488327,0.07572690877027073,0.22631030207207345
2,hsa-mir-3678,-0.2766399537077042,-0.37288177429957386,0.09624182059186964,0.36526755911677006,0.5688690462017898
2,hsa-mir-1303,-1.5635466862752445,-1.6597485784825918,0.09620189220734732,0.42175945282604893,0.6052849552977335
2,hsa-mir-203b,2.8286138516444117,2.7324232935050303,0.09619055813938138,0.4399818001818185,0.6209779301392417
2,hsa-mir-2278,-1.3004947626878796,-1.396570542210255,0.09607577952237545,0.3110895112582599,0.5572693268546359
2,hsa-mir-3180-4,-1.243543720597163,-1.338913287707949,0.09536956711078615,0.15417376981983685,0.3799543142479392
2,hsa-mir-518e,-0.04927883152512009,-0.14423639139803796,0.09495755987291787,0.4753906299099071,0.6528251607917738
2,hsa-mir-4785,-0.29359936206414183,-0.3882551268797152,0.09465576481557336,0.5285665482199728,0.6976005204933652
2,hsa-mir-3660,-1.3153307252889281,-1.4082678913765168,0.09293716608758862,0.6713852606354358,0.7964722483583877
2,hsa-mir-6889,-1.313018729925548,-1.4055318944811692,0.0925131645556212,0.11001664189602055,0.29641789526388956
2,hsa-mir-6816,-1.327997815875427,-1.4188225564395665,0.09082474056413936,0.261030810039606,0.5165559135890234
2,hsa-mir-4644,-1.4929635999200206,-1.5819834130903825,0.0890198131703619,0.21637629420072266,0.4636634875729771
2,hsa-mir-7702,2.0018306330896913,1.91485504951288,0.08697558357681134,0.815053459345463,0.9016056095493995
2,hsa-mir-6780a,-1.3921809793242117,-1.478910372937402,0.08672939361319032,0.09484644357345559,0.26421509281176914
2,hsa-mir-4683,-0.34555666531791607,-0.432129581924866,0.08657291660694993,0.9193276870396646,0.9599405567482443
2,hsa-mir-4717,-1.0318126489559942,-1.1183239053247023,0.08651125636870804,0.12008311209791775,0.3122160914545862
2,hsa-mir-4512,-1.1904486741092437,-1.27686744437598,0.08641877026673628,0.1937814406123569,0.4394964529446491
2,hsa-mir-5006,-1.3408227469878713,-1.4260254717188876,0.08520272473101631,0.2415681524811873,0.4978154793535696
2,hsa-mir-3929,-1.5994533335307484,-1.6827570308464064,0.08330369731565801,0.9278304705944849,0.9636588110035929
2,hsa-mir-3162,-1.4000838786395757,-1.483134656368133,0.08305077772855718,0.3725624127834489,0.5688690462017898
2,hsa-mir-4697,-0.7873275365280409,-0.8699995596864731,0.08267202315843225,0.6106501953252099,0.7542472721356511
2,hsa-mir-3139,-1.5994879719913706,-1.6819926928593683,0.08250472086799765,0.2646240041871264,0.5205718115156585
2,hsa-mir-6507,-1.0787599370416667,-1.1598575618227012,0.08109762478103444,0.3429558260960194,0.5688690462017898
2,hsa-mir-4747,-1.4591725160975928,-1.539997011273207,0.0808244951756143,0.46875660138562186,0.648811754773124
2,hsa-mir-454,-0.18872661483088973,-0.2688924040712037,0.08016578924031395,0.27473860338578393,0.5317521355853883
2,hsa-mir-6742,-1.4956361506144833,-1.5745633648495587,0.07892721423507543,0.056532060444901985,0.18334722306454698
2,hsa-mir-500b,3.4189258972672225,3.340117950581168,0.07880794668605473,0.6438525299504101,0.7726230359404921
2,hsa-mir-138-1,-1.3352091727411808,-1.4121577620725285,0.07694858933134774,0.9761881638115385,0.9843914256923078
2,hsa-mir-1245a,-0.9181201048125166,-0.9945301989615217,0.07641009414900513,0.6481764182901515,0.7738820135369704
2,hsa-mir-4638,0.38621580228913965,0.3098120839803749,0.07640371830876475,0.6340997957567578,0.7692197499203051
2,hsa-mir-3689f,-1.6114445371544566,-1.6876072254004792,0.07616268824602268,0.8075368443548798,0.8959868258845038
2,hsa-mir-4443,0.9758156226574024,0.9006316502663804,0.07518397239102204,0.8043723511268259,0.8937784099997751
2,hsa-mir-551b,-0.8546883396170188,-0.9297370759580647,0.07504873634104581,0.5682838381187403,0.7290483449549628
2,hsa-mir-4665,0.1728588476298482,0.09783091893924817,0.07502792869060004,0.5692143740956768,0.72964209004869
2,hsa-mir-769,5.336122460886735,5.261345184885053,0.07477727600168116,0.302086332861463,0.5541660796072114
2,hsa-mir-3685,-1.5656383882197187,-1.6403998740684191,0.07476148584870046,0.35195310416056635,0.5688690462017898
2,hsa-mir-4695,-1.3687267011180961,-1.4434807315236695,0.07475403040557338,0.47742994928959737,0.6550490069408724
2,hsa-mir-4426,-1.3105039066394764,-1.3842087223256077,0.0737048156861313,0.2553992549487477,0.5165559135890234
2,hsa-mir-6861,-1.4590748177161328,-1.5317872908926495,0.07271247317651675,0.2707364445454519,0.5266195180684601
2,hsa-mir-4450,-1.548849503059828,-1.6215612953773157,0.07271179231748781,0.259544251551963,0.5165559135890234
2,hsa-mir-4736,-1.3513292706541349,-1.4226566772842502,0.07132740663011528,0.9849217154562125,0.991276049104317
2,hsa-mir-7851,-1.515327345171028,-1.5857049712066613,0.07037762603563325,0.6093315429109976,0.7532149024890302
2,hsa-mir-3917,4.1556099427630055,4.085560738954998,0.07004920380800783,0.8218984762017532,0.9061212882506962
2,hsa-mir-342,7.823701130798673,7.754126131295067,0.06957499950360635,0.600770096818577,0.7474596470294941
2,hsa-mir-137,-1.5878066236617923,-1.657278055954408,0.06947143229261576,0.9909582559738772,0.9928676167753683
2,hsa-mir-585,-0.42935632745653457,-0.49872339506322866,0.06936706760669409,0.6198697893176635,0.7622962637754818
2,hsa-mir-4767,-1.1609812801619213,-1.2303161674620453,0.06933488730012405,0.668363228540162,0.7940949249982122
2,hsa-mir-3160-2,-1.606170521933727,-1.6749978616827643,0.06882733974903732,0.41155299575386295,0.595568342649375
2,hsa-mir-3618,-1.4699933389726785,-1.5387761387972707,0.06878279982459223,0.22515251015574642,0.47852577090322124
2,hsa-mir-4730,-1.455976390650642,-1.524268738699767,0.0682923480491251,0.6038264381818651,0.7493788731612646
2,hsa-mir-892a,-1.3866337924638585,-1.4548337414750345,0.06819994901117599,0.9598717691935258,0.9769215628602372
2,hsa-mir-6726,-0.037029078274975556,-0.10360749232075508,0.06657841404577952,0.9161704323021556,0.9585686615636235
2,hsa-mir-4753,-1.0265742442891856,-1.0929987917858583,0.0664245474966727,0.35380901208739945,0.5688690462017898
2,hsa-mir-1289-2,-1.6308245831662544,-1.6971076889183367,0.0662831057520823,0.2613173748183816,0.5165559135890234
2,hsa-mir-622,-1.477878426548971,-1.5414552845969942,0.06357685804802315,0.9256701027138197,0.9626969068223725
2,hsa-mir-4676,1.0555465086833489,0.9922711266345714,0.06327538204877747,0.6321682358322365,0.7692197499203051
2,hsa-mir-124-3,-1.5719352425100013,-1.635098038385403,0.06316279587540174,0.9038329077009422,0.9523118163328982
2,hsa-mir-6863,-1.6339625340294923,-1.6962621669098659,0.062299632880373546,0.45855064337457885,0.640410925393324
2,hsa-mir-3925,-1.4603627664056413,-1.5226348631490314,0.06227209674339007,0.34790920174700635,0.5688690462017898
2,hsa-mir-7158,-1.569138556130257,-1.6308620741968252,0.06172351806656806,0.9600133050415024,0.9769215628602372
2,hsa-mir-4743,-1.1786734858215864,-1.2396250432579952,0.06095155743640879,0.3114395640554259,0.5572693268546359
2,hsa-mir-1265,-1.6365582494839588,-1.6968645314470254,0.060306281963066644,0.8745714240587557,0.9428689851635512
2,hsa-mir-2113,-1.5998442989381418,-1.6600432135324634,0.060198914594321584,0.8373568421311558,0.918162786758417
2,hsa-mir-661,-1.6089892559271437,-1.6689982646339832,0.06000900870683945,0.2995830018569039,0.5530787547838569
2,hsa-mir-373,-1.4663196780618226,-1.5262745781599742,0.05995490009815163,0.8662713350004415,0.9345932661904262
2,hsa-mir-4516,-1.5339374154844883,-1.5935063544296169,0.0595689389451286,0.5724291787813651,0.731958622048303
2,hsa-mir-3926-2,-0.7745723142747206,-0.8338299622857289,0.0592576480110083,0.6972314938962179,0.8142207609354741
2,hsa-mir-548t,-1.3449021735268982,-1.403609620827252,0.05870744730035371,0.6748031296929877,0.7974952722792554
2,hsa-mir-3182,-1.5921722757217869,-1.6508754342902014,0.05870315856841457,0.6774300437439189,0.7993879487447152
2,hsa-mir-670,-1.6224679776873248,-1.6810443999671678,0.058576422279843054,0.5572272893675638,0.719002954022663
2,hsa-mir-4310,-1.6206593689758912,-1.679028104882747,0.05836873590685565,0.509539965132878,0.6799610993773362
2,hsa-mir-938,-1.5915784502031973,-1.6495751372284237,0.05799668702522642,0.6086909369429705,0.7530197158057367
2,hsa-mir-4721,-1.5868058966485317,-1.6442642690184115,0.05745837236987983,0.9332302548678181,0.9679180936488979
2,hsa-mir-574,8.408143979850147,8.35095681178195,0.05718716806819657,0.9483865704353788,0.9759123020311287
2,hsa-mir-6830,-1.5659106624922796,-1.6224064738426736,0.05649581135039394,0.7245625617720998,0.8360337251216535
2,hsa-mir-2861,-1.6258704472416066,-1.682038682026614,0.05616823478500743,0.8660320264701846,0.9345932661904262
2,hsa-mir-7855,-1.6344069742242833,-1.6901798829661914,0.0557729087419081,0.9628949537562762,0.977303921834607
2,hsa-mir-4773-1,-1.545444026799452,-1.6011754457157512,0.05573141891629918,0.6204807188956425,0.7622962637754818
2,hsa-mir-3184,-1.6287712434714032,-1.6844393700060654,0.05566812653466213,0.6787274322130572,0.7997090591029978
2,hsa-mir-891a,4.531718663781689,4.476166810741166,0.055551853040523014,0.8205989342783017,0.9053283857667259
2,hsa-mir-3689a,-1.64126430081819,-1.696644538167195,0.0553802373490051,0.6781163889720756,0.7995930210101571
2,hsa-mir-3115,-1.5711382241526881,-1.6264723000931274,0.055334075940439265,0.7422358048915985,0.8486556567902518
2,hsa-mir-3195,-1.5878187613094006,-1.643066626365564,0.055247865056163414,0.8791265982415366,0.9450336427105344
2,hsa-mir-124-2,-1.5803127437407691,-1.6351666701580412,0.05485392641727205,0.6731400778425365,0.7974952722792554
2,hsa-mir-6508,-1.330017721018397,-1.3848096163811825,0.0547918953627855,0.15838111476211436,0.3860539672326537
2,hsa-mir-671,5.582410426918939,5.52785551182513,0.054554915093809164,0.48787826118689476,0.6652885379821292
2,hsa-mir-4757,-0.904521128689966,-0.9590058303023626,0.0544847016123966,0.884692427951582,0.945348344234338
2,hsa-mir-5698,2.0094867506323077,1.9556718782818916,0.053814872350416154,0.8115159860057836,0.8984846970681494
2,hsa-mir-6745,-1.5843794975789378,-1.637987160783871,0.053607663204933154,0.26648853393017696,0.5229203816924292
2,hsa-mir-4771-1,-1.6245665595231793,-1.6771130409721813,0.05254648144900198,0.760949342755104,0.8633316179621543
2,hsa-mir-7977,-1.5911155285239664,-1.6436449902467145,0.05252946172274808,0.9684226542323124,0.979727198834246
2,hsa-mir-3186,-1.5836174462739943,-1.6360034017564213,0.05238595548242708,0.8524053645306023,0.927950013027034
2,hsa-mir-4529,-1.5614278066406837,-1.6130121373238624,0.05158433068317869,0.9146238379095383,0.9580132120926002
2,hsa-mir-4761,-1.6141859335523387,-1.6654631370625783,0.051277203510239566,0.8762810037962224,0.9435697176965006
2,hsa-mir-4315-1,-1.6433663691452376,-1.6945800245008265,0.05121365535558886,0.9593640638459094,0.9769215628602372
2,hsa-mir-6759,-1.5556309973076072,-1.6059340279004417,0.050303030592834475,0.24849586960839362,0.5087317015604909
2,hsa-mir-3150a,-0.4640394825659789,-0.5136890674097262,0.04964958484374732,0.6895306598725426,0.8087728040610274
2,hsa-mir-23c,-1.078087481929467,-1.1277088377063569,0.049621355776889864,0.3952582006615145,0.5850121376014825
2,hsa-mir-5681a,-1.6498702930014526,-1.6986682844441574,0.0487979914427048,0.8802391110462894,0.9450336427105344
2,hsa-mir-8085,-1.5346455482337968,-1.582976601027946,0.048331052794149176,0.5401800441002039,0.7087307559262558
2,hsa-mir-3689e,-1.6512898468137749,-1.6991861299958178,0.047896283182042865,0.8802391110462894,0.9450336427105344
2,hsa-mir-4532,-1.6200444901939361,-1.667528937258932,0.04748444706499577,0.37670886826482697,0.5688690462017898
2,hsa-mir-376a-2,-1.5569646068605671,-1.604362059816464,0.047397452955896924,0.8479475533235845,0.9255712615715732
2,hsa-mir-448,-1.6320036751326177,-1.6787248677028985,0.046721192570280845,0.7252189683495509,0.8361726464340721
2,hsa-mir-1243,-1.5620265562938727,-1.6083439522789764,0.04631739598510376,0.8017644709672062,0.8925363678931754
2,hsa-mir-548l,-1.5529833426118296,-1.5991131953093023,0.04612985269747272,0.38383529335174305,0.5740968913027029
2,hsa-mir-4752,-1.617544416700287,-1.6633885324693234,0.04584411576903635,0.8349618658232143,0.9179284782834491
2,hsa-mir-657,-1.61225781467578,-1.6566416244866347,0.04438380981085466,0.8539310156215095,0.9287654759853753
2,hsa-mir-3147,-1.6365363936484305,-1.6804183805196182,0.04388198687118772,0.6072233171941854,0.752397438302565
2,hsa-mir-3916,-1.4634672248539733,-1.5068325203928339,0.04336529553886059,0.6240225997229472,0.7647095487571073
2,hsa-mir-4764,-1.6398959220816647,-1.6828149680867026,0.04291904600503793,0.7536446325705991,0.8569137221648211
2,hsa-mir-122,-1.5438169831968185,-1.5865588711116076,0.04274188791478917,0.5590327483019055,0.7195566969299199
2,hsa-mir-3692,-1.5837178465488972,-1.6253498555784212,0.04163200902952391,0.8084465180341107,0.896358612745709
2,hsa-mir-3166,-1.597626706334909,-1.6391206440534998,0.04149393771859078,0.8847490913988034,0.945348344234338
2,hsa-mir-6867,-1.5881427151440306,-1.6294990555669424,0.04135634042291181,0.8888963305163736,0.9465380720856948
2,hsa-mir-4306,-1.5821317063598592,-1.623307984928051,0.041176278568191726,0.7156250743182169,0.8292645708456329
2,hsa-mir-1273h,-1.5854074540557876,-1.6262037697085039,0.04079631565271624,0.4270635498801401,0.6095326055013894
2,hsa-mir-188,0.5845382123738475,0.5439139177377214,0.04062429463612616,0.9357283218098291,0.9686371479915948
2,hsa-mir-3680-1,-0.5655963408793395,-0.6055285273705795,0.039932186491239974,0.8564752698294249,0.9287654759853753
2,hsa-mir-3189,-1.3585220146842758,-1.398371718417395,0.039849703733119135,0.4379443509638787,0.6193954555790124
2,hsa-mir-3163,-1.5974585797963068,-1.6371661078193578,0.039707528023051,0.2668234768122908,0.5229203816924292
2,hsa-mir-4670,-1.6347629876447602,-1.6740353831974073,0.039272395552647055,0.7979689807641166,0.8901981684100951
2,hsa-mir-4639,-1.538283475295151,-1.57738094279858,0.03909746750342902,0.3552856319465715,0.5688690462017898
2,hsa-mir-3661,-1.3129268979627984,-1.3518165750679405,0.03888967710514213,0.9353548559370313,0.9686371479915948
2,hsa-mir-204,3.560186784275207,3.521613136703572,0.03857364757163495,0.5938139494793431,0.7434588773577651
2,hsa-mir-4497,-1.6353033965073407,-1.6734197346452446,0.03811633813790394,0.30614832788502105,0.5572693268546359
2,hsa-mir-6073,-1.6227220593833618,-1.6608089036360465,0.038086844252684715,0.7480750761489088,0.8530274894104481
2,hsa-mir-555,-1.502658664452581,-1.5407197142496627,0.03806104979708169,0.9597043208336259,0.9769215628602372
2,hsa-mir-922,-1.6037323791233589,-1.6406760624410355,0.03694368331767661,0.974206096069063,0.9841189486198146
2,hsa-mir-298,-1.612533862748771,-1.6488556232426834,0.036321760493912336,0.9815742106219544,0.9885447182506448
2,hsa-mir-488,-1.083432865221199,-1.1196188282516297,0.036185963030430646,0.9337927762446099,0.9679180936488979
2,hsa-mir-2682,-1.6371220725920534,-1.6732621357090807,0.03614006311702722,0.310029942922466,0.5572693268546359
2,hsa-mir-3662,-0.9006656897815996,-0.9367810951087943,0.036115405327194705,0.8343311502572446,0.9178819424550787
2,hsa-mir-3152,-1.6041062834699251,-1.6399821509809656,0.03587586751104044,0.9562606894946187,0.9769215628602372
2,hsa-mir-655,-1.2516391044681885,-1.287460771764218,0.035821667296029425,0.6630284741474377,0.788958367406562
2,hsa-mir-5100,-1.3938175766635037,-1.4295394205209542,0.035721843857450475,0.9655733427045641,0.9781132562461817
2,hsa-mir-3141,-1.6262730232749736,-1.6616607373530459,0.035387714078072285,0.8845143702577168,0.945348344234338
2,hsa-mir-4756,-1.6550130095549382,-1.689891946923186,0.03487893736824765,0.9555680489368071,0.9769215628602372
2,hsa-mir-5011,-1.6657743676356571,-1.7005894561455417,0.03481508850988457,0.901846238072741,0.9513442109596821
2,hsa-mir-4686,-1.6485864888498531,-1.683092657422683,0.03450616857282984,0.8154907147911555,0.9016056095493995
2,hsa-mir-181c,6.977046791524087,6.942851011384278,0.03419578013980917,0.9503818802405142,0.9769215628602372
2,hsa-mir-4771-2,-1.6425989002235932,-1.6766745543468282,0.03407565412323499,0.7397345122805152,0.8475045595052815
2,hsa-mir-6872,-1.0871300160179165,-1.1208798653800862,0.03374984936216974,0.8821178146065464,0.9451262299355854
2,hsa-mir-3689b,-1.6650233267316397,-1.6981870294942498,0.03316370276261016,0.8496269529298032,0.9255712615715732
2,hsa-mir-199a-1,7.503821049782664,7.471268820601491,0.03255222918117262,0.989670392848299,0.9922145326756725
2,hsa-mir-614,-1.626306642926021,-1.658547085916729,0.03224044299070816,0.9092374252099528,0.9538738287340459
2,hsa-mir-7107,-1.6525017152315344,-1.6846332195517661,0.03213150432023171,0.7413833959791432,0.8485385896753215
2,hsa-mir-6883,-1.3214148149078202,-1.3531170932101273,0.031702278302307096,0.6134402339063219,0.7559229604108013
2,hsa-mir-3202-2,-1.4010396632620812,-1.4320093521158368,0.030969688853755617,0.923679454579466,0.9619091783337563
2,hsa-mir-3960,-1.6546838958385581,-1.685592934017567,0.03090903817900892,0.6056875467464968,0.7510910754567051
2,hsa-mir-3199-1,-1.112892208076961,-1.143610093262982,0.030717885186021032,0.5568826491582555,0.719002954022663
2,hsa-mir-519a-1,2.391655941304917,2.360979683512899,0.030676257792018102,0.8610267249827923,0.9314852225888738
2,hsa-mir-4467,-1.5200625449589649,-1.5502852591488212,0.030222714189856337,0.9627542913312981,0.977303921834607
2,hsa-mir-3923,-1.6321744322046976,-1.662164771395138,0.029990339190440363,0.9264499833791118,0.9628660719996099
2,hsa-mir-4656,-1.6267796581813503,-1.6567244387773106,0.029944780595960285,0.9086921372783825,0.9538738287340459
2,hsa-mir-764,-1.6514791144769831,-1.681031267760163,0.02955215328317995,0.7031557380509633,0.8191191470663222
2,hsa-mir-607,-1.4866976479053757,-1.5160507710736468,0.0293531231682711,0.6901668500831384,0.8089108085121682
2,hsa-mir-5194,-1.6124382018412924,-1.6416976167667978,0.029259414925505434,0.7088287812616996,0.8233603118155258
2,hsa-mir-4322,-1.6186920100750049,-1.6475017364432223,0.028809726368217436,0.47418346656660415,0.6518027083049963
2,hsa-mir-544a,-1.6458899094872457,-1.6743156379103687,0.028425728423123076,0.8452823267131486,0.9253617050333417
2,hsa-mir-4712,-1.6368927499967791,-1.6645789551426682,0.027686205145889042,0.7365080150600829,0.8448180172748009
2,hsa-mir-3684,-1.58383703538651,-1.6113441237991777,0.02750708841266758,0.6446035489892988,0.7726357877996286
2,hsa-mir-602,-1.5935766669745348,-1.6210507507961276,0.027474083821592776,0.6411469625070131,0.7717509733880713
2,hsa-mir-5584,-1.6456344993159933,-1.6730766456050423,0.027442146289049063,0.6738225304814165,0.7974952722792554
2,hsa-mir-1260a,-1.579306695055694,-1.6067244630427613,0.0274177679870673,0.4969121502147769,0.6729018700825105
2,hsa-mir-1286,-1.6353951490534495,-1.662477804523986,0.027082655470536565,0.6696979861883054,0.7950752347441069
2,hsa-mir-4653,-1.552608713430873,-1.5796582056766615,0.027049492245788453,0.7752819663658351,0.8732417816106157
2,hsa-mir-1-2,-1.4887085755927316,-1.515298888539676,0.026590312946944472,0.7345872110813007,0.8438557063967812
2,hsa-mir-3941,-1.3106703979574035,-1.33715017556834,0.02647977761093645,0.8917907277460448,0.9485842051178663
2,hsa-mir-4445,-1.665023812889213,-1.6907202651348259,0.0256964522456129,0.592519298708347,0.7434588773577651
2,hsa-mir-571,-1.6755132669574684,-1.7005894561455417,0.025076189188073306,0.901846238072741,0.9513442109596821
2,hsa-mir-5585,-1.6123717564006024,-1.637250951547834,0.02487919514723158,0.9881411063655192,0.9913184089583343
2,hsa-mir-599,-1.5251571790713097,-1.549746835540242,0.024589656468932297,0.19685236370909207,0.4412208152100339
2,hsa-mir-5697,-1.6628550737948526,-1.6874132743966659,0.02455820060181324,0.377858094823581,0.5689755095799097
2,hsa-mir-4662a,0.5915963320314604,0.5671199995153452,0.02447633251611525,0.8559320811286754,0.9287654759853753
2,hsa-mir-575,-1.657288409306624,-1.6811462067340694,0.023857797427445426,0.7530268202737694,0.8568357692392999
2,hsa-mir-4449,3.4843625868443646,3.460651794269282,0.023710792575082795,0.9218182560673801,0.9612543311932573
2,hsa-mir-5708,-1.221183577453629,-1.2448673756793207,0.023683798225691666,0.9056086502271224,0.9523118163328982
2,hsa-mir-1825,-1.588384714699995,-1.6118392682891622,0.02345455358916726,0.7287246352015362,0.8383557750106169
2,hsa-mir-3180-5,-1.6408118185939684,-1.6641950604720208,0.023383241878052408,0.8856031314882101,0.9454329415541487
2,hsa-mir-6888,-1.5872177152406688,-1.6105941613433592,0.023376446102690407,0.7686180184916318,0.8683899647277941
2,hsa-mir-4779,-1.5544721105354853,-1.5765386336865967,0.02206652315111146,0.7110665846059805,0.8248482913679123
2,hsa-mir-4259,-1.6789195602648803,-1.7005894561455417,0.021669895880661372,0.901846238072741,0.9513442109596821
2,hsa-mir-4699,-1.619343058114366,-1.6409393218160429,0.021596263701676888,0.6909547074744123,0.8092262339790415
2,hsa-mir-328,8.600163244403145,8.57857355016101,0.021589694242134527,0.8808198182699467,0.9450336427105344
2,hsa-mir-6512,-1.6681118305891895,-1.689574424928121,0.021462594338931495,0.954400044595899,0.9769215628602372
2,hsa-mir-5681b,-1.6767897089468549,-1.6981726492368683,0.02138294029001342,0.5935724765305536,0.7434588773577651
2,hsa-mir-6070,-1.6793157571102166,-1.7005894561455417,0.021273699035325055,0.6380579207672274,0.7692197499203051
2,hsa-mir-4663,-1.6526854372070268,-1.6735715540921292,0.020886116885102446,0.6796541438151482,0.8000827665118344
2,hsa-mir-4642,-1.6270505903521946,-1.6478688567397992,0.020818266387604645,0.9512847458080815,0.9769215628602372
2,hsa-mir-4513,-1.6584959673291297,-1.679180958085342,0.02068499075621233,0.7623731426721873,0.8636907062952883
2,hsa-mir-1281,-1.6103588829141917,-1.6309680789870036,0.020609196072811864,0.8817567327144337,0.9451262299355854
2,hsa-mir-3606,-1.6799814813974128,-1.7005894561455417,0.02060797474812892,0.6380579207672274,0.7692197499203051
2,hsa-mir-4682,-1.6303138625406455,-1.6506648979605576,0.020351035419912122,0.8994230567952799,0.9513442109596821
2,hsa-mir-3119-2,-1.6802596209360687,-1.7005894561455417,0.020329835209472957,0.6380579207672274,0.7692197499203051
2,hsa-mir-640,-1.6778066381606505,-1.6980697541388792,0.02026311597822872,0.8496269529298032,0.9255712615715732
2,hsa-mir-3160-1,-1.6557695782900848,-1.6756976088826145,0.01992803059252979,0.7168143306956589,0.8295477417546201
2,hsa-mir-7973-1,-1.6808665392395015,-1.7005894561455417,0.019722916906040222,0.8764311031680957,0.9435697176965006
2,hsa-mir-1245b,-1.669020139182228,-1.6884756679998587,0.019455528817630796,0.7887782122658124,0.8846110791766119
2,hsa-mir-378h,-1.6748657254611943,-1.6940662909987831,0.019200565537588865,0.929630379329006,0.9648858228564533
2,hsa-mir-593,-1.6741809277138382,-1.6932969833365148,0.019116055622676598,0.8484432193619516,0.9255712615715732
2,hsa-mir-6809,-1.3273024821014776,-1.3460171445865698,0.018714662485092237,0.919189239785157,0.9599405567482443
2,hsa-mir-1262,0.6206942196263631,0.6022368389766183,0.01845738064974478,0.6962262614927607,0.814177637127966
2,hsa-mir-4655,-1.6308962163785605,-1.6488559707345427,0.017959754355982183,0.946446414151836,0.9745586838791183
2,hsa-mir-302c,-1.679597150983992,-1.697457544193765,0.01786039320977295,0.8484432193619516,0.9255712615715732
2,hsa-mir-4681,-1.6787872355447147,-1.6965385956701007,0.01775136012538603,0.8197613810846552,0.9052858886817302
2,hsa-mir-1263,-1.6729993556845462,-1.6904784160527877,0.01747906036824154,0.7924896915530376,0.8881349991542662
2,hsa-mir-218-1,2.238018528308007,2.2210599173297685,0.016958610978238475,0.9092259660459447,0.9538738287340459
2,hsa-mir-5692c-1,-1.6759022944637891,-1.6927092224240337,0.016806927960244522,0.7965177186469677,0.8900914334450356
2,hsa-mir-6752,-1.5294600262981792,-1.5460091804001748,0.016549154101995533,0.48907239171131645,0.6656586510414112
2,hsa-mir-6768,-1.6654285434712823,-1.6818582690849917,0.016429725613709367,0.8988815254249248,0.9513442109596821
2,hsa-mir-6739,-1.5559425209870275,-1.572346004462233,0.016403483475205594,0.9450865822353836,0.9738012340073966
2,hsa-mir-650,-1.6626924379004666,-1.6789334465955008,0.016241008695034198,0.5902399681402408,0.7434588773577651
2,hsa-mir-4321,-1.6783856467076492,-1.6946054399410369,0.016219793233387625,0.5511911838036723,0.713575308492721
2,hsa-mir-4520-1,-1.6750349317067112,-1.6909033624857148,0.015868430779003573,0.9211713265850147,0.9612222538278413
2,hsa-mir-6876,-1.6362474410527799,-1.651904338332594,0.01565689727981412,0.8949246623255909,0.9503624732661143
2,hsa-mir-198,-1.6322469920456564,-1.6476745870249894,0.015427594979332993,0.962217317132114,0.977303921834607
2,hsa-mir-4487,-1.638916501809877,-1.6542923865992851,0.0153758847894081,0.6468958160032656,0.7738820135369704
2,hsa-mir-6864,-1.6709001611797105,-1.6860902105433933,0.015190049363682734,0.8548763079746051,0.9287654759853753
2,hsa-mir-5694,-1.6823799459003421,-1.6972506807379963,0.01487073483765422,0.8484432193619516,0.9255712615715732
2,hsa-mir-3674,-1.686067556087118,-1.7005894561455417,0.014521900058423798,0.6380579207672274,0.7692197499203051
2,hsa-mir-553,-1.6863092641003443,-1.7005894561455417,0.01428019204519737,0.6380579207672274,0.7692197499203051
2,hsa-mir-638,-1.6389240241089298,-1.653041298393048,0.014117274284118242,0.9512814007066751,0.9769215628602372
2,hsa-mir-6869,-1.360899736088875,-1.3749899734305129,0.014090237341637835,0.7934558925898884,0.88857946334546
2,hsa-mir-6719,-1.6800444640583116,-1.6941040646199441,0.014059600561632468,0.3317768762596343,0.5688690462017898
2,hsa-mir-5186,-1.6866306242906557,-1.7005894561455417,0.013958831854886,0.6380579207672274,0.7692197499203051
2,hsa-mir-6848,-1.5994203269635943,-1.6133704816880368,0.013950154724442498,0.6841057274495521,0.8030134949746436
2,hsa-mir-4711,-1.6843348110041572,-1.6981659453445317,0.013831134340374529,0.3939379686544359,0.5850121376014825
2,hsa-mir-3117,-1.5586616560087936,-1.5724305393718296,0.013768883363036055,0.8273830291295783,0.9108803990417376
2,hsa-mir-550b-1,-1.6652896936296955,-1.678943075380058,0.01365338175036257,0.5317605046227902,0.700630394604352
2,hsa-mir-4448,-1.6740706639761804,-1.6875777563616154,0.013507092385435016,0.957316434352413,0.9769215628602372
2,hsa-mir-3116-2,-1.6479985242211745,-1.6614320905293187,0.013433566308144185,0.49970118378747314,0.6756817956000513
2,hsa-mir-4704,-1.6854228501408903,-1.6988486944808627,0.013425844339972404,0.3939379686544359,0.5850121376014825
2,hsa-mir-648,-1.6797019241986992,-1.6929484324148127,0.013246508216113506,0.3478673637983469,0.5688690462017898
2,hsa-mir-591,-1.6797504848644778,-1.6929858973426444,0.01323541247816662,0.3317768762596343,0.5688690462017898
2,hsa-mir-4799,-1.5269726416869636,-1.540136851121407,0.013164209434443519,0.8375292599725815,0.918162786758417
2,hsa-mir-5583-1,-1.6877126946773975,-1.7005894561455417,0.012876761468144204,0.6380579207672274,0.7692197499203051
2,hsa-mir-3591,-1.6802673524495597,-1.6931159195380736,0.012848567088513896,0.510934064377913,0.6806636553625486
2,hsa-mir-1285-1,-1.6766055154707498,-1.6893771468322265,0.012771631361476743,0.4367833501033076,0.618313998331361
2,hsa-mir-6811,-1.5468139094178168,-1.5595525017545029,0.012738592336686061,0.5904643067403273,0.7434588773577651
2,hsa-mir-5699,-0.9287761473838406,-0.941109112214416,0.012332964830575333,0.8373494788971791,0.918162786758417
2,hsa-mir-4436b-1,-1.6034557518766062,-1.6157379770364197,0.012282225159813587,0.8830900108949004,0.945348344234338
2,hsa-mir-4680,-1.6064153184917351,-1.6185280167284153,0.012112698236680153,0.6229991549571527,0.7640555674002817
2,hsa-mir-3156-2,-1.6785878337278188,-1.6906857751686697,0.012097941440850857,0.7873137267685104,0.8836038947905583
2,hsa-mir-3185,-1.684673889498414,-1.696381784707453,0.011707895209039032,0.5705654486387366,0.730173994976562
2,hsa-mir-4429,-1.6083800658844714,-1.6199314640373423,0.011551398152870984,0.9382351472822064,0.9705880833953859
2,hsa-mir-6084,-1.3249581868853906,-1.3365004356965835,0.011542248811192923,1,1
2,hsa-mir-7856,-1.6841342228743355,-1.6956182291982738,0.011484006323938312,0.5511911838036723,0.713575308492721
2,hsa-mir-1302-3,-1.68921147728565,-1.7005894561455417,0.01137797885989178,0.6380579207672274,0.7692197499203051
2,hsa-mir-3919,-1.68921147728565,-1.7005894561455417,0.01137797885989178,0.6380579207672274,0.7692197499203051
2,hsa-mir-3686,-1.6894303487087294,-1.7005894561455417,0.011159107436812254,0.6380579207672274,0.7692197499203051
2,hsa-mir-557,-1.689474160783212,-1.7005894561455417,0.011115295362329691,0.6380579207672274,0.7692197499203051
2,hsa-mir-4737,-1.6572327183116426,-1.6682763178460642,0.011043599534421578,0.8593156801755915,0.9302792929034855
2,hsa-mir-578,-1.6091385395202633,-1.620077861219961,0.01093932169969758,0.36530636687393386,0.5688690462017898
2,hsa-mir-4735,-1.650297669446721,-1.6612093075444831,0.010911638097762077,0.9526589556261302,0.9769215628602372
2,hsa-mir-4517,-1.6447945018564014,-1.655617981087662,0.01082347923126048,0.4592243257445637,0.6407781289459028
2,hsa-mir-6129,-1.685213332556055,-1.6958741916873323,0.010660859131277345,0.7988957921629058,0.8901981684100951
2,hsa-mir-5191,-1.6899903228403523,-1.7005894561455417,0.010599133305189357,0.6380579207672274,0.7692197499203051
2,hsa-mir-5189,-1.591586740409367,-1.602169809116034,0.01058306870666681,0.7804310059863475,0.8771414764688056
2,hsa-mir-5702,-1.6797455835127253,-1.6902879501084478,0.010542366595722497,0.5501823996362978,0.713575308492721
2,hsa-mir-4420,-1.6457491242907283,-1.6562122988074517,0.010463174516723406,0.6483742254441156,0.7738820135369704
2,hsa-mir-4635,-1.68822358219109,-1.6984943507781034,0.010270768587013368,0.5935724765305536,0.7434588773577651
2,hsa-mir-1912,-1.5333165452942015,-1.5434656703540148,0.010149125059813358,0.6800703515350592,0.8000827665118344
2,hsa-mir-3915,-1.6856073525171633,-1.6957493757216642,0.01014202320450086,0.5511911838036723,0.713575308492721
2,hsa-mir-1273c,-1.6706762932272963,-1.6807217482295504,0.010045455002254178,0.6119028539638469,0.7551965602718363
2,hsa-mir-4482,-1.5806736434439896,-1.5902486792555113,0.009575035811521637,0.6748036919286007,0.7974952722792554
2,hsa-mir-4525,-0.426617006949659,-0.4360906060428396,0.009473599093180629,0.7758815747157074,0.8732866208921383
2,hsa-mir-7155,0.12859444303756098,0.11926405799398095,0.009330385043580039,0.985643136424863,0.9913184089583343
2,hsa-mir-6770-3,-1.6422222646081113,-1.6513445741449444,0.009122309536833129,0.8662960659688181,0.9345932661904262
2,hsa-mir-1205,-1.6884103394683512,-1.6975000483095615,0.009089708841210298,0.592519298708347,0.7434588773577651
2,hsa-mir-550b-2,-1.6819528681292264,-1.690980695787779,0.0090278276585527,0.9617375617381717,0.977303921834607
2,hsa-mir-637,-1.682038725487769,-1.6910601530414604,0.009021427553691508,0.5466967587329163,0.7133324396032781
2,hsa-mir-4438,-1.6899903228403523,-1.6990037323603357,0.009013409519983417,0.5935724765305536,0.7434588773577651
2,hsa-mir-8079,-1.6916141025074523,-1.7005894561455417,0.008975353638089434,0.42825913876733845,0.609565927442562
2,hsa-mir-6878,-1.524381863820412,-1.5330619014989328,0.008680037678520769,0.9594296852938743,0.9769215628602372
2,hsa-mir-8077,-1.6308005769314304,-1.6394258511468043,0.008625274215373846,0.5554038757774733,0.7178376522061792
2,hsa-mir-6089-1,-1.685769072195186,-1.694256035479604,0.008486963284418003,0.5099708245330021,0.6799610993773362
2,hsa-mir-4731,-1.5347254308745566,-1.5429963778608204,0.00827094698626385,0.9702406464759267,0.9809302712264716
2,hsa-mir-4650-2,-1.6901132198871749,-1.6982999630785813,0.008186743191406443,0.592519298708347,0.7434588773577651
2,hsa-mir-7847,-1.6511950735486143,-1.659328135550772,0.008133062002157798,0.8937320379776588,0.9497424926738063
2,hsa-mir-3133,-1.6592650375434668,-1.6671515532008623,0.00788651565739551,0.3807988071673446,0.5728506645911837
2,hsa-mir-3935,-1.6863092641003443,-1.694105921606196,0.0077966575058516785,0.592519298708347,0.7434588773577651
2,hsa-mir-4436a,-1.6797455835127253,-1.6872944706225335,0.007548887109808167,0.40094451116423235,0.5884437376561555
2,hsa-mir-3156-3,-1.688920369148773,-1.6963335020210024,0.007413132872229333,0.5878265082462665,0.7434588773577651
2,hsa-mir-4716,-1.2943574390407924,-1.3016246509208635,0.007267211880071178,0.8969010608996334,0.9511690545283482
2,hsa-mir-335,5.17205145173492,5.164997416716392,0.007054035018528637,0.9059171381012956,0.9523118163328982
2,hsa-mir-4484,-1.5464113551829033,-1.553461557189435,0.007050202006531725,0.6256109843601063,0.7660542665633955
2,hsa-mir-4452,-1.6847125420156321,-1.6917491652078003,0.007036623192168134,0.4728029123635977,0.6509907707742387
2,hsa-mir-875,-1.6905888602474164,-1.6975955992105454,0.007006738963128978,0.3930871192330407,0.5850121376014825
2,hsa-mir-4538,-1.6839122567305482,-1.6907360255794333,0.006823768848885026,0.47188591352566267,0.6503439778044171
2,hsa-mir-4659b,-1.6716895134821552,-1.6784489651719916,0.006759451689836382,0.49400889764539263,0.6698743363631794
2,hsa-mir-558,-1.6920060717070937,-1.6986505430993442,0.0066444713922504395,0.592519298708347,0.7434588773577651
2,hsa-mir-4739,-1.067634877944862,-1.0741807074276286,0.0065458294827667185,0.503006172165174,0.6782105692114705
2,hsa-mir-8059,-1.6907907209359376,-1.6973242644154398,0.006533543479502191,0.3930871192330407,0.5850121376014825
2,hsa-mir-7150,-1.6879674396560336,-1.6944788254855414,0.006511385829507832,0.592519298708347,0.7434588773577651
2,hsa-mir-4539,-1.6646019749170806,-1.6710245061971465,0.0064225312800658685,0.7493618298220175,0.8532879230090126
2,hsa-mir-7705,-1.2689073604222718,-1.2753153935740582,0.006408033151786396,0.41500550058005814,0.5994523897267506
2,hsa-mir-3180-2,-1.6456111577280745,-1.6519286983232848,0.00631754059521028,0.33512946701734764,0.5688690462017898
2,hsa-mir-7161,-1.633543157504644,-1.6398382642588487,0.006295106754204749,0.9388993772195474,0.9706315629307449
2,hsa-mir-5687,-1.6733092849526314,-1.6795151118812635,0.00620582692863203,0.9402289325907062,0.9713623409546368
2,hsa-mir-124-1,-1.6246981075353697,-1.630834929314608,0.006136821779238355,0.7399366731065342,0.8475045595052815
2,hsa-mir-3180-1,-1.6535894361753152,-1.6596139346329792,0.0060244984576640626,0.6377107120399046,0.7692197499203051
2,hsa-mir-1294,-0.9730697688260014,-0.9789794069817992,0.005909638155797814,0.7741360615650921,0.8727512818448525
2,hsa-mir-6760,-1.6436851081296828,-1.6495571934169615,0.005872085287278672,0.5997617147153913,0.7474596470294941
2,hsa-mir-4474,-1.6002556957628467,-1.605942664679928,0.005686968917081314,0.7364878766538747,0.8448180172748009
2,hsa-mir-1203,-1.6912352506774337,-1.6963680957700809,0.005132845092647109,0.7485863032069894,0.8530274894104481
2,hsa-mir-4440,-1.6845357464625572,-1.6892820437828777,0.004746297320320503,0.5491745256176519,0.7133324396032781
2,hsa-mir-6770-1,-1.6570537679594408,-1.6614998306477482,0.004446062688307384,0.6448537152019977,0.7726357877996286
2,hsa-mir-3910-1,-1.6857398296335593,-1.6899505844783387,0.004210754844779396,0.6976837955696593,0.8142207609354741
2,hsa-mir-147b,-1.5599222727027413,-1.5640350041890938,0.004112731486352494,0.8199801030174902,0.9052858886817302
2,hsa-mir-7849,-1.6715218783292243,-1.6754848930951995,0.00396301476597527,0.8021384537091231,0.8925363678931754
2,hsa-mir-4465,-1.6389865530912804,-1.6428578609060507,0.0038713078147702973,0.6008425624198626,0.7474596470294941
2,hsa-mir-3137,-1.3686798376243086,-1.3718831173297121,0.003203279705403572,0.9746562664215472,0.9841189486198146
2,hsa-mir-548ah,-1.6899048145445281,-1.6929994064729272,0.0030945919283991152,0.5090085356820755,0.6799610993773362
2,hsa-mir-610,-1.6901132198871749,-1.693187209737706,0.0030739898505312002,0.5090085356820755,0.6799610993773362
2,hsa-mir-4284,-1.6448504993386237,-1.6478942711258402,0.003043771787216487,0.9558833422997541,0.9769215628602372
2,hsa-mir-1244-1,-1.6735402037466822,-1.676561829035776,0.0030216252890937767,0.7057067936240495,0.8203447079385375
2,hsa-mir-6761,0.4689345623602475,0.46602552336945674,0.0029090389907907577,0.7673166412775478,0.8680304281312361
2,hsa-mir-623,-1.6877044273123463,-1.6905094738770068,0.0028050465646605183,0.5056876634624524,0.6799610993773362
2,hsa-mir-3121,-1.674139048181139,-1.6769079916656235,0.0027689434844846428,0.48910481738253836,0.6656586510414112
2,hsa-mir-8076,-1.6905888602474164,-1.6932969833365148,0.002708123089098402,0.3930871192330407,0.5850121376014825
2,hsa-mir-6516,-0.3416291958288338,-0.3442838728912007,0.002654677062366939,0.9256414133717534,0.9626969068223725
2,hsa-mir-4774,-1.6806522443175278,-1.6832695379205045,0.002617293602976689,0.3828262598144593,0.5732933499628381
2,hsa-mir-4418,-1.6875831987364214,-1.6900689481472004,0.002485749410779059,0.47188591352566267,0.6503439778044171
2,hsa-mir-1469,-1.6910582439481223,-1.693394438527627,0.0023361945795046246,0.5491745256176519,0.7133324396032781
2,hsa-mir-3920,-1.6759433040158547,-1.6780623412437994,0.002119037227944709,0.45040862526923064,0.6313004990296495
2,hsa-mir-627,-1.4532620643154295,-1.4553296987916895,0.0020676344762600163,0.6735816447787448,0.7974952722792554
2,hsa-mir-4770,-1.693316837402617,-1.6953117409587284,0.001994903556111316,0.5491745256176519,0.7133324396032781
2,hsa-mir-4436b-2,-1.6208655260818794,-1.6225727633790619,0.0017072372971824734,0.8860403593283112,0.9454329415541487
2,hsa-mir-3910-2,-1.6907460025417436,-1.6924413403248229,0.001695337783079287,0.6523508210484479,0.7778816974182404
2,hsa-mir-548as,-1.6892500810115876,-1.6909417194895937,0.00169163847800613,0.5037727314082829,0.6786575656277386
2,hsa-mir-1257,-1.6644325590060742,-1.6660438421418533,0.0016112831357790736,0.3070001358541134,0.5572693268546359
2,hsa-mir-548ag-1,-1.682426885079026,-1.6838916353804483,0.0014647503014222352,0.42820554134365063,0.609565927442562
2,hsa-mir-3612,-0.9320093095072528,-0.9334176232864776,0.0014083137792247902,0.6350876648731156,0.7692197499203051
2,hsa-mir-516a-1,0.01582413342136197,0.01451456292659864,0.0013095704947633305,0.9447368708094376,0.9738012340073966
2,hsa-mir-605,0.21616200105234495,0.21513595281988193,0.0010260482324630227,0.7984311270075495,0.8901981684100951
2,hsa-mir-1244-2,-1.6820694557772053,-1.6830914134172714,0.0010219576400660735,0.6405369419034653,0.7716120690111243
2,hsa-mir-1178,-1.667065772970594,-1.6676841315118272,6.183585412331549e-4,0.7960547131497798,0.8900914334450356
2,hsa-mir-4729,-1.6858072607421744,-1.6864071374865135,5.998767443391451e-4,0.43591287607659107,0.617642222233862
2,hsa-mir-378b,-1.607720309097383,-1.6082616030117758,5.412939143927264e-4,0.9560464698874731,0.9769215628602372
2,hsa-mir-3191,-0.16634122461119516,-0.16663522793954288,2.94003328347725e-4,0.8776699636606492,0.9442518229728363
2,hsa-mir-4457,-1.6908871975899438,-1.6909670052076444,7.98076177006557e-5,0.43432386102943266,0.61606072009026
2,hsa-mir-8075,-1.6921022905989336,-1.6919283959307823,-1.7389466815131982e-4,0.508047199046832,0.6799610993773362
2,hsa-mir-5580,-1.6154869302392931,-1.6153125861337938,-1.7434410549932444e-4,0.7275982971623991,0.8380993873836077
2,hsa-mir-5190,-1.666629339251484,-1.666309773983794,-3.195652676899474e-4,0.4211620568738541,0.6049841700950391
2,hsa-mir-4795,-1.6716278441795285,-1.6709548144308681,-6.730297486603476e-4,0.7332384864868517,0.8429270736326373
2,hsa-mir-3621,-1.6912662379807666,-1.6905381734943978,-7.280644863687513e-4,0.5090085356820755,0.6799610993773362
2,hsa-mir-4468,-1.6910582439481223,-1.690269863029706,-7.883809184163759e-4,0.5491745256176519,0.7133324396032781
2,hsa-mir-518d,-1.693694427928323,-1.692881490296102,-8.129376322210113e-4,0.5810625023000486,0.7411753913230382
2,hsa-mir-4278,-1.700589456145548,-1.6995495973298334,-0.001039858815714556,0.3762582528916815,0.5688690462017898
2,hsa-mir-3913-1,-0.6284038195299989,-0.6272234419757579,-0.0011803775542410522,0.6000429955648408,0.7474596470294941
2,hsa-mir-3122,-1.700589456145548,-1.6994059831210224,-0.0011834730245254832,0.40649303310974,0.5893393416832662
2,hsa-mir-1184-3,-1.700589456145548,-1.699324903097334,-0.0012645530482138234,0.3762582528916815,0.5688690462017898
2,hsa-mir-4527,-1.700589456145548,-1.699324903097334,-0.0012645530482138234,0.3762582528916815,0.5688690462017898
2,hsa-mir-3134,-1.700589456145548,-1.6992607989984205,-0.0013286571471273767,0.3762582528916815,0.5688690462017898
2,hsa-mir-4301,-1.700589456145548,-1.6992607989984205,-0.0013286571471273767,0.3762582528916815,0.5688690462017898
2,hsa-mir-4759,-1.700589456145548,-1.6992607989984205,-0.0013286571471273767,0.3762582528916815,0.5688690462017898
2,hsa-mir-892b,-1.5225148839055984,-1.5211301027575008,-0.0013847811480975913,0.6431036908781025,0.7724987293421545
2,hsa-mir-3167,-1.6946576174000347,-1.6932682163212973,-0.0013894010787374178,0.5491745256176519,0.7133324396032781
2,hsa-mir-892c,-1.6897025200968305,-1.6881002602720414,-0.0016022598247891207,0.33102487160145155,0.5688690462017898
2,hsa-mir-8057,-1.700589456145548,-1.698970460321541,-0.0016189958240069302,0.3762582528916815,0.5688690462017898
2,hsa-mir-4511,-1.6665859646229524,-1.664929667155609,-0.001656297467343304,0.6668606999892892,0.7929136371823865
2,hsa-mir-3978,-1.700589456145548,-1.6988184559562811,-0.0017710001892667915,0.40649303310974,0.5893393416832662
2,hsa-mir-5582,-1.6725377940944663,-1.6707382742172638,-0.0017995198772025045,0.4190732893131768,0.6036810519195461
2,hsa-mir-5591,-1.700589456145548,-1.6987817829455056,-0.0018076732000422702,0.3762582528916815,0.5688690462017898
2,hsa-mir-4718,-1.700589456145548,-1.698748178450742,-0.0018412776948057985,0.3762582528916815,0.5688690462017898
2,hsa-mir-4698,-1.700589456145548,-1.6987458394894643,-0.0018436166560835687,0.3762582528916815,0.5688690462017898
2,hsa-mir-3714,-1.700589456145548,-1.6987349908674785,-0.0018544652780694282,0.3762582528916815,0.5688690462017898
2,hsa-mir-586,-1.700589456145548,-1.6987294338505614,-0.0018600222949864964,0.3762582528916815,0.5688690462017898
2,hsa-mir-4314,-1.700589456145548,-1.698658331768154,-0.0019311243773938447,0.3762582528916815,0.5688690462017898
2,hsa-mir-1206,-1.700589456145548,-1.6986533440651945,-0.0019361120803533804,0.40649303310974,0.5893393416832662
2,hsa-mir-587,-1.700589456145548,-1.6985971357682117,-0.0019923203773362097,0.3762582528916815,0.5688690462017898
2,hsa-mir-1184-1,-1.700589456145548,-1.698567163352528,-0.0020222927930197976,0.3762582528916815,0.5688690462017898
2,hsa-mir-4514,-1.700589456145548,-1.6985584349618368,-0.0020310211837111236,0.3762582528916815,0.5688690462017898
2,hsa-mir-4671,-1.6927594450914978,-1.6907143089906824,-0.002045136100815359,0.508047199046832,0.6799610993773362
2,hsa-mir-208b,-1.700589456145548,-1.69853635675354,-0.0020530993920078178,0.3762582528916815,0.5688690462017898
2,hsa-mir-4327,-1.700589456145548,-1.6984962792278098,-0.0020931769177381376,0.3762582528916815,0.5688690462017898
2,hsa-mir-1268a,-1.700589456145548,-1.698409131874446,-0.002180324271101819,0.3762582528916815,0.5688690462017898
2,hsa-mir-4279,-1.696058197051172,-1.693844145159113,-0.0022140518920588104,0.6978289470325185,0.8142207609354741
2,hsa-mir-548i-2,-1.700589456145548,-1.6983495753351303,-0.002239880810417594,0.3762582528916815,0.5688690462017898
2,hsa-mir-4650-1,-1.700589456145548,-1.6982999630785813,-0.0022894930669665747,0.3762582528916815,0.5688690462017898
2,hsa-mir-1297,-1.700589456145548,-1.6982667955488475,-0.0023226605967003877,0.40649303310974,0.5893393416832662
2,hsa-mir-4463,-1.700589456145548,-1.6981806172830196,-0.0024088388625282953,0.3762582528916815,0.5688690462017898
2,hsa-mir-4534,-1.700589456145548,-1.6981247852729833,-0.002464670872564634,0.34439059778615905,0.5688690462017898
2,hsa-mir-564,-1.2404074392699247,-1.2378941162291373,-0.0025133230407874407,0.5394982319180703,0.7084320217105974
2,hsa-mir-645,-1.700589456145548,-1.6980697541388792,-0.0025197020066687337,0.3762582528916815,0.5688690462017898
2,hsa-mir-921,-1.700589456145548,-1.6980697541388792,-0.0025197020066687337,0.3762582528916815,0.5688690462017898
2,hsa-mir-4292,-1.700589456145548,-1.6980562694105024,-0.002533186735045545,0.3762582528916815,0.5688690462017898
2,hsa-mir-4263,-1.700589456145548,-1.6980214548406218,-0.002568001304926071,0.3762582528916815,0.5688690462017898
2,hsa-mir-423,9.489182724583932,9.491764035029215,-0.0025813104452829805,0.9643570615986649,0.9775159298855861
2,hsa-mir-302b,-1.700589456145548,-1.6979744542176227,-0.002615001927925187,0.3762582528916815,0.5688690462017898
2,hsa-mir-4495,-1.700589456145548,-1.6979744542176227,-0.002615001927925187,0.3762582528916815,0.5688690462017898
2,hsa-mir-4300,-1.700589456145548,-1.697945611972534,-0.0026438441730138873,0.3762582528916815,0.5688690462017898
2,hsa-mir-4252,-1.700589456145548,-1.697852710766177,-0.002736745379370964,0.3762582528916815,0.5688690462017898
2,hsa-mir-7515,-1.700589456145548,-1.697834816508563,-0.002754639636984857,0.3762582528916815,0.5688690462017898
2,hsa-mir-4277,-1.700589456145548,-1.697769912010489,-0.0028195441350589157,0.3762582528916815,0.5688690462017898
2,hsa-mir-4672,-1.6202941027568034,-1.6174459629132139,-0.002848139843589559,0.9174432745420761,0.9592570430868892
2,hsa-mir-4289,-1.700589456145548,-1.6977284245347926,-0.002861031610755349,0.3762582528916815,0.5688690462017898
2,hsa-mir-6828,-1.700589456145548,-1.6976912441301748,-0.002898212015373103,0.3762582528916815,0.5688690462017898
2,hsa-mir-3649,-1.700589456145548,-1.6976872831195848,-0.002902173025963073,0.40649303310974,0.5893393416832662
2,hsa-mir-3681,-1.6617141783986973,-1.658788903981986,-0.002925274416711199,0.7971920175278435,0.8901981684100951
2,hsa-mir-4478,-1.5170859738564384,-1.5140980100153276,-0.0029879638411107745,0.9951902616101767,0.9958286132853594
2,hsa-mir-4317,-1.700589456145548,-1.6975910053726717,-0.0029984507728761933,0.3762582528916815,0.5688690462017898
2,hsa-mir-1204,-1.700589456145548,-1.6975639456466571,-0.003025510498890771,0.3762582528916815,0.5688690462017898
2,hsa-mir-4308,-1.700589456145548,-1.6975621500858207,-0.0030273060597272305,0.3762582528916815,0.5688690462017898
2,hsa-mir-1253,-1.700589456145548,-1.6975061583844229,-0.0030832977611250367,0.3762582528916815,0.5688690462017898
2,hsa-mir-548f-1,-1.665703069346478,-1.6626162287710682,-0.003086840575409866,0.7552967772637778,0.8581667680491575
2,hsa-mir-5192,-1.6643507493068865,-1.6612149113005645,-0.0031358380063220004,0.2498479835079786,0.5095379624312112
2,hsa-mir-4540,-1.700589456145548,-1.6974471712685637,-0.0031422848769842027,0.3762582528916815,0.5688690462017898
2,hsa-mir-5692c-2,-1.700589456145548,-1.6974314167506206,-0.0031580393949273144,0.3762582528916815,0.5688690462017898
2,hsa-mir-1182,-1.700589456145548,-1.697352044397878,-0.003237411747669894,0.3762582528916815,0.5688690462017898
2,hsa-mir-554,-1.700589456145548,-1.6973393206068534,-0.0032501355386944653,0.34439059778615905,0.5688690462017898
2,hsa-mir-4504,-1.700589456145548,-1.6973214902971323,-0.0032679658484155993,0.3762582528916815,0.5688690462017898
2,hsa-mir-3646,-1.6804066724115299,-1.6771047625267241,-0.0033019098848057205,0.34031699171059315,0.5688690462017898
2,hsa-mir-7853,-1.700589456145548,-1.6972506807379963,-0.003338775407551564,0.3762582528916815,0.5688690462017898
2,hsa-mir-5195,-1.700589456145548,-1.697207549066992,-0.0033819070785559013,0.34439059778615905,0.5688690462017898
2,hsa-mir-4524b,-1.700589456145548,-1.6971952790103249,-0.003394177135223053,0.3762582528916815,0.5688690462017898
2,hsa-mir-920,-1.700589456145548,-1.6971596179883195,-0.0034298381572284153,0.3762582528916815,0.5688690462017898
2,hsa-mir-4494,-1.6022983680103335,-1.5988610700921926,-0.003437297918140958,0.6610830850053957,0.7872439790903949
2,hsa-mir-24-2,9.248149972967488,9.25167853137452,-0.003528558407031923,0.9231448500897235,0.9619091783337563
2,hsa-mir-5703,0.2513629213399836,0.25493409422408225,-0.003571172884098639,0.951957965359358,0.9769215628602372
2,hsa-mir-548ak,-1.700589456145548,-1.696999981933336,-0.003589474212212007,0.3762582528916815,0.5688690462017898
2,hsa-mir-4315-2,-1.700589456145548,-1.6969929309743987,-0.0035965251711491675,0.34439059778615905,0.5688690462017898
2,hsa-mir-1268b,-1.700589456145548,-1.6969417458118894,-0.003647710333658516,0.3762582528916815,0.5688690462017898
2,hsa-mir-936,-1.700589456145548,-1.6968876122032168,-0.0037018439423310845,0.40649303310974,0.5893393416832662
2,hsa-mir-4258,-1.6722155891017219,-1.6684991680902979,-0.003716421011423998,0.45435672282734657,0.6362625562034656
2,hsa-mir-4471,-1.700589456145548,-1.6967385971721924,-0.0038508589733554643,0.34439059778615905,0.5688690462017898
2,hsa-mir-8073,-1.700589456145548,-1.6967202405135704,-0.0038692156319775073,0.34439059778615905,0.5688690462017898
2,hsa-mir-8086,-1.700589456145548,-1.6966808840714998,-0.0039085720740481555,0.3762582528916815,0.5688690462017898
2,hsa-mir-711,-1.700589456145548,-1.6965547257220723,-0.004034730423475574,0.3762582528916815,0.5688690462017898
2,hsa-mir-548n,-1.700589456145548,-1.696539116650665,-0.004050339494882982,0.34439059778615905,0.5688690462017898
2,hsa-mir-8052,-1.700589456145548,-1.6963647819862704,-0.0042246741592775194,0.3762582528916815,0.5688690462017898
2,hsa-mir-626,-1.700589456145548,-1.696359493441355,-0.004229962704192847,0.3762582528916815,0.5688690462017898
2,hsa-mir-6770-2,-1.6435193318611774,-1.6392483964245244,-0.004270935436653023,0.38293055811620336,0.5732933499628381
2,hsa-mir-548c,-1.700589456145548,-1.6963086605380997,-0.004280795607448207,0.34439059778615905,0.5688690462017898
2,hsa-mir-4260,-1.700589456145548,-1.696298407355375,-0.004291048790172836,0.40649303310974,0.5893393416832662
2,hsa-mir-548am,-1.700589456145548,-1.6962518820050148,-0.004337574140533151,0.34439059778615905,0.5688690462017898
2,hsa-mir-3671,-1.700589456145548,-1.6962280521838204,-0.004361403961727461,0.34439059778615905,0.5688690462017898
2,hsa-mir-3659,-1.68921147728565,-1.684828935556358,-0.004382541729291978,0.39673333298148933,0.5860833328135638
2,hsa-mir-4643,-1.700589456145548,-1.6961606099668003,-0.004428846178747614,0.31471428010188096,0.5572693268546359
2,hsa-mir-4502,-1.6280001404299689,-1.623541514544193,-0.004458625885775946,0.613460556333381,0.7559229604108013
2,hsa-mir-4710,-0.815296617445429,-0.8107642120818535,-0.004532405363575576,0.8360483549661745,0.918162786758417
2,hsa-mir-4773-2,-1.6051387414075327,-1.6005118365594309,-0.004626904848101798,0.8479393766218226,0.9255712615715732
2,hsa-mir-4268,-1.700589456145548,-1.6959513852609989,-0.004638070884549039,0.3762582528916815,0.5688690462017898
2,hsa-mir-621,-1.680477933853292,-1.6758010315973464,-0.004676902255945636,0.5265558857329624,0.696124730291035
2,hsa-mir-542,2.1576114375473674,2.1623467111099757,-0.004735273562608278,0.39910723280543664,0.5870759460879654
2,hsa-mir-9500,-1.700589456145548,-1.6958181598315114,-0.0047712963140364995,0.3762582528916815,0.5688690462017898
2,hsa-mir-4524a,-1.3516300545135997,-1.3468564535816425,-0.004773600931957223,0.9450677385835443,0.9738012340073966
2,hsa-mir-2052,-1.700589456145548,-1.695742348580741,-0.004847107564806885,0.40649303310974,0.5893393416832662
2,hsa-mir-6071,-1.700589456145548,-1.6957207600863924,-0.0048686960591555195,0.40649303310974,0.5893393416832662
2,hsa-mir-595,-1.700589456145548,-1.6956398018887968,-0.00494965425675109,0.3762582528916815,0.5688690462017898
2,hsa-mir-384,-1.700589456145548,-1.6956349905093964,-0.004954465636151539,0.3762582528916815,0.5688690462017898
2,hsa-mir-5692a-1,-1.700589456145548,-1.6956044389457918,-0.004985017199756081,0.3762582528916815,0.5688690462017898
2,hsa-mir-3149,-1.6660063821655542,-1.6610197099278317,-0.004986672237722534,0.30213297718054316,0.5541660796072114
2,hsa-mir-890,-1.700589456145548,-1.69521828044284,-0.005371175702707953,0.34439059778615905,0.5688690462017898
2,hsa-mir-6722,-1.68740128540108,-1.6819209339515586,-0.0054803514495214145,0.46690085453929636,0.6480118621719771
2,hsa-mir-5692a-2,-1.700589456145548,-1.695090463696906,-0.005498992448641937,0.34439059778615905,0.5688690462017898
2,hsa-mir-4765,-1.6907907209359376,-1.6852490712494659,-0.00554164968647175,0.22896631706196455,0.4825613104562248
2,hsa-mir-4476,-1.6817795210415587,-1.6762042267117587,-0.0055752943297999735,0.36862165510655076,0.5688690462017898
2,hsa-mir-4451,-1.6783812091475654,-1.6727121640100855,-0.0056690451374799,0.5223809675292646,0.6917778517365473
2,hsa-mir-3136,-1.4952934364057373,-1.4896093820366143,-0.005684054369123004,0.9868470918333327,0.9913184089583343
2,hsa-mir-4496,-1.6782239183549734,-1.6723477023910722,-0.005876215963901199,0.5982154380290456,0.7474596470294941
2,hsa-mir-4480,-1.700589456145548,-1.6946525459244246,-0.005936910221123304,0.28444975625887586,0.5383954112375859
2,hsa-mir-1539,-1.4685348716784208,-1.462584254023296,-0.005950617655124724,0.6477850935070277,0.7738820135369704
2,hsa-mir-548f-4,-1.700589456145548,-1.6944929738121015,-0.006096482333446396,0.34439059778615905,0.5688690462017898
2,hsa-mir-5705,-1.700589456145548,-1.6944535785930477,-0.006135877552500224,0.34439059778615905,0.5688690462017898
2,hsa-mir-5095,-1.700589456145548,-1.6944420918860224,-0.006147364259525556,0.3762582528916815,0.5688690462017898
2,hsa-mir-8083,-1.700589456145548,-1.6943855442720301,-0.0062039118735177645,0.34439059778615905,0.5688690462017898
2,hsa-mir-7704,-1.5039773505949288,-1.4977335997496974,-0.006243750845231322,0.795100683157253,0.8897826870339417
2,hsa-mir-4637,-1.700589456145548,-1.6942693386819612,-0.0063201174635867385,0.2871442193267125,0.5383954112375859
2,hsa-mir-4508,-1.700589456145548,-1.6942683802240686,-0.006321075921479347,0.34439059778615905,0.5688690462017898
2,hsa-mir-548al,-1.700589456145548,-1.6942343536045519,-0.006355102540996027,0.31471428010188096,0.5572693268546359
2,hsa-mir-3665,-1.678969898477005,-1.6726084292139225,-0.006361469263082453,0.3959169193393851,0.5854316532411761
2,hsa-mir-4431,-1.6916141025074523,-1.685213938229803,-0.006400164277649223,0.29619024152372925,0.5515198945209031
2,hsa-mir-4441,-1.700589456145548,-1.6941452613908499,-0.0064441947546980405,0.34439059778615905,0.5688690462017898
2,hsa-mir-4320,-1.700589456145548,-1.6940866824270873,-0.0065027737184606416,0.34439059778615905,0.5688690462017898
2,hsa-mir-147a,-1.700589456145548,-1.6939294415557564,-0.006660014589791485,0.3762582528916815,0.5688690462017898
2,hsa-mir-612,-0.9022054332043515,-0.8955453725372039,-0.006660060667147638,0.41946933274730597,0.6036810519195461
2,hsa-mir-3921,-1.700589456145548,-1.6937410580944308,-0.006848398051117144,0.31471428010188096,0.5572693268546359
2,hsa-mir-644a,-1.700589456145548,-1.693740160535605,-0.0068492956099428515,0.34439059778615905,0.5688690462017898
2,hsa-mir-1972-1,-1.696058197051172,-1.689188506860123,-0.006869690191048994,0.608030883902962,0.7528001419750958
2,hsa-mir-4510,-1.700589456145548,-1.693693944987929,-0.006895511157618994,0.31471428010188096,0.5572693268546359
2,hsa-mir-3180-3,-1.6578334449745646,-1.6509357755213647,-0.006897669453199917,0.5522745664954745,0.7143850113871809
2,hsa-mir-6090,-1.700589456145548,-1.6935813469793712,-0.007008109166176668,0.34439059778615905,0.5688690462017898
2,hsa-mir-941-1,-1.6454382400427783,-1.6383712956243337,-0.007066944418444576,0.4998312770015764,0.6756817956000513
2,hsa-mir-6077,-1.700589456145548,-1.693510453280032,-0.007079002865515882,0.34439059778615905,0.5688690462017898
2,hsa-mir-8066,-1.694429324833288,-1.6873483989691203,-0.007080925864167753,0.46914080729748964,0.648811754773124
2,hsa-mir-3663,-1.654348155003194,-1.6472578148654806,-0.007090340137713369,0.4558763322371162,0.6372464859228507
2,hsa-mir-378j,-1.700589456145548,-1.6933108636119052,-0.007278592533642714,0.34095207274130157,0.5688690462017898
2,hsa-mir-4662b,-1.700589456145548,-1.6932216223833494,-0.007367833762198517,0.31471428010188096,0.5572693268546359
2,hsa-mir-3156-1,-1.6946576174000347,-1.6872689337305744,-0.0073886836694603275,0.46417212058701696,0.6459487137517809
2,hsa-mir-7848,-1.5441860591335714,-1.5367444005816022,-0.00744165855196921,0.9150254397551116,0.9580132120926002
2,hsa-mir-548ab,-1.700589456145548,-1.6930858264754645,-0.007503629670083445,0.2871442193267125,0.5383954112375859
2,hsa-mir-5685,-1.700589456145548,-1.6930775290484954,-0.0075119270970525065,0.34439059778615905,0.5688690462017898
2,hsa-mir-4790,-1.6482535432064884,-1.6406997994642518,-0.007553743742236607,0.2300980202660985,0.48311293622491747
2,hsa-mir-6072,-1.700589456145548,-1.6930164916355532,-0.007572964509994673,0.37259066449522027,0.5688690462017898
2,hsa-mir-1184-2,-1.700589456145548,-1.6930152820275954,-0.00757417411795247,0.34095207274130157,0.5688690462017898
2,hsa-mir-606,-1.700589456145548,-1.693015011411054,-0.007574444734493868,0.31149898569274953,0.5572693268546359
2,hsa-mir-3675,-1.700589456145548,-1.6929958078708498,-0.007593648274698106,0.31471428010188096,0.5572693268546359
2,hsa-mir-7973-2,-1.700589456145548,-1.6929206313773804,-0.007668824768167548,0.34439059778615905,0.5688690462017898
2,hsa-mir-6859-4,-1.700589456145548,-1.692852706804949,-0.00773674934059887,0.34439059778615905,0.5688690462017898
2,hsa-mir-3196,-1.4571925666195302,-1.44932001778145,-0.007872548838080196,0.8575866291254399,0.9290521815525599
2,hsa-mir-4458,-1.6562398827803761,-1.6483244784133266,-0.007915404367049517,0.40775964965679506,0.5906267905892296
2,hsa-mir-548ba,-1.700589456145548,-1.692666174346715,-0.007923281798832837,0.36894410702415276,0.5688690462017898
2,hsa-mir-603,-1.700589456145548,-1.6924553940522442,-0.008134062093303696,0.31471428010188096,0.5572693268546359
2,hsa-mir-1256,-1.656670750369865,-1.6484960707903296,-0.008174679579535438,0.9879501653084537,0.9913184089583343
2,hsa-mir-3128,-1.700589456145548,-1.6924036800367375,-0.008185776108810439,0.31471428010188096,0.5572693268546359
2,hsa-mir-499b,-1.675540504270234,-1.667330826165943,-0.008209678104291074,0.3056157629527871,0.5572693268546359
2,hsa-mir-7-2,-1.3628249637130887,-1.3544584725408337,-0.008366491172254964,0.8259435876988057,0.9099378508546164
2,hsa-mir-4285,-1.700589456145548,-1.692103358163238,-0.008486097982309815,0.34439059778615905,0.5688690462017898
2,hsa-mir-7975,-1.700589456145548,-1.6920022008937259,-0.008587255251822024,0.34439059778615905,0.5688690462017898
2,hsa-mir-3658,-1.700589456145548,-1.6919294821859436,-0.008659973959604272,0.31471428010188096,0.5572693268546359
2,hsa-mir-4705,-1.700589456145548,-1.691736040122632,-0.008853416022915894,0.31471428010188096,0.5572693268546359
2,hsa-mir-302a,-1.700589456145548,-1.6917218363668691,-0.008867619778678781,0.31471428010188096,0.5572693268546359
2,hsa-mir-1537,-1.700589456145548,-1.6915373334835644,-0.00905212266198352,0.34439059778615905,0.5688690462017898
2,hsa-mir-4537,-1.6932230316417283,-1.684154564666185,-0.009068466975543199,0.39791781664918413,0.5867219224694965
2,hsa-mir-4493,-1.700589456145548,-1.6914421435870572,-0.009147312558490661,0.31471428010188096,0.5572693268546359
2,hsa-mir-4312,-1.700589456145548,-1.6914003496619374,-0.009189106483610487,0.34095207274130157,0.5688690462017898
2,hsa-mir-548a-3,-1.6797530807300163,-1.670474796470829,-0.009278284259187197,0.5384075974008127,0.7075954944779004
2,hsa-mir-4666b,-1.6896786256819445,-1.6801993995318034,-0.009479226150141074,0.3951015212704728,0.5850121376014825
2,hsa-mir-3159,-1.6063438403541426,-1.5968052743950636,-0.009538565959078982,0.911303469024765,0.9553987981711246
2,hsa-mir-450a-2,-1.0970112039538775,-1.0873846062612278,-0.00962659769264973,0.29639543525502915,0.5515198945209031
2,hsa-mir-1470,-1.700589456145548,-1.690792521468295,-0.009796934677252844,0.34439059778615905,0.5688690462017898
2,hsa-mir-1267,-1.6918831985242595,-1.6817388674574112,-0.010144331066848311,0.4277351745109228,0.609565927442562
2,hsa-mir-5682,-1.6484628611632848,-1.6382427054492221,-0.010220155714062651,0.543164643254656,0.7114499105602546
2,hsa-mir-563,-1.700589456145548,-1.690183753901628,-0.010405702243919901,0.34439059778615905,0.5688690462017898
2,hsa-mir-4678,-1.700589456145548,-1.690148327887769,-0.010441128257778987,0.31471428010188096,0.5572693268546359
2,hsa-mir-4778,-1.6448196132837256,-1.6342425927352235,-0.01057702054850207,0.8419027327777207,0.9223091735486265
2,hsa-mir-4485,-1.700589456145548,-1.6899927351218362,-0.010596721023711675,0.31471428010188096,0.5572693268546359
2,hsa-mir-378e,-1.6772143964608244,-1.666597867361569,-0.010616529099255478,0.2049589879096506,0.4548165307810169
2,hsa-mir-3145,-1.700589456145548,-1.6899086180855412,-0.010680838060006748,0.2871442193267125,0.5383954112375859
2,hsa-mir-891b,-1.6770051585216112,-1.6662530413158336,-0.010752117205777623,0.7036023442749177,0.8191191470663222
2,hsa-mir-4281,-1.700589456145548,-1.6898037087622138,-0.010785747383334154,0.31471428010188096,0.5572693268546359
2,hsa-mir-5047,-1.6754603518735895,-1.6646640285163576,-0.010796323357231907,0.4859380101288253,0.6643850094662291
2,hsa-mir-3927,-1.700589456145548,-1.6897294141749375,-0.010860041970610412,0.2871442193267125,0.5383954112375859
2,hsa-mir-3165,-1.6878543224644622,-1.6764871474970913,-0.011367174967370941,0.3348958131046917,0.5688690462017898
2,hsa-mir-5684,-1.5163004436281833,-1.5049297114944156,-0.011370732133767714,0.8639466241355844,0.933996350416848
2,hsa-mir-3135a,-1.6172888878938916,-1.6057127611932216,-0.011576126700669986,0.9950803547136609,0.9958286132853594
2,hsa-mir-604,-1.682539121914259,-1.6708096686147846,-0.01172945329947428,0.5581986869628817,0.7195566969299199
2,hsa-mir-4425,-1.700589456145548,-1.688721803283405,-0.011867652862142863,0.28414523530731634,0.5383954112375859
2,hsa-mir-3140,-1.5543898818079729,-1.5421131775172368,-0.012276704290736129,0.9812650734129803,0.9885447182506448
2,hsa-mir-1291,0.6696303215053376,0.6821872275307964,-0.01255690602545878,0.8979701177402,0.9513442109596821
2,hsa-mir-6076,-1.6067338949464132,-1.5940889457186453,-0.012644949227767821,0.31898560733488873,0.5629157776498036
2,hsa-mir-4424,-1.700589456145548,-1.687868404865334,-0.012721051280213835,0.3083041589412644,0.5572693268546359
2,hsa-mir-544b,-1.6156463861253758,-1.6028014965037325,-0.012844889621643318,0.4817598861393912,0.6598291680223444
2,hsa-mir-371b,-1.5829070103975786,-1.5699913643569217,-0.01291564604065698,0.7618826482021789,0.8636907062952883
2,hsa-mir-4417,-1.6759433040158547,-1.662950699857144,-0.01299260415871073,0.5183665880873596,0.6876291474628239
2,hsa-mir-181d,4.906682222165667,4.919903293155888,-0.013221070990220518,0.7786593152880352,0.8757812053708255
2,hsa-mir-4507,-1.67835867594199,-1.665112579095763,-0.013246096846226907,0.44885881534673955,0.6296940215295986
2,hsa-mir-3148,-1.6912662379807666,-1.6779257192070418,-0.013340518773724774,0.3366686482933225,0.5688690462017898
2,hsa-mir-8089,-1.700589456145548,-1.6869544130892822,-0.013635043056265728,0.337534368317337,0.5688690462017898
2,hsa-mir-597,-1.549534931613827,-1.535891384880135,-0.013643546733691947,0.442014846421963,0.622624068739684
2,hsa-mir-4434,-1.700589456145548,-1.6864698180031026,-0.014119638142445323,0.2615892126508516,0.5165559135890234
2,hsa-mir-1272,-1.700589456145548,-1.6863350163717634,-0.014254439773784489,0.2587987452847053,0.5165559135890234
2,hsa-mir-1264,-1.700589456145548,-1.6863146514559926,-0.014274804689555332,0.2615892126508516,0.5165559135890234
2,hsa-mir-4789,-1.700589456145548,-1.686259032463836,-0.01433042368171189,0.31471428010188096,0.5572693268546359
2,hsa-mir-4775,-1.700589456145548,-1.6862248322228905,-0.01436462392265736,0.28414523530731634,0.5383954112375859
2,hsa-mir-422a,-1.700589456145548,-1.6861493026230467,-0.014440153522501165,0.2615892126508516,0.5165559135890234
2,hsa-mir-6818,-1.4162616538288482,-1.4018000796509478,-0.014461574177900394,0.5857754031315623,0.7434588773577651
2,hsa-mir-4520-2,-1.6892500810115876,-1.6746452495505157,-0.014604831461071832,0.2782344900155478,0.5342395846171427
2,hsa-mir-1282,-1.700589456145548,-1.6857273683237506,-0.01486208782179732,0.2379537256323689,0.49231805303248743
2,hsa-mir-663a,-1.6940738415810348,-1.6792113943868192,-0.014862447194215589,0.3942871392621746,0.5850121376014825
2,hsa-mir-5693,-1.700589456145548,-1.685360989048795,-0.015228467096752851,0.2587987452847053,0.5165559135890234
2,hsa-mir-548aq,-1.700589456145548,-1.6853273974286012,-0.015262058716946747,0.2615892126508516,0.5165559135890234
2,hsa-mir-887,2.175657074137489,2.190928548698755,-0.015271474561265652,0.8920339928896859,0.9485842051178663
2,hsa-mir-1199,-1.630996809639851,-1.615413483879149,-0.015583325760702094,0.3591670397595247,0.5688690462017898
2,hsa-mir-5007,-1.700589456145548,-1.6849359452830963,-0.015653510862451592,0.23536330320921386,0.4895096011136839
2,hsa-mir-548x,-1.700589456145548,-1.6847090512204765,-0.015880404925071367,0.2871442193267125,0.5383954112375859
2,hsa-mir-3945,-1.6755771715251258,-1.6595487770587656,-0.016028394466360174,0.5005661817780153,0.6759765689159851
2,hsa-mir-4744,-1.700589456145548,-1.6845220365845477,-0.016067419561000218,0.2615892126508516,0.5165559135890234
2,hsa-mir-5572,-1.700589456145548,-1.6844049103107979,-0.01618454583475004,0.28414523530731634,0.5383954112375859
2,hsa-mir-609,-1.700589456145548,-1.6842223976089894,-0.01636705853655851,0.2379537256323689,0.49231805303248743
2,hsa-mir-3116-1,-1.6301868173728025,-1.613735274895713,-0.016451542477089465,0.6960597114374392,0.814177637127966
2,hsa-mir-548k,-1.609195527660539,-1.5926572364861689,-0.016538291174370112,0.43861506254936533,0.6197821536023641
2,hsa-mir-6506,-1.6131609518905055,-1.5965486991864393,-0.016612252704066188,0.9676035503187815,0.979533769303893
2,hsa-mir-548ao,-1.700589456145548,-1.6838073883283835,-0.016782067817164403,0.2615892126508516,0.5165559135890234
2,hsa-mir-4459,-1.700589456145548,-1.6836734126905402,-0.016916043455007745,0.31149898569274953,0.5572693268546359
2,hsa-mir-3611,-1.700589456145548,-1.683595289739767,-0.016994166405780886,0.2871442193267125,0.5383954112375859
2,hsa-mir-152,4.350693967784359,4.368000677079594,-0.01730670929523459,0.9643570615986649,0.9775159298855861
2,hsa-mir-374c,-1.700589456145548,-1.6832684451667983,-0.017321010978749607,0.19604680042942949,0.4400474944890791
2,hsa-mir-1278,-1.700589456145548,-1.6830146811070157,-0.01757477503853222,0.2615892126508516,0.5165559135890234
2,hsa-mir-3171,-1.700589456145548,-1.682872658389186,-0.017716797756361924,0.2615892126508516,0.5165559135890234
2,hsa-mir-4636,-1.3508387700711961,-1.3326275741443099,-0.018211195926886248,0.7735462046877977,0.8727512818448525
2,hsa-mir-3914-2,-1.6722370771202137,-1.6540208308243094,-0.018216246295904348,0.1699714547655805,0.4044806000863466
2,hsa-mir-340,1.711873488444593,1.7301321405113406,-0.018258652066747594,0.5467413562202955,0.7133324396032781
2,hsa-mir-6839,-1.6867569281386086,-1.668321951097834,-0.01843497704077457,0.2815598063849919,0.5381113425138542
2,hsa-mir-762,-1.700589456145548,-1.6820655049794224,-0.018523951166125485,0.281166244533686,0.5381113425138542
2,hsa-mir-4802,-1.679777853654253,-1.6608400432197625,-0.018937810434490387,0.3531211914806401,0.5688690462017898
2,hsa-mir-581,-1.625921857405489,-1.606796291809477,-0.019125565596012084,0.2852722987860451,0.5383954112375859
2,hsa-mir-7843,-1.6764619843551338,-1.6572278320340286,-0.019234152321105258,0.3531211914806401,0.5688690462017898
2,hsa-mir-2117,-1.6594276909259293,-1.6401083781179782,-0.019319312807951183,0.37013391180930333,0.5688690462017898
2,hsa-mir-526a-2,-1.700589456145548,-1.680771104410363,-0.01981835173518487,0.23279163970928146,0.486151215457134
2,hsa-mir-4782,-1.694429324833288,-1.67432125732182,-0.020108067511467986,0.3026666533729275,0.5541783794152193
2,hsa-mir-4501,-1.5921698706069651,-1.572004815638861,-0.020165054968104057,0.381725115143024,0.5732933499628381
2,hsa-mir-3164,-1.692965928969526,-1.6725925001629294,-0.02037342880659665,0.2989669388126341,0.5530787547838569
2,hsa-mir-4492,-0.5426300343765982,-0.5215098465549393,-0.02112018782165892,0.7220557595244601,0.8337579458609605
2,hsa-mir-596,-1.6912855715089286,-1.6695528850265036,-0.02173268648242499,0.25404340047116264,0.514685330824693
2,hsa-mir-6504,-1.700589456145548,-1.6788147986996533,-0.021774657445894574,0.19604680042942949,0.4400474944890791
2,hsa-mir-1322,-1.700589456145548,-1.6787752796894646,-0.0218141764560833,0.21613947334723788,0.4636634875729771
2,hsa-mir-7151,-1.584341530079382,-1.5624501168884126,-0.021891413190969322,0.5095917985866756,0.6799610993773362
2,hsa-mir-3529,-1.700589456145548,-1.6784961205480569,-0.02209333559749105,0.21374012276291945,0.4617685742232103
2,hsa-mir-6844,-1.700589456145548,-1.6784265110823318,-0.022162945063216144,0.2615892126508516,0.5165559135890234
2,hsa-mir-4313,-1.700589456145548,-1.6783934622189012,-0.02219599392664673,0.21374012276291945,0.4617685742232103
2,hsa-mir-4634,-1.6918831985242595,-1.669651377948684,-0.0222318205755756,0.33200543989761977,0.5688690462017898
2,hsa-mir-630,-1.700589456145548,-1.6781999812772164,-0.022389474868331538,0.2587987452847053,0.5165559135890234
2,hsa-mir-491,2.654760180361898,2.6777770061957473,-0.023016825833849452,0.5880463880303901,0.7434588773577651
2,hsa-mir-6866,-1.6690629888866673,-1.6457473505765097,-0.023315638310157594,0.5793542546320491,0.7396011761260203
2,hsa-mir-4794,-1.6674993319900224,-1.643913752754119,-0.02358557923590343,0.35536014899876195,0.5688690462017898
2,hsa-mir-6775,-1.4565354858698183,-1.4323532494890319,-0.024182236380786426,0.9564522658257967,0.9769215628602372
2,hsa-mir-2681,-1.6607109502905328,-1.6362802566360848,-0.024430693654448055,0.23678225109739315,0.4911972230211879
2,hsa-mir-888,-1.689361495647116,-1.6647210640090837,-0.0246404316380322,0.30798140127145024,0.5572693268546359
2,hsa-mir-3688-2,-1.6906528402156593,-1.6659552304312897,-0.024697609784369634,0.21213705599589286,0.46091059519999006
2,hsa-mir-561,-1.6595158111705968,-1.6347988317364999,-0.024716979434096897,0.28521943774278086,0.5383954112375859
2,hsa-mir-4740,-1.5510693265571858,-1.5263194110480443,-0.024749915509141518,0.46557472497353947,0.6473231470220335
2,hsa-mir-548d-2,-1.6391185346267934,-1.6142908355704582,-0.024827699056335195,0.16463319211894573,0.3945127184417132
2,hsa-mir-7974,-0.31760575566876675,-0.2923199280762691,-0.025285827592497645,0.6205873429454243,0.7622962637754818
2,hsa-mir-4684,-1.5664304833062657,-1.541109231176142,-0.025321252130123595,0.7635555291823604,0.864402485866823
2,hsa-mir-3656,-1.627727505756318,-1.601404517400612,-0.026322988355706123,0.546139541388571,0.7133324396032781
2,hsa-mir-631,-1.689898065738912,-1.6634898949833106,-0.026408170755601423,0.5636857718006534,0.7243408599744805
2,hsa-mir-556,-1.606759660366763,-1.5802221769465579,-0.026537483420205232,0.7586849789393948,0.8613890590578281
2,hsa-mir-1305,-1.700589456145548,-1.6738634476107357,-0.026726008534812218,0.19604680042942949,0.4400474944890791
2,hsa-mir-5695,-1.682070715939422,-1.6552701935843832,-0.026800522355038714,0.24434405235103426,0.5022091194566712
2,hsa-mir-5571,-1.4418244453164102,-1.415015380990022,-0.026809064326388077,0.5921716267649797,0.7434588773577651
2,hsa-mir-580,-1.6847125420156321,-1.657858732304818,-0.02685380971081419,0.2347885558691378,0.4895096011136839
2,hsa-mir-548ai,-1.700589456145548,-1.673616196570255,-0.02697325957529295,0.19382920488840935,0.4394964529446491
2,hsa-mir-4722,-1.6306458694894288,-1.6033768640539767,-0.027269005435452076,0.23893742561975467,0.493698521810354
2,hsa-mir-663b,-1.700589456145548,-1.6730636778884715,-0.02752577825707636,0.16062768052472595,0.3890981081033734
2,hsa-mir-199a-2,7.90773313898219,7.935627940337568,-0.027894801355378362,0.8044005689997975,0.8937784099997751
2,hsa-mir-519e,-1.687697370929825,-1.6593973381427318,-0.028300032787093254,0.3497117176659231,0.5688690462017898
2,hsa-mir-521-1,-1.071365519039782,-1.0427914807549885,-0.028574038284793435,0.7470889773059775,0.8525667919512252
2,hsa-mir-548ay,-1.6500302679708336,-1.6214453473611647,-0.028584920609668885,0.2406464253331791,0.49657198878275055
2,hsa-mir-7156,0.09412743417702109,0.12308747594887369,-0.0289600417718526,0.7178025523433154,0.8300755979655833
2,hsa-mir-548ar,-1.700589456145548,-1.6714412433581092,-0.029148212787438732,0.2113588071377673,0.46091059519999006
2,hsa-mir-548y,-1.6913837394342903,-1.6620851759612172,-0.029298563473073136,0.2712771552313119,0.5270141496399086
2,hsa-mir-7160,-1.700589456145548,-1.6712629122523819,-0.029326543893166024,0.21374012276291945,0.4617685742232103
2,hsa-mir-642b,-1.5994847716271718,-1.5700548268890735,-0.029429944738098346,0.4402574299576931,0.6209779301392417
2,hsa-mir-24-1,9.331483115599605,9.361219128010072,-0.029736012410467083,0.9006248167021126,0.9513442109596821
2,hsa-mir-4659a,-1.6102641845074335,-1.580028042371172,-0.03023614213626158,0.648033533403022,0.7738820135369704
2,hsa-mir-3938,-1.5622285887129617,-1.5319447949118272,-0.03028379380113444,0.48664529720323607,0.6647166280687132
2,hsa-mir-4430,-1.5416131442678058,-1.5108291722196545,-0.03078397204815131,0.22382446687574642,0.47635220781195686
2,hsa-mir-3914-1,-1.6794120690962469,-1.648557556161145,-0.030854512935101885,0.18991151514387544,0.43503959416218163
2,hsa-mir-526a-1,-1.700589456145548,-1.6693787161349658,-0.031210740010582105,0.19162887060078954,0.4371099394093814
2,hsa-mir-4296,-1.700589456145548,-1.6692014762832017,-0.031387979862346205,0.16062768052472595,0.3890981081033734
2,hsa-mir-4666a,-1.6917963217330307,-1.6603699656765196,-0.03142635605651112,0.20835429105685585,0.4592014036996432
2,hsa-mir-4437,-1.689061318291746,-1.6574324590400773,-0.031628859251668695,0.20886050174563497,0.4592014036996432
2,hsa-mir-611,-1.3164144253935772,-1.2847124638365164,-0.03170196155706084,0.22140700161139681,0.47379276064990267
2,hsa-mir-4536-1,-1.700589456145548,-1.6686982041028564,-0.0318912520426915,0.1061547740861181,0.2875025131499032
2,hsa-mir-4454,-1.3207870013692418,-1.2886966227796552,-0.03209037858958652,0.7742870346623563,0.8727512818448525
2,hsa-mir-5009,-1.6537940599962717,-1.6211109734676896,-0.032683086528582095,0.39202037954236707,0.5850121376014825
2,hsa-mir-5691,-1.6892500810115876,-1.656425726695444,-0.0328243543161435,0.17339249587048544,0.4092167829923711
2,hsa-mir-559,-1.700589456145548,-1.6677001834315748,-0.03288927271397313,0.19604680042942949,0.4400474944890791
2,hsa-mir-6080,-1.6584094020839313,-1.6245324802813885,-0.03387692180254276,0.22547169448093496,0.4785521678779028
2,hsa-mir-876,-1.6904460645650492,-1.6565555498642628,-0.03389051470078641,0.25666802956749085,0.5165559135890234
2,hsa-mir-6081,-1.6815457275189496,-1.6475726561788164,-0.033973071340133165,0.2007417551247629,0.44736733999232875
2,hsa-mir-7703,-1.2217510227427142,-1.1875910812215478,-0.034159941521166415,0.9428932877644095,0.9734702375330766
2,hsa-mir-5706,-1.6504716635953949,-1.6160763306256807,-0.0343953329697142,0.615081256070954,0.7573218306793119
2,hsa-mir-7978,-1.6920060717070937,-1.657541420052812,-0.0344646516542817,0.2508511759018824,0.510205781495354
2,hsa-mir-4506,-1.700589456145548,-1.6661108582687447,-0.034478597876803185,0.19382920488840935,0.4394964529446491
2,hsa-mir-4796,-1.6853930205876781,-1.6509028119191043,-0.034490208668573885,0.3132469747343375,0.5572693268546359
2,hsa-mir-548d-1,-1.6114660805508232,-1.5768596234702246,-0.03460645708059862,0.48703276018111485,0.6647166280687132
2,hsa-mir-5680,-1.2479912095038277,-1.2133649509436255,-0.03462625856020218,0.8112625505298517,0.8984846970681494
2,hsa-mir-656,-1.5768298202878406,-1.5421840468087842,-0.034645773479056396,0.42584162330786085,0.6083451761540869
2,hsa-mir-5093,-1.6707623195668417,-1.6358330882693373,-0.03492923129750447,0.25019620462968445,0.5095379624312112
2,hsa-mir-4536-2,-1.700589456145548,-1.6656336732250447,-0.034955782920503164,0.11650694351703934,0.30857526636091914
2,hsa-mir-3155b,-1.700589456145548,-1.6652574114300795,-0.03533204471546836,0.20899551065817093,0.4592014036996432
2,hsa-mir-548at,-1.700589456145548,-1.6649169769138226,-0.03567247923172534,0.2113588071377673,0.46091059519999006
2,hsa-mir-6733,-1.4174596917446731,-1.3816998760750105,-0.035759815669662576,0.89690364052,0.9511690545283482
2,hsa-mir-4777,-1.6799037848872205,-1.6439743056115774,-0.03592947927564305,0.0834657473044457,0.24100765295575619
2,hsa-mir-3168,-1.6630312659574757,-1.627081253025768,-0.03595001293170785,0.3675960058236665,0.5688690462017898
2,hsa-mir-4762,-1.6213965800854357,-1.5846790143482086,-0.036717565737227176,0.3766972210567665,0.5688690462017898
2,hsa-mir-2114,-1.0916749417335794,-1.054047328001613,-0.037627613731966436,0.4742282525167762,0.6518027083049963
2,hsa-mir-4530,-1.6510614130466668,-1.6126451864587723,-0.03841622658789445,0.3828001641140439,0.5732933499628381
2,hsa-mir-5089,-1.700589456145548,-1.661661858069584,-0.0389275980759638,0.11650694351703934,0.30857526636091914
2,hsa-mir-647,-1.667712561085606,-1.6274326797439915,-0.04027988134161453,0.2763155605384263,0.5340056005589018
2,hsa-mir-4688,-1.6842883758787424,-1.6439994031454332,-0.040288972733309114,0.1694884808018775,0.4042844496191573
2,hsa-mir-466,-1.6443414710207611,-1.6023976765457202,-0.04194379447504093,0.1169499245715606,0.30879835620824503
2,hsa-mir-378g,-1.6718716106321796,-1.629410117929253,-0.04246149270292654,0.19025470876244777,0.43518672385545243
2,hsa-mir-4422,-1.605480602354413,-1.5624511007451924,-0.04302950160922059,0.22254477365116643,0.4748580671133923
2,hsa-mir-145,10.120227838415296,10.163749495294233,-0.043521656878937165,0.9019474923136985,0.9513442109596821
2,hsa-mir-548e,-1.67464586652373,-1.6309385728302224,-0.043707293693507676,0.2141244671856178,0.4617685742232103
2,hsa-mir-6513,-1.3153009072557045,-1.2699775230579264,-0.04532338419777804,0.4942470263807818,0.6698743363631794
2,hsa-mir-548au,-1.700589456145548,-1.65424067442966,-0.046348781715887855,0.1035139030838778,0.28231064477421214
2,hsa-mir-3942,-1.6763552382379896,-1.6295193830718608,-0.04683585516612876,0.27658751618691835,0.5340056005589018
2,hsa-mir-1246,-1.3441032147029515,-1.296674031203778,-0.047429183499173355,0.9756685249510798,0.9843914256923078
2,hsa-mir-4715,-1.5887648921580644,-1.5413305022730377,-0.047434389885026684,0.368239420884159,0.5688690462017898
2,hsa-mir-6838,-1.6923810024654824,-1.6447810432969785,-0.0475999591685039,0.12853209017401995,0.3319702991249522
2,hsa-mir-5087,-1.6499626207181268,-1.6022869953517693,-0.0476756253663575,0.37724381365833415,0.5688690462017898
2,hsa-mir-573,-1.6913837394342903,-1.6434037992664041,-0.047979940167886204,0.09033871435257515,0.25486986940193607
2,hsa-mir-1179,-1.6770891617011026,-1.6283803317664138,-0.048708829934688724,0.21210127265323134,0.46091059519999006
2,hsa-mir-6731,-0.16325513004576264,-0.11441040396970008,-0.048844726076062564,0.743145208935936,0.8486870614495315
2,hsa-mir-499a,-1.6408702833714,-1.5919588132971503,-0.048911470074249674,0.3284892658526655,0.5688690462017898
2,hsa-mir-3125,-1.3357849343417616,-1.286459012627508,-0.04932592171425365,0.2356549425874209,0.4895096011136839
2,hsa-mir-5092,-1.331740983143791,-1.282238983084527,-0.04950200005926386,0.8567266153480482,0.9287654759853753
2,hsa-mir-3146,-1.672391470560707,-1.6228325226911957,-0.049558947869511316,0.117432406156085,0.3089284209165136
2,hsa-mir-548o,-1.2964810310595412,-1.246088975599063,-0.0503920554604782,0.6339365024512887,0.7692197499203051
2,hsa-mir-3664,-1.5991283133808323,-1.5485765911963814,-0.05055172218445092,0.7111672768524628,0.8248482913679123
2,hsa-mir-3913-2,-0.797155890969058,-0.7463244432036766,-0.0508314477653814,0.8878708101284836,0.9465380720856948
2,hsa-mir-1295b,-1.4509090401485134,-1.3996955048494455,-0.051213535299067914,0.6014197966129353,0.7475815798535291
2,hsa-mir-4661,3.7588847310099487,3.8104031481616376,-0.05151841715168892,0.5874710185567975,0.7434588773577651
2,hsa-mir-5188,-1.687182353954243,-1.635119019758711,-0.052063334195531885,0.07800451884244994,0.23003222947868035
2,hsa-mir-153-1,-1.6654966582414512,-1.6132042448212316,-0.05229241342021962,0.09793572735300926,0.26897840611037754
2,hsa-mir-7641-2,1.44337727354823,1.4957787764995518,-0.05240150295132184,0.4894297902208325,0.6656586510414112
2,hsa-mir-1290,-1.6761595710248143,-1.6231070712317337,-0.053052499793080576,0.21086791713203126,0.46091059519999006
2,hsa-mir-4766,-1.689898065738912,-1.6359409036922876,-0.053957162046624374,0.27048864792753563,0.5266195180684601
2,hsa-mir-378f,-1.4975423863130055,-1.442945492930553,-0.05459689338245255,0.37272379325788846,0.5688690462017898
2,hsa-mir-376b,-1.6311610057980663,-1.5750538363843556,-0.056107169413710745,0.2782002072785093,0.5342395846171427
2,hsa-mir-4788,-0.21531472036841728,-0.15858934693531504,-0.056725373433102244,0.6527225268721004,0.7778816974182404
2,hsa-mir-4423,-0.2616557784528989,-0.2047257209964816,-0.0569300574564173,0.7425736996914704,0.8486556567902518
2,hsa-mir-519b,-1.689474160783212,-1.6325171016531355,-0.05695705913007654,0.15411230157938152,0.3799543142479392
2,hsa-mir-1-1,-1.5523951222910743,-1.495130278972778,-0.05726484331829629,0.4719162710734616,0.6503439778044171
2,hsa-mir-4473,-0.7063165479597852,-0.648331007216632,-0.05798554074315321,0.727964531990249,0.8380993873836077
2,hsa-mir-944,-1.5821893093789636,-1.5240146360978324,-0.05817467328113124,0.4194809360774282,0.6036810519195461
2,hsa-mir-3170,1.0269582035213993,1.085746562975016,-0.05878835945361671,0.8883987804872857,0.9465380720856948
2,hsa-mir-4804,-1.2793784647161148,-1.2204508087824224,-0.058927655933692424,0.6418770420475983,0.7720340675360473
2,hsa-mir-3158-1,0.5709996085947987,0.631554528459839,-0.060554919865040246,0.47864892270573056,0.6561443931642704
2,hsa-mir-3153,-1.667852643520261,-1.6069588478151233,-0.06089379570513764,0.08070973856902752,0.23578125874097927
2,hsa-mir-375,10.398207261551757,10.459373032855837,-0.061165771304079186,0.5367874079767776,0.7060610088058795
2,hsa-mir-6500,-1.6775663462807027,-1.6151720286507725,-0.062394317629930196,0.15317128216005643,0.37988426100109385
2,hsa-mir-7976,-1.3667495709041693,-1.3024377504715405,-0.06431182043262873,0.7207353801221129,0.8328497725855526
2,hsa-mir-4491,-1.4982537929675595,-1.4336981987533362,-0.0645555942142233,0.5285575348639892,0.6976005204933652
2,hsa-mir-4668,-1.650724572225545,-1.5851524234985264,-0.06557214872701866,0.22928421542810268,0.4825613104562248
2,hsa-mir-548ag-2,-1.6710745811337109,-1.6052533357460552,-0.06582124538765566,0.16171053187955656,0.39050840515806223
2,hsa-mir-3680-2,-1.069670867051649,-1.0028144958222835,-0.0668563712293655,0.3486281872614137,0.5688690462017898
2,hsa-mir-3157,-0.06383366643740064,0.003422613518505098,-0.06725627995590575,0.5087009909039133,0.6799610993773362
2,hsa-mir-520e,-1.6707231340859567,-1.6034138825708923,-0.0673092515150644,0.46810158773472277,0.6485244021902021
2,hsa-mir-3688-1,-1.700589456145548,-1.6316667424348392,-0.06892271371070868,0.025647013052159332,0.09854517330386345
2,hsa-mir-1283-1,-1.4234547276531742,-1.3523720069424232,-0.07108272071075095,0.23551022982882555,0.4895096011136839
2,hsa-mir-502,4.162625538674344,4.235511012267037,-0.07288547359269337,0.637875187822625,0.7692197499203051
2,hsa-mir-3144,-1.2887313544592234,-1.2156204343904429,-0.0731109200687805,0.21127065960424554,0.46091059519999006
2,hsa-mir-548q,-1.3065192778428878,-1.233276468395596,-0.07324280944729189,0.26127593027007545,0.5165559135890234
2,hsa-mir-718,-1.530164267615221,-1.4542922026140463,-0.0758720650011746,0.19756465253665895,0.44218200567745763
2,hsa-mir-1277,-1.6746014235501931,-1.5986981562081177,-0.07590326734207542,0.18658343986103845,0.43105654337783367
2,hsa-mir-6502,-1.591943860553199,-1.5158433314794353,-0.07610052907376375,0.2295259566400762,0.4825613104562248
2,hsa-mir-3173,1.4956774835536868,1.5722238449420332,-0.07654636138834636,0.3431143740940615,0.5688690462017898
2,hsa-mir-3936,-1.2083658716970185,-1.1311596010332856,-0.07720627066373287,0.4013488056834292,0.5884437376561555
2,hsa-mir-3667,-1.3771573935610966,-1.299290899498824,-0.07786649406227264,0.27389826327605576,0.5307842120629156
2,hsa-mir-653,-1.1742050951621568,-1.0960092365381255,-0.07819585862403122,0.9046158094490575,0.9523118163328982
2,hsa-mir-1181,0.20574650523793103,0.2840756910200215,-0.07832918578209047,0.3615843337509708,0.5688690462017898
2,hsa-mir-4470,-1.482775470441887,-1.4035711954575707,-0.07920427498431626,0.27740487965242394,0.5342395846171427
2,hsa-mir-2115,-1.5170435034398604,-1.4369067476581825,-0.08013675578167789,0.1340874663824562,0.3429981571725016
2,hsa-mir-550a-1,2.9433744895623164,3.0260276425476946,-0.08265315298537823,0.4291902134068556,0.6098136235132913
2,hsa-mir-6744,-1.243138568550629,-1.1604457997363442,-0.08269276881428489,0.4250895131994026,0.607827351595846
2,hsa-mir-7844,-1.4986143140121908,-1.4142676674032622,-0.08434664660892865,0.28322099470255346,0.5383954112375859
2,hsa-mir-5696,-1.420364111351478,-1.3352505567011959,-0.08511355465028214,0.573237768908252,0.7323922354601744
2,hsa-mir-548j,-1.4959628647594667,-1.410464701541547,-0.0854981632179197,0.2784210142908571,0.5342395846171427
2,hsa-mir-4768,-1.4650525880263878,-1.3793290672401006,-0.0857235207862872,0.5451662788187704,0.7133324396032781
2,hsa-mir-489,-1.6463158511179756,-1.5605849581055595,-0.0857308930124161,0.0607211605484225,0.1925305090559738
2,hsa-mir-651,-1.3944832785938428,-1.3084043993298529,-0.08607887926398994,0.9874744421020581,0.9913184089583343
2,hsa-mir-6803,1.1848033305063659,1.2718942483189346,-0.08709091781256872,0.2084214359175046,0.4592014036996432
2,hsa-mir-3120,-1.5436649058758543,-1.4562179595945794,-0.0874469462812748,0.2850975476298753,0.5383954112375859
2,hsa-mir-4419b,-1.647945343667732,-1.559957982351962,-0.08798736131577001,0.04457520400386128,0.1531658992203163
2,hsa-mir-570,-1.6594505892343314,-1.5714428323402647,-0.0880077568940667,0.15805110437903375,0.3858524613948242
2,hsa-mir-6880,-0.5729593116410989,-0.4846173079570118,-0.08834200368408712,0.4034270203779673,0.5893393416832662
2,hsa-mir-3143,-1.1057415748048929,-1.0163573240164734,-0.0893842507884195,0.7865369163271091,0.883367595011008
2,hsa-mir-3926-1,-1.535225827440905,-1.4441449198290601,-0.09108090761184484,0.4344017898072346,0.61606072009026
2,hsa-mir-4466,-1.1464349260660458,-1.054642335735778,-0.09179259033026788,0.29977700407089175,0.5530787547838569
2,hsa-mir-30d,13.605716069689125,13.698295032332917,-0.09257896264379184,0.3672330720351799,0.5688690462017898
2,hsa-mir-3174,-1.6099843663540927,-1.5169356339203603,-0.09304873243373235,0.0973558771743611,0.2680922213245151
2,hsa-mir-4645,-1.461106839839529,-1.3671593049571091,-0.09394753488241991,0.5062626424012793,0.6799610993773362
2,hsa-mir-1255a,-1.5737112990134297,-1.4796160077478409,-0.0940952912655888,0.05833389188987961,0.18724459125146542
2,hsa-mir-3918,-1.1620561277091015,-1.0667891984388231,-0.09526692927027836,0.6030936668367208,0.7490653823768189
2,hsa-mir-548aw,-1.6166654786474914,-1.5203167057925155,-0.0963487728549759,0.21182670818777832,0.46091059519999006
2,hsa-mir-25,13.8548353632312,13.951435131614325,-0.09659976838312545,0.5823043744938874,0.742152634158876
2,hsa-mir-552,-1.5231540975745272,-1.4252048730499856,-0.09794922452454169,0.04326539185721952,0.1496541270449278
2,hsa-mir-5683,-1.510755547925681,-1.412410025029799,-0.09834552289588183,0.5832714898252631,0.742778387042784
2,hsa-mir-5586,-1.5172118356667517,-1.4178446442811563,-0.09936719138559535,0.24989391903597422,0.5095379624312112
2,hsa-mir-5579,-1.1764787452716046,-1.0750078332890856,-0.10147091198251901,0.3023047011190621,0.5541660796072114
2,hsa-mir-3202-1,-1.5082852897120398,-1.4055992524899246,-0.10268603722211522,0.20809746427568995,0.4592014036996432
2,hsa-mir-628,-0.37518510844560943,-0.27248821701127945,-0.10269689143432997,0.5664916819647366,0.727347344744847
2,hsa-mir-498,-1.6374488245292287,-1.5347142802768035,-0.10273454425242523,0.17553004953587736,0.4123898754156155
2,hsa-mir-151a,10.93977859826712,11.0427301761373,-0.10295157787017928,0.5874710185567975,0.7434588773577651
2,hsa-mir-4519,-1.0318266562779645,-0.9288344003294894,-0.10299225594847516,0.42921497347281656,0.6098136235132913
2,hsa-mir-450a-1,-1.2946746467512154,-1.1913005514091148,-0.10337409534210051,0.905355398397475,0.9523118163328982
2,hsa-mir-6769b,-0.9829463720859608,-0.8794814828110821,-0.10346488927487874,0.5116226834748465,0.6809994762975773
2,hsa-mir-429,3.5076147550810957,3.612010134265161,-0.10439537918406527,0.7687477828776177,0.8683899647277941
2,hsa-mir-199b,7.505534017220562,7.611337636944954,-0.10580361972439256,0.600770096818577,0.7474596470294941
2,hsa-mir-490,-0.9879918933693117,-0.8810207214742123,-0.10697117189509942,0.6754031336569815,0.7975994613965868
2,hsa-mir-532,10.447847001062902,10.555543163574132,-0.10769616251123004,0.5423085962096261,0.7109255546949721
2,hsa-mir-520c,-1.700589456145548,-1.592261335290214,-0.10832812085533394,0.040811892450410565,0.14316028485242155
2,hsa-mir-548az,-1.516258770461798,-1.4076468604402348,-0.10861191002156323,0.28888012451355827,0.5409999930866157
2,hsa-mir-125b-2,10.504924319841319,10.613656790102947,-0.10873247026162858,0.3361463537584312,0.5688690462017898
2,hsa-mir-4792,-1.4957435285788212,-1.3859311811730848,-0.10981234740573642,0.1082147629213771,0.29257370911152214
2,hsa-mir-2116,1.067242830122039,1.1774369867021748,-0.11019415658013587,0.25195939068172024,0.5117925123222442
2,hsa-mir-521-2,-1.4483021141069794,-1.3371168260974475,-0.11118528800953187,0.21564745600500262,0.4636634875729771
2,hsa-mir-3158-2,-0.08267877059506279,0.02969370608147582,-0.1123724766765386,0.3539750382621915,0.5688690462017898
2,hsa-mir-424,3.8649027678212926,3.978859187870417,-0.11395642004912432,0.643253749625294,0.7724987293421545
2,hsa-mir-200a,9.326759547289125,9.440751913546803,-0.11399236625767806,0.7042216846238465,0.8192288053789714
2,hsa-mir-146b,10.427708407631807,10.542027844921304,-0.11431943728949712,0.2228180161070533,0.4748580671133923
2,hsa-mir-548v,-1.5980399877632927,-1.4826893920647477,-0.115350595698545,0.01640204133231576,0.06837564606063458
2,hsa-mir-3934,1.348779776127095,1.4643610349104776,-0.11558125878338266,0.24577045802369424,0.5041918714434211
2,hsa-mir-365a,6.844689759363915,6.960378060308705,-0.11568830094479043,0.06140394158735695,0.19390718396007459
2,hsa-mir-505,6.962469300508322,7.078286761897344,-0.11581746138902194,0.3536350472431069,0.5688690462017898
2,hsa-mir-143,11.79587840446761,11.91336135787048,-0.1174829534028703,0.4926058943416195,0.6693947693143958
2,hsa-mir-130a,6.31736978889346,6.435930950756962,-0.11856116186350185,0.3825162856166995,0.5732933499628381
2,hsa-mir-5690,-1.1640645684281272,-1.0452990339117239,-0.11876553451640337,0.4444512924716871,0.6246342488791278
2,hsa-mir-3130-2,2.7465709062031647,2.8678871527304097,-0.12131624652724504,0.17296598468997348,0.4088286910853919
2,hsa-mir-92a-2,15.428751632244687,15.550419126261604,-0.12166749401691668,0.08403391050435494,0.2418688199018334
2,hsa-mir-3124,-0.8203759717561774,-0.6983589488159667,-0.12201702294021066,0.32760208636183985,0.5688690462017898
2,hsa-mir-365b,6.824148400560345,6.946386923852634,-0.1222385232922889,0.0592349403962314,0.18902502658764803
2,hsa-mir-3194,-1.1938807532020554,-1.0714367626228207,-0.12244399057923472,0.18191641780997847,0.42419971866003947
2,hsa-mir-4791,-1.6684879805999597,-1.5458811300332527,-0.12260685056670706,0.016436453379960234,0.06837564606063458
2,hsa-mir-1283-2,-1.3016848093988893,-1.1789081085234792,-0.12277670087541015,0.1058057449857068,0.28705558639600454
2,hsa-mir-592,-1.4984461998316956,-1.374631016855095,-0.12381518297660055,0.3560685826672262,0.5688690462017898
2,hsa-mir-6503,-1.1188740055019906,-0.9946331107867017,-0.12424089471528887,0.322889449444412,0.5688690462017898
2,hsa-mir-22,12.641471813383399,12.76610187606506,-0.12463006268166055,0.5176885205415915,0.6873141208892619
2,hsa-mir-4733,-1.0081499346484293,-0.8821709070128548,-0.12597902763557445,0.3262653755272441,0.5688690462017898
2,hsa-mir-524,-1.6242130965497044,-1.4954073929062768,-0.12880570364342758,0.1567623350440353,0.38390775929151505
2,hsa-mir-125b-1,10.363834120367528,10.493775100048405,-0.12994097968087637,0.262497462947288,0.5176941115016046
2,hsa-mir-3912,-1.6209017644599288,-1.4908716037850664,-0.1300301606748624,0.12000174549245189,0.3122160914545862
2,hsa-mir-190b,-1.211639559071157,-1.0807893979469423,-0.13085016112421477,0.515707100840304,0.685266675733283
2,hsa-mir-92a-1,15.55157275077311,15.683935887687838,-0.13236313691472823,0.0621024011495978,0.19532206813179953
2,hsa-mir-1258,-0.7462824205790617,-0.6133305050463158,-0.13295191553274588,0.40113188402108113,0.5884437376561555
2,hsa-mir-153-2,-1.5402957723765855,-1.4048135916256341,-0.13548218075095142,0.4249382349739103,0.607827351595846
2,hsa-mir-4444-2,-1.1781471721225167,-1.0421135319675594,-0.13603364015495734,0.20591493199426772,0.4562011846056202
2,hsa-mir-4526,-1.5558443469304553,-1.419557424566187,-0.1362869223642682,0.04506648413632877,0.15417481415059842
2,hsa-mir-598,3.036293666761471,3.173301651305162,-0.13700798454369112,0.28181856848321724,0.5381113425138542
2,hsa-mir-28,12.178217932466453,12.3153271187419,-0.13710918627544721,0.06520543544834187,0.20338837340952562
2,hsa-mir-3178,-0.8541354448671873,-0.7155363538409392,-0.13859909102624812,0.4550797030525743,0.6367034410421667
2,hsa-mir-135a-2,1.522725902758409,1.6614999291565218,-0.13877402639811276,0.6809339093040786,0.8004950252557367
2,hsa-mir-3652,2.539963418443473,2.680073498940267,-0.14011008049679408,0.18734787323984806,0.43105654337783367
2,hsa-mir-549a,-1.3754397720598657,-1.233557078086771,-0.1418826939730946,0.11718501722774427,0.30879835620824503
2,hsa-mir-3650,-1.3214224110199704,-1.179442064491125,-0.1419803465288454,0.1945874358841203,0.4395942347642336
2,hsa-mir-600,-1.5806461461120003,-1.4335458909041274,-0.14710025520787284,0.15779205445409156,0.38582383220749655
2,hsa-mir-550a-3,1.7437675362852647,1.8922632981461234,-0.14849576186085867,0.369679058014331,0.5688690462017898
2,hsa-mir-643,-1.50605168476565,-1.3567607366435845,-0.14929094812206545,0.17547174501689727,0.4123898754156155
2,hsa-mir-629,5.630319777015981,5.779996696394617,-0.1496769193786358,0.15356551066304325,0.3799543142479392
2,hsa-mir-100,11.004402462543286,11.157980114504525,-0.15357765196123907,0.2943277465093224,0.5505411085785886
2,hsa-mir-4453,-1.2354565219590572,-1.0813761410664862,-0.15408038089257103,0.14377738055726236,0.361762441402144
2,hsa-mir-32,2.064168767544028,2.219272960141526,-0.15510419259749808,0.4422227360022884,0.622624068739684
2,hsa-mir-6774,-1.4423574109438424,-1.2864432446386966,-0.15591416630514576,0.13208821113742525,0.3389105417341832
2,hsa-mir-4444-1,-1.4112058658673337,-1.2535198904619507,-0.15768597540538298,0.039809304366557184,0.14178656349732696
2,hsa-mir-3690-1,0.07243464919039255,0.23059918344105312,-0.15816453425066057,0.36903976972376923,0.5688690462017898
2,hsa-mir-550a-2,2.922404647508907,3.080793712970271,-0.158389065461364,0.23084408893364503,0.48337822649192785
2,hsa-mir-193a,10.815776398624394,10.97444677946978,-0.1586703808453862,0.03232519675551539,0.11866532119602333
2,hsa-mir-548o-2,-1.3610075195192723,-1.2001151753014172,-0.16089234421785514,0.0723996907812511,0.22033659387883245
2,hsa-mir-6125,0.2437406478144531,0.4046669636847234,-0.1609263158702703,0.20478177947925438,0.4548165307810169
2,hsa-mir-125a,11.930932912751564,12.09351212555761,-0.1625792128060457,0.04026765697948077,0.14212114228052036
2,hsa-mir-4780,-1.6652729058849123,-1.5026189239340533,-0.162653981950859,0.03194832831692883,0.11810282505784117
2,hsa-mir-6715b,-1.1900603173819033,-1.0269005604076105,-0.16315975697429286,0.17149381220303644,0.4065810745239162
2,hsa-mir-660,2.192992261112168,2.3561934384974994,-0.16320117738533124,0.71603806213401755,0.8292645708456329
2,hsa-mir-6499,0.47004353749573335,0.6336448197430461,-0.16360128224731274,0.3856855957936612,0.5763118098066201
2,hsa-mir-520h,-1.5843105333578256,-1.419615316735036,-0.16469521662278952,0.041754547678494194,0.14604729681267026
2,hsa-mir-1304,0.6037484979596192,0.7684562458647948,-0.16470774790517562,0.37742273257618747,0.5688690462017898
2,hsa-mir-3654,-1.3960393416061738,-1.2312885359277683,-0.1647508056784055,0.13946463185934663,0.35318965211133235
2,hsa-let-7d,12.415493109449114,12.581098843468265,-0.16560573401915057,0.3949264691214105,0.5850121376014825
2,hsa-mir-450b,-1.4076748629129727,-1.24142702774028,-0.16624783517269281,0.301455432718974,0.5541660796072114
2,hsa-mir-96,1.0907842729192463,1.2572078202929398,-0.16642354737369347,0.5148944329044476,0.6847700897961962
2,hsa-mir-6087,-1.010809990265562,-0.8441538469559122,-0.16665614330964984,0.4244685977897014,0.607827351595846
2,hsa-mir-675,6.45532549956949,6.624760780588075,-0.1694352810185853,0.5880463972061073,0.7434588773577651
2,hsa-mir-1468,4.44343904757988,4.613532587404157,-0.17009353982427644,0.08847031350621935,0.2514756459172318
2,hsa-mir-4781,0.07978276364184268,0.25007289310353303,-0.17029012946169036,0.15396984635092215,0.3799543142479392
2,hsa-mir-5091,1.2141838610013,1.386670853856702,-0.17248699285540203,0.18480569781827436,0.42945194342057835
2,hsa-mir-3609,-0.16213225627963462,0.012172792127674158,-0.1743050484073088,0.14576285099658154,0.3649920506495461
2,hsa-mir-5000,-1.1890662149260665,-1.0139756510339013,-0.17509056389216515,0.29659196345967936,0.5515198945209031
2,hsa-mir-455,7.609897327328068,7.787091676101542,-0.17719434877347418,0.184016727924938,0.4284568590491094
2,hsa-mir-33a,1.6270335157110003,1.8046874718660164,-0.1776539561550161,0.29798041675740433,0.5527341856617726
2,hsa-mir-520f,-1.5346338001503301,-1.3546849471834768,-0.17994885296685337,0.18728941400223154,0.43105654337783367
2,hsa-mir-339,6.6967394812450705,6.878860416071625,-0.18212093482655423,0.022320636359593124,0.0877082940074692
2,hsa-mir-95,0.9008395877275097,1.0840688014064463,-0.18322921367893663,0.19828430418493695,0.44271961053058856
2,hsa-mir-519c,-1.6770155894708705,-1.4937641900585088,-0.18325139941236168,0.020962389942801054,0.08428177399682898
2,hsa-mir-338,3.933938277949404,4.117227033375539,-0.18328875542613554,0.5590402029993993,0.7195566969299199
2,hsa-mir-30c-2,8.933130509380259,9.119134269480096,-0.18600376009983677,0.07113892794759097,0.21802893437768547
2,hsa-mir-4714,-1.1668927641078943,-0.9807438511545102,-0.1861489129533841,0.07390834883665402,0.22215226239919128
2,hsa-mir-193b,7.945339064101208,8.13382524129265,-0.18848617719144212,0.0929310257561242,0.2606465835433244
2,hsa-mir-4632,-0.2616764052949743,-0.06990665772585723,-0.19176974756911708,0.18113598489774235,0.4230121803001169
2,hsa-mir-215,-1.5651744270581822,-1.3720535092936328,-0.19312091776454943,0.06885119462158941,0.2114328023812588
2,hsa-mir-3610,1.9118353300339173,2.105079441931917,-0.19324411189799995,0.07245568307947453,0.22033659387883245
2,hsa-mir-7846,-0.5092807574663093,-0.3126627796067529,-0.19661797785955637,0.14031600108136252,0.3547697920371565
2,hsa-mir-1275,0.914489414906147,1.1131179557354036,-0.19862854082925663,0.3281279419876551,0.5688690462017898
2,hsa-mir-1248,3.349687748722899,3.550842554688836,-0.20115480596593693,0.0765309401898129,0.22740622227830118
2,hsa-mir-659,0.886273282623619,1.0883624295267753,-0.20208914690315627,0.08583359938022464,0.24659376617523102
2,hsa-mir-7641-1,1.9107031398155319,2.1137026473526945,-0.20299950753716267,0.14623835907300461,0.36559589768251155
2,hsa-mir-361,9.594059962558251,9.798897644694833,-0.20483768213658138,0.00553151922678711,0.028668338849793664
2,hsa-mir-7845,0.38214729603245506,0.5921620509001274,-0.21001475486767235,0.05518259388089892,0.17971784228434723
2,hsa-mir-518a-1,-1.4918880338960399,-1.2816448916696788,-0.2102431422263611,0.14828099301199132,0.36892878644131816
2,hsa-mir-30c-1,8.55779830249065,8.769964904640247,-0.2121666021495976,0.050001769787330855,0.16631718735231585
2,hsa-mir-320e,-1.4296836206628363,-1.2160103858828297,-0.21367323478000655,0.034885237749481345,0.126560397416723
2,hsa-mir-99a,8.876490187755666,9.09039886173013,-0.21390867397446378,0.1562310610879917,0.38320826304601735
2,hsa-mir-451a,4.108183636313598,4.322753826648057,-0.21457019033445945,0.5949711329837233,0.7443103187286354
2,hsa-mir-520g,-1.5067572498707524,-1.2908440963955379,-0.21591315347521456,0.08038936739724183,0.23572822018740086
2,hsa-mir-19a,-1.237062416218872,-1.0209552361941518,-0.21610718002472007,0.7024691801107403,0.8190223624609528
2,hsa-mir-632,0.2998513338477503,0.5184067227745647,-0.21855538892681436,0.0942719564465948,0.2630845296184041
2,hsa-mir-515-2,-1.6547767647268936,-1.4346541905633967,-0.2201225741634969,0.04527113918124849,0.1545360549731896
2,hsa-mir-194-2,5.059227081498395,5.280522162455685,-0.22129508095729022,0.12299671438082309,0.3190382629709826
2,hsa-mir-5588,-0.8642776945614669,-0.6411005371106443,-0.22317715745082256,0.12311604763367405,0.3190382629709826
2,hsa-mir-17,8.010236261342428,8.234881651484779,-0.22464539014235108,0.09589273271342807,0.2657063286553247
2,hsa-mir-708,3.9655399438354264,4.190943798918855,-0.22540385508342897,0.23214707898788092,0.48545501772264643
2,hsa-mir-296,6.429453195609746,6.658329427604846,-0.2288762319951001,0.13196450535182053,0.3389105417341832
2,hsa-mir-203a,9.563222296116043,9.793078922654157,-0.22985662653811367,0.3315506063413901,0.5688690462017898
2,hsa-mir-4677,-0.5037204639333152,-0.27218945669685846,-0.2315310072364567,0.20298875433152108,0.451729610209947
2,hsa-mir-3130-1,2.6305079576887214,2.8623894732775756,-0.23188151558885428,0.04817527283636467,0.16196858970846742
2,hsa-mir-4999,-1.3341516184994244,-1.1013515737841932,-0.2328000447152312,0.024475690480524122,0.09474460831170628
2,hsa-mir-527,-1.4346942182047246,-1.2009276788118062,-0.23376653939291847,0.06208996503575153,0.19532206813179953
2,hsa-mir-5193,-0.36737312767131086,-0.13168789251944024,-0.23568523515187062,0.05262150940795969,0.17318471450720913
2,hsa-mir-363,3.1595292681480553,3.3958137256635874,-0.23628445751553206,0.2999388631712455,0.5530787547838569
2,hsa-mir-15b,10.459786279830828,10.696686708562464,-0.23690042873163542,0.0032411436404378015,0.01852082080250172
2,hsa-mir-378i,-1.3285085777286763,-1.0915468439683926,-0.23696173376028362,0.03845194608911943,0.1375803575665741
2,hsa-mir-507,-1.4413913141103856,-1.2018271495847448,-0.23956416452564078,0.036872494678152075,0.13253707764497058
2,hsa-mir-7-1,3.1472761263801576,3.3885227563415556,-0.241246629961398,0.06387731670089021,0.1996966213494764
2,hsa-mir-4797,-1.0447235517827582,-0.8024271884609417,-0.24229636332181648,0.0831744587475022,0.2407275614955537
2,hsa-mir-6887,-1.4041085326378338,-1.1590617797456846,-0.24504675289214917,0.01096523821018177,0.049296171780644264
2,hsa-mir-548s,-1.5284750502785431,-1.2831959158392263,-0.24527913443931681,0.02892634942120764,0.10891965624952646
2,hsa-mir-372,-1.1958802902381196,-0.949121324129644,-0.24675896610847559,0.057544285272295034,0.1858573188918846
2,hsa-mir-1266,5.800820285877455,6.048930340266853,-0.24811005438939837,0.03259595984313655,0.11908594228405858
2,hsa-mir-515-1,-1.678608732241097,-1.427735445345119,-0.250873286895978,0.009705771599913617,0.045376836651189474
2,hsa-mir-520b,-1.0356280505834814,-0.7842976672389983,-0.2513303833444831,0.14757715834236382,0.3680575774958489
2,hsa-mir-579,-0.545495419642698,-0.2940114459812601,-0.2514839736614379,0.09698149974986056,0.26777192851288933
2,hsa-mir-516b-2,-1.6776133796523662,-1.422890123744846,-0.2547232559075203,0.006956751243411815,0.03489560109235508
2,hsa-mir-4633,-1.5425148475121522,-1.2876038760702115,-0.25491097144194064,0.0028172879952379263,0.016338175734465298
2,hsa-mir-205,9.46946247529349,9.724655550421682,-0.2551930751281919,0.5214799778594366,0.6911714235010374
2,hsa-mir-3613,0.515736807946763,0.7755125818069735,-0.25977577386021045,0.10072617839568383,0.2756716461355558
2,hsa-mir-210,8.297815541408077,8.559392093779405,-0.26157655237132715,0.13873803371276786,0.35192086600311845
2,hsa-mir-200c,16.022922721352764,16.286821842246894,-0.2638991208941306,0.6820279504050752,0.8011774116204197
2,hsa-mir-182,11.678203794651054,11.942936629233444,-0.2647328345823894,0.34247901556331023,0.5688690462017898
2,hsa-mir-4505,-1.2055133521958705,-0.9392538699180536,-0.26625948227781693,0.004914861623251782,0.02594291547115245
2,hsa-mir-516a-2,-0.8768610586763418,-0.6063642573062957,-0.27049680137004606,0.3178928655966949,0.5616227297065052
2,hsa-mir-512-2,-1.5392077515256517,-1.2613111614171362,-0.27789659010851553,0.19443657198489472,0.4395942347642336
2,hsa-mir-518a-2,-1.4739269040237613,-1.1918792950772847,-0.2820476089464765,0.07798389494342288,0.23003222947868035
2,hsa-mir-510,-1.384000077370504,-1.0981109271060783,-0.28588915026442563,0.07862364249352563,0.2314205326224528
2,hsa-mir-3150b,1.2249348086388179,1.5124909373863757,-0.28755612874755787,0.05925207564189736,0.18902502658764803
2,hsa-mir-520a,-0.873601096748163,-0.5840306505767786,-0.2895704461713844,0.855964562353928,0.9287654759853753
2,hsa-mir-4522,-0.9883518001955933,-0.6963680526300322,-0.2919837475655611,0.005439565288064718,0.028285739497936536
2,hsa-mir-98,2.874266012623995,3.1667099189964123,-0.29244390637241713,0.07339122224760845,0.22183317776304742
2,hsa-mir-934,0.021346531756187958,0.31453467540832075,-0.2931881436521328,0.17008927798502782,0.4044806000863466
2,hsa-mir-513b,-1.3939302847159216,-1.0988446550185504,-0.2950856296973712,0.040416936909199556,0.14232600807754245
2,hsa-mir-616,1.6169149902690565,1.9124155070994857,-0.2955005168304292,0.005566990306747502,0.028756638670616237
2,hsa-mir-106a,1.3855335756929275,1.681659592469488,-0.2961260167765605,0.09679328543567006,0.26772610865185337
2,hsa-mir-376c,-1.3645007953015567,-1.0591354596279237,-0.305365335673633,0.02052975992828816,0.08275562141635537
2,hsa-mir-30e,11.913913967906096,12.220329916994771,-0.30641594908867553,0.0012398462073018306,0.008336896911167482
2,hsa-mir-3651,1.9154651961869633,2.222595063863851,-0.3071298676768879,0.04770387120835394,0.16107800667755875
2,hsa-mir-520d,-1.5346123419988187,-1.2262924164398137,-0.308319925559005,0.01499580440065929,0.06356917082888176
2,hsa-mir-523,-1.659274536168662,-1.3499032699796867,-0.30937126618897537,0.007422717769132883,0.03676012609475333
2,hsa-mir-6842,2.88874014095047,3.203451295798739,-0.3147111548482693,0.010913090753495558,0.049296171780644264
2,hsa-mir-577,-1.2645744770785943,-0.9473154322677657,-0.31725904481082856,0.08267719775206647,0.24062766509929795
2,hsa-mir-624,-0.6861896595039474,-0.3662394544741356,-0.3199502050298118,0.009880785923765666,0.04601201803305803
2,hsa-mir-519d,-1.4529716128274335,-1.1303935588609113,-0.32257805396652217,0.11341862776810638,0.302573342578764
2,hsa-mir-3155a,-1.042324525851583,-0.7180710510063006,-0.32425347484528233,0.006196795056036117,0.03148860028474378
2,hsa-mir-625,9.814395245426399,10.140050237370925,-0.32565499194452663,0.02362644637057072,0.09168471725893115
2,hsa-mir-516b-1,-1.6181932874726506,-1.2897470978129322,-0.3284461896597184,0.029941875748429783,0.11147810541181495
2,hsa-mir-4442,0.07289552744808245,0.40256145326280945,-0.329665925814727,0.01249230692638283,0.05505084408236501
2,hsa-mir-34a,4.744320988919453,5.0763170696907,-0.33199608077124676,0.007758411199453852,0.037822254597337526
2,hsa-mir-20a,3.878522005219301,4.2117135380075625,-0.33319153278826175,0.17270300874146755,0.40882654573093985
2,hsa-mir-320a,10.721306056542678,11.054598326494268,-0.3332922699515901,0.02897696160585562,0.10891965624952646
2,hsa-mir-320c-1,1.7383427583508064,2.0776927293859933,-0.3393499710351868,0.00951108186444407,0.044825642623966
2,hsa-mir-511,1.674312449139571,2.0163798745244654,-0.34206742538489454,0.04221230893328979,0.14731812513631334
2,hsa-mir-639,0.705404027320987,1.060832415952161,-0.355428388631174,0.004939131983930947,0.02594291547115245
2,hsa-mir-23b,10.081580197614754,10.437436990999624,-0.35585679338487,0.002392586295793706,0.014355517774762235
2,hsa-let-7i,8.380918409630992,8.741119442779842,-0.36020103314885077,0.0011796689034010664,0.00796659519179941
2,hsa-mir-194-1,4.1537487390098,4.514226372369325,-0.3604776333595243,0.017387171246717507,0.07081980977775278
2,hsa-mir-518f,-1.6526373839693291,-1.291604333641043,-0.36103305032828614,0.011511782968756962,0.05120119975766995
2,hsa-mir-200b,9.440299729000158,9.801872604713441,-0.3615728757132839,0.028610550929415193,0.10806890907963124
2,hsa-mir-223,4.661875962335169,5.023788895390404,-0.3619129330552351,0.021548640285700377,0.08597411469486595
2,hsa-mir-27a,8.929691320644158,9.295021757169824,-0.36533043652566555,0.0021225850477002237,0.012934502634423238
2,hsa-let-7a-3,14.124664244404917,14.490298169355755,-0.36563392495083846,2.5004044826388525e-4,0.0021084491853603296
2,hsa-mir-576,1.9300237574192285,2.298556847516362,-0.36853309009713353,0.0037061895972465737,0.020797322919800916
2,hsa-mir-3655,-1.0858539890685388,-0.7172966124559345,-0.36855737661260435,0.0026050482876051016,0.015335378598731918
2,hsa-let-7a-1,14.113167337909664,14.482733860289963,-0.36956652238029974,2.1934299654776464e-4,0.0019115925956118033
2,hsa-let-7a-2,14.11359749210137,14.48339590775159,-0.3697984156502194,2.311710616889518e-4,0.0019924135703578167
2,hsa-mir-191,10.00584640908033,10.375901702985695,-0.37005529390536473,3.228591605036399e-4,0.002582873284029119
2,hsa-mir-2355,0.9805791301491301,1.350850665285195,-0.3702715351360649,0.01355574288800871,0.05906971761255192
2,hsa-mir-1323,-1.52231049992999,-1.1500552901455023,-0.37225520978448756,0.02311214746210489,0.09053511319085494
2,hsa-mir-3616,-1.2370129545225261,-0.8613026213337303,-0.3757103331887959,0.00270405193637317,0.01579895513386571
2,hsa-mir-150,8.88904074599461,9.266651699582713,-0.37761095358810337,0.05867483921679633,0.18795225703942972
2,hsa-mir-1249,2.079411571763593,2.4575746654782105,-0.37816309371461765,9.338364413082179e-4,0.006556866080685332
2,hsa-mir-517c,-1.5883534367306062,-1.199227206143979,-0.3891262305866272,0.01024789617580323,0.04679539902564943
2,hsa-mir-378a,11.548348881114414,11.937865728887253,-0.389516847772839,0.003053832393769188,0.017514626964264462
2,hsa-mir-378d-2,-1.0031922167790437,-0.6135444971845485,-0.3896477195944952,0.0039315009374738304,0.021748728590280767
2,hsa-mir-378d-1,-1.178942558392247,-0.7877869053184504,-0.3911556530737966,3.094309823856683e-4,0.002514126731883555
2,hsa-mir-512-1,-1.6270902171234383,-1.2358818006831518,-0.3912084164402865,0.004604659134405333,0.02468477061743065
2,hsa-mir-21,12.031868733797365,12.426914113117173,-0.3950453793198072,0.06014032739459208,0.19107721127406038
2,hsa-mir-452,2.7466058807505287,3.1458805144590456,-0.3992746337085169,0.118100098441502,0.30964059423318174
2,hsa-mir-15a,3.2799042786027903,3.680477416052319,-0.4005731374495287,0.015282701897207901,0.06443517556660627
2,hsa-mir-1271,1.784820367802269,2.186916281959778,-0.4020959141575089,0.002463120221056638,0.01457496376184308
2,hsa-mir-590,-1.411716740587489,-1.0041899597048687,-0.4075267808826204,0.016756427663659108,0.06915351099287886
2,hsa-mir-186,6.666489001472787,7.0752135738178055,-0.4087245723450188,2.998336691550181e-4,0.0024489032663970066
2,hsa-mir-26b,6.774280552141574,7.183523094350713,-0.4092425422091388,1.9231406070392043e-5,2.4391051601472836e-4
2,hsa-mir-190a,-0.8923251262377908,-0.48051109409513987,-0.41181403214265094,0.0024266184832225438,0.014484566861475532
2,hsa-mir-148a,10.93909410114615,11.353700207240534,-0.414606106094384,0.013374562830947019,0.05860763487718356
2,hsa-mir-19b-2,-0.7369172408843463,-0.32126969208948375,-0.41564754879486254,0.027621188938790953,0.105352212089276
2,hsa-mir-26a-2,8.064056809869818,8.48491598230323,-0.42085917243341164,1.7338792910685628e-4,0.0015868012623484543
2,hsa-mir-664b,4.183788436882087,4.605846083294191,-0.42205764641210397,2.712259533382524e-4,0.0022626336214314102
2,hsa-mir-26a-1,8.028143547167236,8.450261142450325,-0.4221175952830887,2.1154339960444355e-4,0.0018644503015984855
2,hsa-mir-514b,-1.1521723013172387,-0.7299875817354087,-0.42218471958183,0.04017732229381248,0.14212114228052036
2,hsa-mir-144,-0.5823539259642709,-0.15061893359285045,-0.4317349923714205,0.14153137005859348,0.35726365257509035
2,hsa-mir-27b,9.397620187145472,9.832471298115244,-0.43485111096977214,6.524714940406131e-5,7.068441185439976e-4
2,hsa-mir-135b,2.2241665887374804,2.661948832342868,-0.43778224360538776,0.02354779158172906,0.09160736874687614
2,hsa-mir-30a,12.64385718768712,13.083083495333705,-0.4392263076465852,1.8655712556549936e-4,0.0016864303881688968
2,hsa-mir-885,5.4798975427832834,5.9203779156433765,-0.440480372860093,0.09099767088235351,0.25623892883839616
2,hsa-mir-20b,1.3580244454464758,1.7999620836606347,-0.4419376382141589,0.047097862634833884,0.15937671520681312
2,hsa-mir-19b-1,0.6431382510936317,1.0867023885248963,-0.44356413743126466,0.008580373582774171,0.0410594564083672
2,hsa-mir-320d-1,0.2524890105087407,0.6973947971389174,-0.4449057866301767,0.00531630571709646,0.027737247219633703
2,hsa-mir-513a-1,-1.1548272103654766,-0.7006134053249473,-0.45421380504052933,0.016883626153787523,0.06931172842081194
2,hsa-mir-362,3.6536090292049024,4.115453981609922,-0.46184495240501944,0.008669481568384959,0.04135899463816677
2,hsa-mir-29b-2,5.052662987677093,5.518851667408608,-0.46618867973151534,0.0015674613385722454,0.01002147413185534
2,hsa-mir-525,-1.5035672848053039,-1.027898032389927,-0.47566925241537694,0.0260885973034848,0.09975051910155953
2,hsa-mir-34b,1.7650599734974215,2.2448322854948985,-0.47977231199747705,0.090348101140558107,0.25486986940193607
2,hsa-let-7f-1,9.023494370386661,9.509010631612526,-0.48551626122586455,0.0077391779343066085,0.037822254597337526
2,hsa-mir-942,2.056446056101974,2.543223241390718,-0.4867771852887439,0.0013529832326971008,0.008794391012531155
2,hsa-mir-582,2.0613409980814965,2.548700972502691,-0.4873599744211945,0.0338349848710481,0.12303630862199309
2,hsa-let-7f-2,9.04123603492952,9.529064035462515,-0.48782800053299447,0.006284254877637896,0.031829342886737395
2,hsa-mir-518b,-1.2713950820554643,-0.7823626864778284,-0.4890323955776359,0.022302721248512295,0.0877082940074692
2,hsa-mir-320b-2,3.481079238059248,3.9713338231334796,-0.4902545850742315,0.002432664434427301,0.014484566861475532
2,hsa-mir-518c,-1.5081270889424003,-1.0174395385611243,-0.490687550381276,0.06543169398999969,0.20338837340952562
2,hsa-mir-506,1.3408008388452923,1.832775769824817,-0.4919749309795247,0.4699602078949292,0.6493692863738615
2,hsa-mir-221,7.968801071142279,8.461845315393385,-0.4930442442511058,1.4912635183437318e-4,0.0014099218718886192
2,hsa-mir-449c,-0.6064863651314653,-0.10800991492851203,-0.4984764502029532,0.10893369837891397,0.2940079056593526
2,hsa-mir-374b,2.2090265383428367,2.716776240965096,-0.5077497026222595,0.001160778330660963,0.007873105199265661
2,hsa-mir-4772,0.21955324748145108,0.7275938290471952,-0.508040581565744,0.0029022542713375912,0.01676858023439497
2,hsa-mir-192,5.565660691345651,6.083459192858854,-0.5177985015132025,0.0012471092728443477,0.00834974448771323
2,hsa-mir-664a,5.559132399582075,6.081497257181776,-0.5223648575997011,3.124288389809192e-5,3.868166577859e-4
2,hsa-mir-513a-2,-1.1884941377828806,-0.6627099522488537,-0.525784185534027,0.01001868085590417,0.04637727636560981
2,hsa-mir-126,6.220691619012032,6.746908051252648,-0.5262164322406155,1.6436498859173954e-4,0.0015353855221743335
2,hsa-mir-374a,0.48559408483100064,1.0160616746755688,-0.5304675898445682,0.011520269945475739,0.05120119975766995
2,hsa-mir-155,7.267013698600623,7.803438269049002,-0.5364245704483785,0.003961064593846277,0.02183484369752718
2,hsa-mir-34c,3.682354322653967,4.220772752738354,-0.5384184300843868,0.023472399967147502,0.09154235987187526
2,hsa-mir-320b-1,2.7926330539985953,3.3318914212494795,-0.5392583672508842,7.833842023020377e-4,0.005631702099498519
2,hsa-mir-23a,10.724747969369941,11.273263841238384,-0.5485158718684424,2.359597671486941e-8,6.69267703185387e-7
2,hsa-mir-30b,5.4879546886237245,6.040722455145806,-0.5527677665220816,6.806216292179476e-5,7.272395490273961e-4
2,hsa-mir-513c,0.408894651053587,0.9818422405101813,-0.5729475894565943,0.2143079793189771,0.4617685742232103
2,hsa-mir-224,4.550523296686693,5.130401420853494,-0.5798781241668012,0.011311015261192891,0.050559265923956764
2,hsa-mir-449b,0.9512521830332352,1.533717543547974,-0.5824653605147387,0.0635633680912014,0.19939677074861167
2,hsa-mir-222,6.4773349819950266,7.063273589135393,-0.585938607140366,2.175812434389864e-6,3.4285529269173615e-5
2,hsa-mir-517b,-1.3255540458542332,-0.7386394016322844,-0.5869146442219488,0.2599303064994408,0.5165559135890234
2,hsa-mir-517a,-1.3255540458542332,-0.7375145852330917,-0.5880394606211415,0.25906915890455057,0.5165559135890234
2,hsa-mir-526b,-1.2504729501731855,-0.6609061553561004,-0.5895667948170851,0.13565315730846245,0.3463484867450105
2,hsa-mir-3653,2.9729203174431396,3.5760710975368033,-0.6031507800936637,2.435957444107759e-4,0.002076553886780385
2,hsa-mir-320c-2,0.6591657271365868,1.2730078285360817,-0.6138421013994949,4.315416211743867e-5,5.023917380836143e-4
2,hsa-mir-6843,0.03508371286718228,0.6589797781496378,-0.6238960652824556,4.777450495395216e-4,0.003617875132435212
2,hsa-mir-3622b,-0.8325031238774543,-0.20721570774097467,-0.6252874161364796,5.2198324879158105e-5,5.900680203730917e-4
2,hsa-mir-509-2,4.311747477575137,4.940018519410378,-0.6282710418352409,0.2628533653500715,0.5177414772046862
2,hsa-mir-508,6.1457491415492385,6.774762286755555,-0.6290131452063168,0.33071940066490124,0.5688690462017898
2,hsa-mir-10a,12.581667969873743,13.218242332786152,-0.636574362912409,0.001479880675089015,0.00950046853143565
2,hsa-let-7b,15.513821589147236,16.16060120884971,-0.6467796197024729,1.3658881998803232e-6,2.3160712954492436e-5
2,hsa-mir-514a-1,0.08772941762633829,0.7361165223707343,-0.6483871047443961,0.46636542956093935,0.6478451203161757
2,hsa-let-7g,7.226130384453527,7.880447208991176,-0.6543168245376485,5.22520614136402e-7,9.820869374129963e-6
2,hsa-mir-10b,13.831865202880996,14.48808636268713,-0.6562211598061332,6.822755196800063e-4,0.00504927134770064
2,hsa-mir-195,2.971375164115622,3.627714132259989,-0.6563389681443668,5.823759125269653e-7,1.0815552661215071e-5
2,hsa-mir-514a-2,0.08385232409091897,0.7565610272927832,-0.6727087032018642,0.27016116880399366,0.5266195180684601
2,hsa-mir-320d-2,-0.10164893405985181,0.571072524989726,-0.6727214590495778,6.657182078143652e-5,7.162209684071792e-4
2,hsa-mir-509-3,4.450043421988866,5.127110743820429,-0.6770673218315633,0.1862325692181611,0.43104274181058055
2,hsa-mir-642a,0.7642185921158671,1.4481283215471619,-0.6839097294312948,3.2883987585418084e-5,4.0392929632482056e-4
2,hsa-mir-509-1,4.267749484505319,4.959246446613085,-0.6914969621077658,0.20616784304292451,0.4562011846056202
2,hsa-mir-151b,0.24598882934655192,0.9609985150294328,-0.7150096856828809,6.509342128874688e-7,1.1807643861679668e-5
2,hsa-mir-101-1,5.230215294457821,5.951336571021369,-0.7211212765635482,1.1888768797999678e-6,2.060719924986611e-5
2,hsa-mir-101-2,5.250388025114697,5.975363057434084,-0.7249750323193869,2.0200926909523533e-6,3.248808863799661e-5
2,hsa-mir-141,6.3417724769463275,7.073919717271051,-0.7321472403247231,8.249952157636808e-5,8.637533802626457e-4
2,hsa-mir-449a,0.03184768818966445,0.7785638131862646,-0.7467161249966001,0.02315609625843021,0.09053511319085494
2,hsa-mir-16-2,4.747672099961312,5.497888451585422,-0.7502163516241103,1.5631513475810974e-9,5.6709676795965396e-8
2,hsa-mir-29c,5.380932888094445,6.142486320863855,-0.7615534327694107,3.3422217153181014e-7,6.771254384280828e-6
2,hsa-mir-514a-3,-0.030695173924012747,0.7517982255737313,-0.7824933994977441,0.07313097004332524,0.22173599043169262
2,hsa-mir-16-1,4.632956682481063,5.415839559092189,-0.7828828766111258,1.2440313598339294e-9,4.8517223033523247e-8
2,hsa-mir-142,1.393827428743412,2.1782438620639053,-0.7844164333204933,1.0236813379833613e-4,0.0010107233463633187
2,hsa-mir-146a,4.034983513552077,4.834444329927006,-0.7994608163749293,1.5456674152261182e-5,1.9764271866825776e-4
2,hsa-mir-378c,3.306357910229871,4.121212212473858,-0.8148543022439871,9.49726507457835e-8,2.2113035099018248e-6
2,hsa-mir-497,2.340128221888003,3.163292897368992,-0.8231646754809891,6.778578668478924e-9,2.3499072717393602e-7
2,hsa-mir-29a,12.03778511057741,12.862636536333092,-0.824851425755682,1.3464465669093344e-11,7.001522147928539e-10
2,hsa-mir-31,1.772183089943196,2.6307458433211357,-0.8585627533779396,1.6684771234501153e-4,0.0015493001860608215
2,hsa-mir-3622a,2.5994682159500413,3.5818590680618336,-0.9823908521117923,5.9443582941587115e-8,1.545533156481265e-6
2,hsa-mir-29b-1,2.6413547323934674,3.6604192211366233,-1.019064488743156,5.624662695436915e-12,3.814988610818081e-10
2,hsa-mir-3607,2.9243182440787483,4.20822732373507,-1.2839090796563215,1.3829656983932345e-10,5.67743813024591e-9
3,hsa-mir-150,9.796202443459137,8.733471436007484,1.062731007451653,4.4646731343573926e-13,3.0282130824337095e-11
3,hsa-mir-31,2.9559135016224602,2.113305451798616,0.8426080498238444,1.0793955481588576e-6,1.772481110660861e-5
3,hsa-mir-7641-1,2.5108707705122555,1.738136663218885,0.7727341072933704,1.4245217300931755e-8,3.7037564982422564e-7
3,hsa-mir-1247,5.718049840275594,5.038341325436917,0.6797085148386763,1.3098057223021472e-6,2.063936289688232e-5
3,hsa-mir-3607,4.362737019080064,3.696725569324654,0.6660114497554099,6.098636728480763e-5,6.098636728480763e-4
3,hsa-mir-3653,3.8358305353917297,3.1877967927783266,0.6480337426134031,5.13897227384872e-8,1.1789406981182357e-6
3,hsa-mir-146a,5.052891816698117,4.4193009791025695,0.6335908375955475,3.665287859822593e-7,6.497555751503688e-6
3,hsa-let-7b,16.397109099538724,15.777479490019742,0.6196296095189826,2.416947660277741e-10,8.977234166745895e-9
3,hsa-mir-3651,2.5144916635482057,1.898680752615718,0.6158109109324879,5.665184773599151e-7,9.606182876972472e-6
3,hsa-mir-4772,0.9597480136215781,0.38998669809660996,0.5697613155249681,1.7325503087212454e-5,2.0169988668695098e-4
3,hsa-mir-3622a,3.722806863514564,3.172514668128482,0.5502921953860822,5.283342424555844e-5,5.351957261238387e-4
3,hsa-mir-7641-2,1.7708323408410591,1.262426946756948,0.5084053940841111,4.240957314728541e-4,0.003180717986046406
3,hsa-mir-7702,2.192390019674321,1.721807361986151,0.47058265768817,0.0013967683715611168,0.008412967797819854
3,hsa-mir-320b-2,4.149429308013053,3.6818598291448006,0.4675694788682523,1.5865799089998e-4,0.0013524943486555672
3,hsa-mir-1249,2.653610826851934,2.1879081701248806,0.46570265672705347,5.646784398524499e-7,9.606182876972472e-6
3,hsa-mir-7846,-0.08689729165723258,-0.5507802958563832,0.46388300419915063,2.460455133582534e-5,2.741650005991966e-4
3,hsa-mir-155,7.966422698422603,7.5119102764479875,0.4545124219746155,7.532539752819094e-5,7.247231495665974e-4
3,hsa-mir-3622b,-0.06668001407500501,-0.5079429996843375,0.4412629856093325,1.823866122730692e-4,0.0015215139847379034
3,hsa-mir-4449,3.7025888884457987,3.2765632850694693,0.42602560337632944,4.4136004528503583e-4,0.0032631358798324924
3,hsa-mir-320b-1,3.473567954213033,3.056350397537959,0.417217556675074,9.32107294047006e-4,0.006084047609679202
3,hsa-mir-6842,3.3753224376368802,2.972131739590054,0.40319069804682606,6.3055021811131875e-6,8.129407770691382e-5
3,hsa-mir-15b,10.881013679683454,10.479115435317139,0.4018982443663148,1.1718359260280472e-6,1.9042333797955766e-5
3,hsa-mir-642a,1.5554648760792718,1.1558715608440537,0.399593315235218,0.0014285812347830087,0.008543984210102785
3,hsa-mir-1248,3.7396907652356113,3.3405365553715676,0.3991542098640437,2.53067610686143e-4,0.0020399916676592275
3,hsa-mir-27a,9.454493269008237,9.058155267058748,0.39633800194948954,1.510281888202485e-6,2.2654228323037276e-5
3,hsa-mir-5193,0.04940446364430819,-0.3463333284494696,0.3957377920937778,1.123814873293984e-4,9.961086376923949e-4
3,hsa-mir-378a,12.090580566181721,11.69900665097965,0.39157391520207163,4.6170174702779766e-4,0.0033717206289612645
3,hsa-mir-3928,3.473651020577388,3.084493391452147,0.3891576291252412,9.944907230640845e-5,8.967662011444925e-4
3,hsa-mir-378c,4.199048406245426,3.812570018161699,0.38647838808372725,0.0028325415768872047,0.01572514185033466
3,hsa-mir-29a,12.938040377735913,12.552885774489422,0.385154603246491,1.6149380430243855e-4,0.0013691866016945877
3,hsa-mir-27b,9.973840108771666,9.588834970118068,0.3850051386535984,5.595797159937528e-6,7.335666865128188e-5
3,hsa-mir-320c-2,1.3817956803872165,1.000851597225772,0.38094408316144435,0.0010673890136848178,0.006852373915013645
3,hsa-mir-605,0.42595915736249407,0.0487673833494666,0.37719177401302745,5.959670461908806e-4,0.0041813496776959965
3,hsa-mir-224,5.240639328274114,4.867398301159893,0.37324102711422125,0.030858710647865866,0.11066572094407069
3,hsa-mir-320d-2,0.6587604140920998,0.2977431016193832,0.3610173124727166,0.010395885517788887,0.04555500395435579
3,hsa-mir-7845,0.7550808644779671,0.399669417028533,0.3554114474494341,2.8190662137511684e-4,0.0022323570017521942
3,hsa-let-7i,8.871604385086822,8.528725619134596,0.34287876595222677,1.42573024183594e-5,1.710876290203128e-4
3,hsa-mir-4443,1.1029548219400325,0.7634716469606625,0.33948317497937,0.0016477462430288929,0.009699940147641783
3,hsa-mir-3610,2.2589272340380564,1.924844164420446,0.3340830696176105,1.0393256495603568e-4,9.26484579036661e-4
3,hsa-let-7d,12.738430103216478,12.406490801798697,0.3319393014177816,0.0017947329565551455,0.010525501549721906
3,hsa-mir-6718,0.42007950461883853,0.09741126798009365,0.3226682366387449,0.008408306888379718,0.03857929042903635
3,hsa-mir-6843,0.7335037062578904,0.41086421952352237,0.32263948673436804,0.011177530959354132,0.04830179583543614
3,hsa-mir-320d-1,0.8016126186468843,0.480081479495668,0.3215311391512163,0.021235280030576807,0.0816399681025966
3,hsa-mir-193a,11.12490611997847,10.80737491101341,0.31753120896505926,1.6170994019281758e-5,1.911117475006026e-4
3,hsa-mir-639,1.1755157528806226,0.8623788584346468,0.3131368944459758,6.130563404751711e-4,0.004269499514023513
3,hsa-mir-4632,0.07213108610887817,-0.24035764940677073,0.31248873551564893,0.0031045151602706483,0.017113228445308167
3,hsa-mir-6087,-0.6982218793793242,-1.0100679875237197,0.3118461081443955,0.020771214911121,0.08060130028147607
3,hsa-mir-6761,0.6386273868281084,0.33044628574411916,0.3081811010839892,0.0033287063798228458,0.01809331690774787
3,hsa-mir-671,5.707568048440486,5.402316043771406,0.30525200466907965,7.445155975994475e-6,9.366486550444661e-5
3,hsa-mir-5091,1.525447949583568,1.2246452532645071,0.30080269631906087,0.0022457018282094087,0.01273925400729701
3,hsa-mir-2116,1.3257886488915196,1.026731848896406,0.2990567999951137,6.960759843401402e-4,0.00470077288125809
3,hsa-mir-23b,10.541139500020394,10.247535113310546,0.29360438670984834,1.925978462140949e-4,0.001598152340925468
3,hsa-mir-3690-1,0.362995724719741,0.07796140937214337,0.28503431534759766,0.021944826004248928,0.08370153683772207
3,hsa-mir-3191,-0.009491929552012173,-0.2907857191571892,0.28129378960517704,0.00395014479082106,0.0207482352649187
3,hsa-mir-296,6.774553746113282,6.497034376193523,0.27751936991975956,0.023365668565883103,0.08825773114474005
3,hsa-mir-4633,-1.1760484375202576,-1.4531026581769322,0.2770542206566746,4.404069197894195e-4,0.0032631358798324924
3,hsa-mir-3129,-0.5914412343991455,-0.8641854569305818,0.27274422253143626,0.005386683320573279,0.02702001922859908
3,hsa-mir-1228,3.011236448975318,2.739137726140164,0.2720987228351541,0.004745156464242889,0.024350145013877986
3,hsa-mir-3917,4.248145544263197,3.9782613193065357,0.26988422495666153,0.015652369925308347,0.06425709758810795
3,hsa-mir-378d-1,-0.7034581077413805,-0.9730760083060915,0.269617900564711,0.0012094375713949464,0.0075468904455044655
3,hsa-mir-3199-2,1.1982358983240837,0.9307192899959565,0.2675166083281272,0.00415166006072053,0.021588632315746755
3,hsa-mir-320a,11.147035407580075,10.880445722040406,0.2665896855396692,0.008645953856238196,0.039455758665069014
3,hsa-mir-3170,1.2244058560885505,0.9582931067079865,0.26611274938056395,0.04044204870217664,0.13745010016426046
3,hsa-mir-3155a,-0.625233811329542,-0.8897990198734977,0.2645652085439557,0.005579219390044825,0.027758903491419958
3,hsa-mir-632,0.6279265057759684,0.36554215545629815,0.2623843503196703,0.00994067645214281,0.04405527064017836
3,hsa-mir-3130-2,2.9934636075781773,2.7318156425500804,0.26164796502809695,0.03281934343405989,0.11583297682609374
3,hsa-mir-1291,0.8259177954015796,0.5647439983978009,0.26117379700377874,0.007681490011293632,0.036202792802471497
3,hsa-mir-658,0.48089554305129384,0.22133564393190666,0.25955989911938715,0.012599320627811867,0.053849151176401405
3,hsa-mir-23a,11.322027308725273,11.068373831792247,0.2536534769330263,2.536912714909552e-4,0.0020399916676592275
3,hsa-mir-3178,-0.5975730018883011,-0.8508298474287819,0.2532568455404808,0.027699978813328776,0.10167521635010092
3,hsa-mir-497,3.165103353801409,2.9122375807657317,0.25286577303567714,0.03999045240235559,0.13621202128313256
3,hsa-mir-142,2.1847235066413444,1.9352473907231806,0.24947611591816377,0.0013897442562817181,0.008403104805424342
3,hsa-mir-326,4.4718712900830635,4.2261098355878275,0.245761454495236,0.057985084563719834,0.182372443385893
3,hsa-mir-151b,0.9765554549494465,0.7318729430444332,0.24468251190501333,0.033881451976969984,0.11904293937854318
3,hsa-mir-664b,4.668544459223824,4.428287286806084,0.24025717241774025,0.009206348041283011,0.04162870418667101
3,hsa-mir-339,6.9803826607217205,6.743367527610256,0.2370151331114645,0.003640382186862336,0.01931631364457566
3,hsa-mir-550a-2,3.1853513938444795,2.9500976349550867,0.23525375888939282,0.005182699385811594,0.026335540852983993
3,hsa-mir-196b,3.708963419966353,3.484519707254264,0.22444371271208885,0.14088738553332167,0.3522184638333042
3,hsa-mir-16-2,5.494546022332333,5.273028590466295,0.22151743186603845,0.0013305205413793274,0.008107859549030276
3,hsa-mir-3130-1,2.946529908779639,2.7255490303735446,0.22098087840609448,0.028174318476667442,0.10317356061878218
3,hsa-mir-588,0.7974475855811642,0.5771274003954235,0.2203201851857407,0.2654516467978191,0.5455923175291143
3,hsa-mir-222,7.085912369679616,6.867689704879155,0.21822266480046082,0.020421951437306338,0.07984522366465635
3,hsa-mir-320e,-1.1303858040121195,-1.3485025705442166,0.2181167665320971,0.06089866617533982,0.1862782730069218
3,hsa-mir-3138,0.26731565471082464,0.052640200822166715,0.2146754538886579,0.06083945470591759,0.1862782730069218
3,hsa-mir-193b,8.221482006454929,8.00736433712435,0.2141176693305784,0.024107269818125634,0.09040226181797113
3,hsa-mir-589,7.44500590423799,7.231491757315569,0.21351414692242177,0.018580932760345573,0.07408132514271183
3,hsa-mir-16-1,5.400525996918702,5.190538145664965,0.20998785125373765,0.00154331029911242,0.009154235994735267
3,hsa-mir-378i,-1.0157181096827865,-1.2233565134427968,0.2076384037600103,0.045353137860915216,0.15150084595937416
3,hsa-mir-1258,-0.5199949897053816,-0.7274403922824738,0.2074454025770922,0.11801705974475078,0.3073566163636247
3,hsa-mir-3652,2.770996606979062,2.565700186946671,0.2052964200323908,0.02895304181903411,0.1052837884328513
3,hsa-mir-3934,1.5589402007699242,1.3545355364952307,0.2044046642746935,0.10538619190456834,0.283942071452723
3,hsa-mir-4792,-1.290812467824562,-1.494433836066256,0.20362136824169386,0.07473720475704392,0.2183334071554092
3,hsa-let-7a-2,14.534179023977503,14.331105043606854,0.2030739803706485,0.018299016228095384,0.07319606491238154
3,hsa-mir-6726,0.019865130191437853,-0.1810367975565846,0.20090192774802246,0.04203308207901256,0.14254697400708607
3,hsa-let-7a-1,14.53178423649713,14.33188324559929,0.19990099089783975,0.018962729035549263,0.07508085607983972
3,hsa-let-7a-3,14.539856630655073,14.340238412242304,0.19961821841276972,0.0194496080264923,0.07681364182614682
3,hsa-mir-4523,0.3811952280443736,0.18308851250827676,0.19810671553609685,0.09817850993920867,0.27012076808671165
3,hsa-mir-195,3.6269293245517087,3.429300412274383,0.1976289122773256,0.017046963304098346,0.06889854896175705
3,hsa-mir-6803,1.3668170607468761,1.1704367283984463,0.1963803323484299,0.024344624560022357,0.09107341562022751
3,hsa-mir-6769b,-0.7894009262461151,-0.9820760408862323,0.19267511464011722,0.08241322653088004,0.23764257557887775
3,hsa-mir-4453,-1.0009822373913646,-1.1916614006326456,0.19067916324128098,0.03267748299056421,0.11559381738158767
3,hsa-mir-1296,5.821869967581224,5.631705699699223,0.19016426788200125,0.036663413165589666,0.12625811156362005
3,hsa-mir-3143,-0.9253497180105535,-1.1154148791844243,0.19006516117387073,0.16729585689551996,0.39245343873234756
3,hsa-mir-3609,0.08836010992911693,-0.10091979510961788,0.18927990503873482,0.09914088305693548,0.2722883407901749
3,hsa-mir-3667,-1.2081515541178718,-1.3949598602918134,0.18680830617394162,0.012440340712450459,0.05346262124358875
3,hsa-mir-550a-1,3.114985329212448,2.9306319810662766,0.18435334814617121,0.05005073886337395,0.16403183324971296
3,hsa-mir-4665,0.21326363523804454,0.02932038154059847,0.18394325369744607,0.1317777112744036,0.33645373091337094
3,hsa-mir-3173,1.6616135648030903,1.4783384911290642,0.18327507367402607,0.07177309172345049,0.21165599827709408
3,hsa-mir-6125,0.478575668237149,0.29743296790824675,0.18114270032890223,0.06506606583478643,0.19709332563546955
3,hsa-mir-5588,-0.5783520037732102,-0.7583886599509605,0.18003665617775033,0.2903858121899918,0.5845185380856609
3,hsa-mir-378d-2,-0.5795077912008523,-0.7586147031642144,0.17910691196336215,0.038448388055425615,0.13182304476145926
3,hsa-mir-5703,0.35405235844164623,0.17548687983451303,0.1785654786071332,0.12411478533445433,0.32056136609561053
3,hsa-mir-5100,-1.3242047118162013,-1.5019858693379773,0.17778115752177603,0.03180295827918111,0.11327081030941216
3,hsa-mir-550a-3,1.9654546889082871,1.7893659747770763,0.17608871413121086,0.03122770590345645,0.1114764787400276
3,hsa-mir-4710,-0.7132784584572087,-0.8892122340830696,0.17593377562586088,0.06064508697678696,0.18623294425942452
3,hsa-mir-505,7.154835697355492,6.982644582756498,0.17219111459899406,0.10252548956384976,0.2774296775738007
3,hsa-mir-1976,5.375096158076169,5.203083808835113,0.17201234924105613,0.019647396841360576,0.07739883604172348
3,hsa-mir-625,10.180523685193563,10.009296791896197,0.17122689329736573,0.10133631535712045,0.27685578276201034
3,hsa-mir-3613,0.8262295491627433,0.6566382826908326,0.1695912664719107,0.051328043933422364,0.16646933167596442
3,hsa-mir-4466,-0.9761578694350487,-1.1445292516476941,0.16837138221264547,0.12682227382632394,0.3253992552122785
3,hsa-mir-1271,2.2108738578134917,2.0460398707641296,0.16483398704936203,0.0891457550323613,0.25284977790997026
3,hsa-mir-4715,-1.4575411130267593,-1.6219599787902912,0.16441886576353193,0.017493713446724516,0.07033554890951094
3,hsa-mir-3615,5.001615514466422,4.838867539656369,0.16274797481005265,0.0595888068559614,0.18480822802246477
3,hsa-mir-4525,-0.3448563441719026,-0.5053488046923279,0.16049246052042532,0.11182049170419574,0.29566096111617857
3,hsa-mir-6891,0.25479405038887115,0.09452546047278192,0.16026858991608922,0.20567485414473421,0.4541045581942166
3,hsa-mir-4522,-0.6566700892908321,-0.8162976149650205,0.15962752567418836,0.13442271392675606,0.3409746889849422
3,hsa-mir-511,2.047270825151375,1.8882254271611978,0.15904539799017714,0.16265771243307386,0.38446368393272007
3,hsa-mir-4651,-0.8087850374270247,-0.966654760430983,0.1578697230039583,0.06842712484259589,0.20449485585143598
3,hsa-mir-1266,6.094830898457993,5.937401579210663,0.1574293192473304,0.0862760487069783,0.2469552953814425
3,hsa-mir-1295a,1.6470149281164248,1.4914159758745342,0.15559895224189058,0.05623858594186729,0.1785215746140706
3,hsa-mir-484,8.117687497374337,7.962175029492366,0.15551246788197126,0.025610165362751156,0.09444883679879859
3,hsa-mir-3909,0.6877235142860996,0.5346807194003321,0.15304279488576744,0.050292169282272856,0.16413343949863107
3,hsa-mir-3678,-0.2712324766029882,-0.42406185829175896,0.15282938168877075,0.14704249676391715,0.3618080362014365
3,hsa-mir-891a,4.570190444113971,4.418676485639214,0.1515139584747569,0.31428877530311455,0.618183238905326
3,hsa-mir-3922,-0.06458757775441054,-0.21597261292307396,0.15138503516866342,0.15513115674891848,0.374719883901811
3,hsa-mir-4804,-1.145897572591364,-1.2972633785451289,0.1513658059537648,0.10194383020872902,0.2770545013289304
3,hsa-mir-214,4.938216139564495,4.789092150323623,0.14912398924087178,0.14328846617037874,0.3549475358018764
3,hsa-mir-6774,-1.2305388597393285,-1.37792284847477,0.14738398873544156,0.10757788158039462,0.28785848244496676
3,hsa-mir-6820,1.918106321213265,1.772827320050403,0.14527900116286196,0.09467843772820012,0.26370699287520183
3,hsa-mir-4505,-0.903324303812797,-1.0484032254717959,0.14507892165899883,0.17814079854532805,0.4098591399372434
3,hsa-mir-320c-1,2.1008654972600858,1.9564644487672826,0.1444010484928031,0.17901159278919346,0.41007060903251363
3,hsa-mir-4739,-0.9928592307951624,-1.1364895655718743,0.14363033477671194,0.11678591911087503,0.30599009019341367
3,hsa-mir-5698,2.0420668796600516,1.9036861164610197,0.13838076319903192,0.20007335267400922,0.44779688690309094
3,hsa-mir-3616,-0.8480365345182502,-0.9857247910104375,0.1376882564921873,0.15517246474395507,0.374719883901811
3,hsa-mir-4674,-0.23614338773662197,-0.373140098831621,0.13699671109499906,0.28994941318874856,0.5843941661168576
3,hsa-mir-7155,0.19630372862245543,0.06118486837674202,0.1351188602457134,0.10833975360251634,0.2889060096067102
3,hsa-mir-4326,3.9725452500334004,3.838729750689217,0.13381549934418357,0.6882173406620139,0.9216776357240244
3,hsa-mir-6756,-1.1697070809859937,-1.3030392410952492,0.13333216010925542,0.29662395664526053,0.5947729721935815
3,hsa-mir-6872,-1.0415206470955,-1.1733877406793647,0.13186709358386461,0.24510610430610824,0.5133670655824426
3,hsa-mir-365b,6.99920389972188,6.867560376300596,0.1316435234212836,0.024950596491599024,0.09245351669096075
3,hsa-mir-4776-2,-1.0440990643279775,-1.1740945382020058,0.12999547387402832,0.10211944760521473,0.2770545013289304
3,hsa-mir-125a,12.13833489528075,12.008772629366007,0.12956226591474262,0.05641739505431847,0.1785215746140706
3,hsa-mir-10a,13.182140503472608,13.053744333273599,0.12839617019900906,0.22385273470652772,0.48113765132576386
3,hsa-mir-4683,-0.34726123695492545,-0.4729745008903309,0.12571326393540544,0.21460174405536406,0.46822198702988516
3,hsa-mir-365a,7.010933423989473,6.885325923393724,0.12560750059574932,0.023327191538796258,0.08825773114474005
3,hsa-mir-22,12.815100030506642,12.689569308960486,0.12553072154615563,0.02881429140539484,0.10502405278601859
3,hsa-mir-3199-1,-1.0692847756487742,-1.1930575380351265,0.12377276238635226,0.2402199315139909,0.5070948486628224
3,hsa-mir-3655,-0.7118023815250412,-0.8334051186267798,0.12160273710173863,0.19451791534691668,0.43724488175963977
3,hsa-mir-4426,-1.3042686795779765,-1.425059497936062,0.12079081835808547,0.3683632680717993,0.6832897719286646
3,hsa-mir-6084,-1.2675085094521241,-1.3875462225102861,0.12003771305816202,0.21656282919882583,0.47118272461669214
3,hsa-mir-221,8.444412998467314,8.326112322215465,0.11830067625184881,0.3771068409832607,0.6929171636441539
3,hsa-mir-29c,6.078663557105508,5.962005082273412,0.11665847483209646,0.007238254672451944,0.03432120756542563
3,hsa-mir-3161,-0.8540451759516519,-0.9706530541172421,0.11660787816559026,0.22461432876483894,0.48113765132576386
3,hsa-mir-4660,0.3301444759308959,0.21435501652211805,0.11578945940877786,0.3224202992300722,0.6239401995864969
3,hsa-mir-3940,2.7194727251694646,2.6040111628162177,0.1154615623532469,0.16863843388664926,0.3932376036818727
3,hsa-mir-551a,1.771307312998647,1.656344693109622,0.11496261988902501,0.342326821218308,0.6457434596137369
3,hsa-mir-6509,2.8288061005967386,2.713948325707228,0.11485777488951054,0.07837831905008168,0.22684634084995808
3,hsa-mir-6503,-0.95241332145054,-1.0656885946159522,0.1132752731654122,0.5371518892975796,0.8296603438655685
3,hsa-mir-3918,-1.0201847744260877,-1.1325249057221825,0.11234013129609477,0.5222939561208743,0.8151465791860422
3,hsa-mir-4454,-1.2314790321329612,-1.3436650132242391,0.11218598109127798,0.2990263928691254,0.5980527857382508
3,hsa-mir-718,-1.4050651989742107,-1.5162198822430115,0.11115468326880085,0.21168048857211816,0.46314384596424174
3,hsa-mir-2277,1.9049906564588648,1.7959366690005665,0.10905398745829831,0.11841954968005847,0.307890829168152
3,hsa-mir-4442,0.407250841719917,0.2988830639467681,0.10836777777314888,0.17372651825554494,0.40150128663503715
3,hsa-let-7c,13.738342074193929,13.632708560471093,0.10563351372283591,0.43775544579504544,0.7545839728621778
3,hsa-mir-4421,-1.1297526704552492,-1.2350769739125487,0.10532430345729948,0.7087326392637252,0.9337244470797366
3,hsa-mir-133a-2,1.2510722483136147,1.1467683468515293,0.10430390146208546,0.31773773999602867,0.6193450301496647
3,hsa-mir-6880,-0.44147205224529856,-0.5455181718932174,0.10404611964791882,0.2214397465464786,0.48045341392560026
3,hsa-mir-4478,-1.4575064030548244,-1.5597462081633602,0.10223980510853581,0.5467287513802375,0.834845181629622
3,hsa-mir-4649,-0.9894685854944562,-1.089789030520337,0.10032044502588089,0.4727418292435041,0.7878620875116016
3,hsa-mir-4488,-1.1110871782687952,-1.2111024866671531,0.10001530839835793,0.3341200346892912,0.6354666092792283
3,hsa-mir-33b,-0.07388539378037781,-0.17322374399200205,0.09933835021162424,0.3965466114343491,0.7130220235889865
3,hsa-mir-574,8.415619753963435,8.317175359724127,0.09844439423930851,0.2228933024273747,0.48113765132576386
3,hsa-mir-3124,-0.6640484944785012,-0.7624868167830525,0.0984383223045513,0.4543256679127859,0.7718600617873252
3,hsa-mir-205,9.736378367474082,9.638000260727653,0.09837810674642888,0.6729795139758737,0.9173729943526664
3,hsa-mir-1269a,8.724891865986244,8.627594822168042,0.0972970438182017,0.8726881619809274,0.9775085629744719
3,hsa-mir-6821,-0.968364216473973,-1.065515682021105,0.09715146554713194,0.9453668541684854,0.9983646669576465
3,hsa-mir-4435-2,-1.2665785105475293,-1.3628375611249437,0.09625905057741435,0.5686938203030529,0.8377359392566219
3,hsa-mir-28,12.345716836215637,12.249722354215224,0.09599448200041216,0.05346571033425809,0.17197218169369613
3,hsa-mir-659,1.10716883500895,1.0122104759511028,0.09495835905784711,0.1521847090724379,0.3697946201760173
3,hsa-mir-6715b,-1.0019612636487143,-1.0960959595990796,0.09413469595036528,0.32381190630848977,0.6244086203229222
3,hsa-mir-4785,-0.3201751973000248,-0.4133757779029795,0.09320058060295472,0.2945729002902554,0.5917843542818719
3,hsa-mir-1294,-0.9260118304978958,-1.0190642071438438,0.09305237664594801,0.6622222397932888,0.9134099859217777
3,hsa-mir-99b,17.94865912152654,17.856753994104643,0.09190512742189583,0.3801816699874772,0.6956840716779102
3,hsa-mir-1290,-1.5816586386869027,-1.6719648932892788,0.09030625460237607,0.2421982317214787,0.5092038294952921
3,hsa-mir-1306,6.342054842718977,6.253184301431093,0.08887054128788474,0.6128776384453745,0.88855865796913025
3,hsa-mir-3680-1,-0.5498006166631938,-0.6374783785606656,0.08767776189747178,0.388700674039065,0.7027757422115295
3,hsa-mir-4787,2.459958703521373,2.372540719581997,0.08741798393937605,0.5056767553365705,0.8036933264644862
3,hsa-mir-5571,-1.3713251884057167,-1.4576872711682893,0.08636208276257262,0.5491257086308268,0.834845181629622
3,hsa-mir-6885,0.5569421691536766,0.4707121794096507,0.08622998974402585,0.5046887505056399,0.8036933264644862
3,hsa-mir-612,-0.8493595299556668,-0.9340801906649863,0.0847206607093195,0.37505984703515327,0.6904745290796699
3,hsa-mir-346,-0.24999513723920924,-0.3337961360158788,0.08380099877666958,0.69389381827987,0.927570142687744
3,hsa-mir-342,7.812456203780324,7.729108131598428,0.083348072181896,0.41141116988538096,0.7276660147632589
3,hsa-mir-579,-0.29224355893444454,-0.37167144977481026,0.07942789084036572,0.4587873743436179,0.7740251526437303
3,hsa-mir-3194,-1.0478920723137124,-1.1271825474110824,0.07929047509736997,0.47565855132486456,0.7878620875116016
3,hsa-mir-6510,0.6214578051871705,0.5422984943357336,0.0791593108514369,0.6188296860566332,0.8934136379359178
3,hsa-mir-664a,6.036724502596987,5.958488539548913,0.07823596304807356,0.34205461808968507,0.6457434596137369
3,hsa-mir-191,10.35668145577443,10.278878560210304,0.07780289556412612,0.4497686814018549,0.7684985136767728
3,hsa-mir-4461,-0.4810545026844575,-0.5577745848315815,0.076720082147124,0.6375875010205933,0.9056964744849043
3,hsa-mir-24-1,9.397994365744449,9.32312670163351,0.07486766411093804,0.13585306593940247,0.34237606278750865
3,hsa-mir-7844,-1.3869102304483292,-1.4614748768194374,0.07456464637110827,0.7028335563628252,0.9331237003625593
3,hsa-mir-4753,-1.0406791396678345,-1.1142202424144676,0.07354110274663306,0.5170308029664091,0.8114366726635798
3,hsa-mir-3181,-1.425017416162036,-1.4976883142717419,0.07267089810970595,0.9808503595006319,0.9983646669576465
3,hsa-mir-4736,-1.37023828152906,-1.4424694083797633,0.07223112685070343,0.27274399389807463,0.5583735308149559
3,hsa-mir-4740,-1.4906181853574174,-1.562050679383846,0.0714324940264286,0.2190495157558324,0.4759293099987445
3,hsa-mir-197,12.331867646954047,12.260897575890509,0.07097007106353814,0.22385273470652772,0.48113765132576386
3,hsa-mir-4667,-0.9429960450293108,-1.0125879740187007,0.06959192898938993,0.23768539177616313,0.5037896890907805
3,hsa-mir-211,0.08947179469144792,0.02089270921450484,0.06857908547694308,0.40764336355466674,0.7251124824917675
3,hsa-mir-1539,-1.4258480022950968,-1.4934329580359569,0.0675849557408601,0.9271490696666875,0.9947404048693484
3,hsa-mir-607,-1.4737414004916798,-1.5405998317643241,0.06685843127264435,0.46083049877760696,0.7755076354833516
3,hsa-mir-4707,0.5483651668914964,0.4821713334574579,0.06619383343403851,0.49267159606475625,0.7988827770937434
3,hsa-mir-146b,10.558962294215833,10.49397197081365,0.06499032340218314,0.4755169879807294,0.7878620875116016
3,hsa-mir-6833,0.7458085346591182,0.6809214491234094,0.06488708553570888,0.2580703193846041,0.5352034568580127
3,hsa-mir-5008,-0.6263206672698753,-0.6910810316542815,0.06476036438440613,0.8605411624556164,0.9775085629744719
3,hsa-mir-3188,0.9182886971748851,0.8541320540007877,0.06415664317409742,0.5108321514895549,0.8073798556480878
3,hsa-mir-32,2.2288027356848845,2.164703382444102,0.06409935324078253,0.36129877767548213,0.6745946568436928
3,hsa-mir-4530,-1.5837255987545087,-1.6471590952696755,0.06343349651516683,0.6282091264205015,0.9023998501067978
3,hsa-mir-6887,-1.16566496369766,-1.2281514185812645,0.0624864548836046,0.7527651783336371,0.9337244470797366
3,hsa-mir-769,5.308589802701484,5.246669083377268,0.06192071932421683,0.5020535865931074,0.8036933264644862
3,hsa-mir-4776-1,-1.125226936788315,-1.1870226725546926,0.061795735766377646,0.6611341384869507,0.9127161557872947
3,hsa-mir-124-1,-1.5956162047007159,-1.6568183504734157,0.06120214577269989,0.4298014504127083,0.7458437809698226
3,hsa-mir-6500,-1.5922268210812405,-1.652233845035772,0.06000702395453161,0.4246746397407333,0.7410429955207426
3,hsa-mir-3158-1,0.654112804689159,0.5953564210126019,0.05875638367655711,0.5954052417802083,0.8672569348059056
3,hsa-mir-6852,-0.00214887638114436,-0.06089953540763053,0.05875065902648617,0.5570106108835864,0.834845181629622
3,hsa-mir-7161,-1.6060760118367106,-1.6646221787465691,0.05854616690985859,0.5423913843210892,0.834845181629622
3,hsa-mir-492,-1.544951872341769,-1.6024633134505395,0.05751144110877049,0.8274769187640185,0.9729983692926126
3,hsa-mir-6788,-0.5730611409424667,-0.6296928158685734,0.05663167492610666,0.6706017687730026,0.9161210607543226
3,hsa-mir-1245a,-0.9506466045447957,-1.0060538786320807,0.055407274087285074,0.5919296403966263,0.8630002233819972
3,hsa-mir-6804,-0.8025960611547759,-0.8579443309491243,0.05534826979434837,0.9260083669798079,0.9947404048693484
3,hsa-mir-3150b,1.4946991141308177,1.4393562604122685,0.05534285371854919,0.6751684769600674,0.9173729943526664
3,hsa-mir-1295b,-1.3774777254566855,-1.4327916443878432,0.05531391893115778,0.8307056279111453,0.9729983692926126
3,hsa-mir-1246,-1.273826576948581,-1.3291203990587142,0.05529382211013312,0.5666803582823213,0.837141438371611
3,hsa-mir-455,7.787813739404637,7.732786776605691,0.055026962798946144,0.6190919463358773,0.8934136379359178
3,hsa-mir-1538,0.6174815636447952,0.5634369301350554,0.05404463350973987,0.2248393255233858,0.48113765132576386
3,hsa-mir-3120,-1.4412669976588524,-1.4945566027409771,0.05328960508212477,0.41270441892570237,0.7291267197328377
3,hsa-mir-4430,-1.486362629537197,-1.5395079682467465,0.05314533870954952,0.3189461565700504,0.6203940202609459
3,hsa-mir-4661,3.831256678516957,3.778293147480928,0.05296353103602902,0.6651692322303688,0.914695873384677
3,hsa-mir-331,5.958016626918045,5.905492425626547,0.05252420129149815,0.32286013737438,0.6239401995864969
3,hsa-mir-6775,-1.4071403912742488,-1.459620122431357,0.052479731157108134,0.7935181367311206,0.950029388565271
3,hsa-mir-378f,-1.422917473208768,-1.4753363787182698,0.0524189055095019,0.2865662983171535,0.5798228604082484
3,hsa-mir-491,2.7028938155052513,2.6509394805321214,0.051954334973129956,0.33315512900969163,0.6354666092792283
3,hsa-mir-6809,-1.3138553094393304,-1.365769528155151,0.05191421871582058,0.23748764497629427,0.5037896890907805
3,hsa-mir-4491,-1.415655632384958,-1.4675393249218198,0.05188369253686176,0.9067939403862649,0.9878481473481656
3,hsa-mir-6793,0.6604757986266554,0.6094058248612519,0.051069973765403454,0.5159611405791205,0.8105733930548116
3,hsa-mir-544b,-1.5764627786836338,-1.6275204493225863,0.0510576706389525,0.4772694355283149,0.7878733538880118
3,hsa-mir-6892,4.190214281267011,4.140101929772109,0.05011235149490201,0.7895734673567192,0.9467598839942214
3,hsa-mir-29b-1,3.5156032274799247,3.465882345888945,0.04972088159097954,0.058740214659706774,0.1836367432247346
3,hsa-mir-8085,-1.5472575751740196,-1.596560204736624,0.04930262956260445,0.4197471815475993,0.7366504797183848
3,hsa-mir-7848,-1.510566846998484,-1.559697409798462,0.04913056279997785,0.7131122623257483,0.9337244470797366
3,hsa-mir-8072,0.29631437655778103,0.24815148586515237,0.04816289069262866,0.30431144698662504,0.6055176751264478
3,hsa-mir-6746,-0.46548029819844344,-0.5132563240165415,0.04777602581809809,0.5871774392330082,0.8584787302750636
3,hsa-mir-5047,-1.6399162639378613,-1.6875039260062572,0.04758766206839593,0.44753132315585187,0.766354406282249
3,hsa-mir-616,1.888427579087998,1.8417704270300272,0.04665715205797083,0.43422350833010553,0.7493237533130139
3,hsa-mir-4685,0.8764405443361496,0.8302206967452853,0.04621984759086428,0.6464617304873664,0.9056964744849043
3,hsa-mir-939,1.8697111447296642,1.824502718820479,0.04520842590918517,0.49067041911829523,0.7973394310672297
3,hsa-mir-223,4.9876803990617375,4.942586997626278,0.04509340143545959,0.4884901909708258,0.7973394310672297
3,hsa-mir-1181,0.29571784529877904,0.25111798924116413,0.044599856057614906,0.46567545405931077,0.7811330197123922
3,hsa-mir-423,9.516222506033108,9.471644052259322,0.04457845377378611,0.736197704789683,0.9337244470797366
3,hsa-mir-5087,-1.585943978910392,-1.6296655987143638,0.04372161980397182,0.8637793020294449,0.9775085629744719
3,hsa-mir-6716,1.6807264769934955,1.6373611208810073,0.04336535611248826,0.9539664583311587,0.9983646669576465
3,hsa-mir-6081,-1.6293040949709299,-1.6723183345077046,0.043014239536774745,0.43167439412419234,0.7465765574653437
3,hsa-mir-3936,-1.1202684910194847,-1.1631829939169462,0.04291450289746157,0.7288969912646406,0.9337244470797366
3,hsa-mir-4773-1,-1.5678162602097956,-1.6106491729245531,0.04283291271475753,0.41071695330483493,0.7276660147632589
3,hsa-mir-5190,-1.6424769951434537,-1.6852492037618607,0.042772208618407026,0.5856870816504842,0.8584787302750636
3,hsa-mir-6784,-0.2942638291963827,-0.3365947377823212,0.042330908585938465,0.6762685535292092,0.9173729943526664
3,hsa-mir-4734,-0.6934454577420073,-0.7352561879449525,0.041810730202945234,0.9251125293431616,0.9947404048693484
3,hsa-mir-6858,-0.3591278889020323,-0.40078046899287784,0.04165258009084555,0.6983823898187653,0.929587481328732
3,hsa-mir-6516,-0.32070917380680003,-0.36211732497150717,0.04140815116470714,0.8387400395989586,0.9743523062325447
3,hsa-mir-124-2,-1.6030058546937334,-1.6439590483805537,0.04095319368682038,0.47223731902316995,0.7878620875116016
3,hsa-mir-4634,-1.6505617194456261,-1.691485703365731,0.04092398392010477,0.6472849627049606,0.9056964744849043
3,hsa-mir-766,5.094753988064198,5.054971720024727,0.03978226803947127,0.5347369828375296,0.8281357315781482
3,hsa-mir-548t,-1.3715751794400073,-1.411133509240887,0.0395583298008797,0.8540072275008206,0.9775085629744719
3,hsa-mir-3140,-1.5222835656869496,-1.5615136401571528,0.03923007447020321,0.8864792872601804,0.9775085629744719
3,hsa-mir-2467,-1.335018375433931,-1.374235314246777,0.039216938812845825,0.5433472937707204,0.834845181629622
3,hsa-mir-3162,-1.4472410075002509,-1.4863275941763234,0.039086586676072566,0.987012663735231,0.9983646669576465
3,hsa-mir-4690,-0.7696974432181813,-0.807192288917138,0.03749484569895667,0.8731305708048516,0.9775085629744719
3,hsa-mir-6771,-1.4876082772219688,-1.5249616899974605,0.03735341277549176,0.7366209374744752,0.9337244470797366
3,hsa-mir-6799,-1.0553863820817706,-1.092614088258013,0.03722770617624249,0.807295092938555,0.9591624866596692
3,hsa-mir-3196,-1.4301313088473235,-1.4668782176333384,0.03674690878601483,0.8436547871559721,0.9775085629744719
3,hsa-mir-3153,-1.5968467863856395,-1.6334195708919885,0.03657278450634904,0.6196625360555532,0.8934136379359178
3,hsa-mir-585,-0.4666603920194644,-0.5030373444770286,0.03637695245756423,0.8869556202380345,0.9775085629744719
3,hsa-mir-92a-2,15.549966516985627,15.513881407611855,0.036085109373772184,0.48453888287655295,0.7953398164752855
3,hsa-mir-7110,1.2696725065404155,1.2336571807467454,0.03601532579367017,0.8667265913702225,0.9775085629744719
3,hsa-mir-3914-1,-1.6338631390967813,-1.6695317670768415,0.03566862798006021,0.4315556139315134,0.7465765574653437
3,hsa-mir-4642,-1.6246570307196966,-1.6599073243276956,0.03525029360799903,0.7494359753439949,0.9337244470797366
3,hsa-mir-3665,-1.6545232729975559,-1.688835911630844,0.03431263863328815,0.4905808110465555,0.7973394310672297
3,hsa-mir-4999,-1.1218899288076876,-1.1557100720005553,0.033820143192867747,0.690879241044803,0.9243324322726353
3,hsa-mir-3605,4.037427326045037,4.004313023454732,0.03311430259030512,0.6660862257467904,0.914695873384677
3,hsa-mir-3180-2,-1.6326658782583003,-1.6652423596382222,0.03257648137992186,0.41560585222010943,0.7317665118096734
3,hsa-mir-24-2,9.269221982873079,9.236738405799162,0.03248357707391669,0.4512833661792413,0.7689720222026135
3,hsa-mir-3914-2,-1.639288582751467,-1.6711924085023315,0.03190382575086459,0.4096904192554232,0.7276660147632589
3,hsa-mir-4459,-1.66876566663203,-1.7005894561455528,0.031823789513522716,0.72014973073455,0.9337244470797366
3,hsa-mir-4695,-1.4134636144043973,-1.4445435838523812,0.03107996944798397,0.838817402096351,0.9743523062325447
3,hsa-mir-4749,-0.35169675270283346,-0.38252895639130274,0.030832203688469284,0.580760654805424,0.8530947471718093
3,hsa-mir-198,-1.6282068300350614,-1.658387658514281,0.030180828479219546,0.9917252548626928,0.9983646669576465
3,hsa-mir-4313,-1.6654424444579514,-1.695363629653885,0.029921185195933564,0.6706475970393824,0.9161210607543226
3,hsa-mir-5092,-1.2740511357708344,-1.3037238443360628,0.02967270856522841,0.7117137380254861,0.9337244470797366
3,hsa-mir-3650,-1.1870785212221937,-1.2164599889832426,0.029381467761048885,0.9343597995620068,0.9964791563120673
3,hsa-mir-4417,-1.6488809259150825,-1.6780144516356534,0.02913352572057093,0.9135755566445283,0.9910412847964608
3,hsa-mir-7704,-1.4827621142043574,-1.511463673415511,0.02870155921115347,0.7589658649169558,0.9381828441128772
3,hsa-mir-345,5.295278658954562,5.26666010805821,0.028618550896351458,0.9527105893378661,0.9983646669576465
3,hsa-mir-3202-1,-1.4071732204143514,-1.4354942999672113,0.028321079552859896,0.949377536671281,0.9983646669576465
3,hsa-mir-4689,-1.2092121833158742,-1.2374388321716534,0.02822664885577919,0.8665409339795238,0.9775085629744719
3,hsa-mir-4458,-1.6345193023220486,-1.6616393792466324,0.027120076924583847,0.649056794518506,0.9056964744849043
3,hsa-mir-92a-1,15.675974768153091,15.650091056197821,0.025883711955270172,0.5464245679809135,0.834845181629622
3,hsa-mir-4784,0.5054431686993485,0.47970459803521476,0.02573857066413371,0.9556865783062098,0.9983646669576465
3,hsa-mir-4791,-1.5524118775720115,-1.577898248215987,0.02548637064397541,0.8500334406005179,0.9775085629744719
3,hsa-mir-4717,-1.0894490325194333,-1.1149183154668694,0.02546928294743611,0.38196053657869844,0.6966057721960052
3,hsa-mir-6770-2,-1.6258460940439514,-1.6511395978614465,0.025293503817495067,0.6815840802900874,0.9212421423562452
3,hsa-mir-4516,-1.5693084993193656,-1.5945732836633963,0.02526478434403079,0.6338588741771358,0.9056964744849043
3,hsa-mir-4446,-1.117893104226584,-1.1429510850015026,0.025057980774918498,0.7050379981805771,0.9337244470797366
3,hsa-mir-3135a,-1.5937499081179278,-1.6186812069201109,0.024931298802183033,0.6744289046509009,0.9173729943526664
3,hsa-mir-328,8.596133977630636,8.571237090595993,0.0248968870346431,0.6428621387716653,0.9056964744849043
3,hsa-mir-6076,-1.5824130527596445,-1.6071546363076588,0.024741583548014257,0.31494936639129295,0.618183238905326
3,hsa-mir-4507,-1.6537233593753613,-1.678133919362387,0.024410559987025682,0.7449274278740838,0.9337244470797366
3,hsa-mir-4506,-1.6583431442707732,-1.6827077232045249,0.024364578933751657,0.7753767672583376,0.9428137253801387
3,hsa-mir-6715a,-0.19159862587417267,-0.2157798792465219,0.02418125337234922,0.9864224954249369,0.9983646669576465
3,hsa-mir-1322,-1.6690439856038528,-1.6930841036138837,0.02404011801003092,0.913567821017848,0.9910412847964608
3,hsa-mir-3152,-1.6205280622480656,-1.644483495968623,0.023955433720557417,0.7960819782589159,0.9515560146009034
3,hsa-mir-550b-1,-1.663499567415432,-1.6870125489440533,0.023512981528621246,0.5439877550327661,0.834845181629622
3,hsa-mir-4655,-1.6327554908106445,-1.6561389517361123,0.023383460925467725,0.9493317826963938,0.9983646669576465
3,hsa-mir-6883,-1.3347252548004873,-1.3580442456805857,0.023318990880098367,0.9354210657078605,0.9964791563120673
3,hsa-mir-3182,-1.6281019649947839,-1.6510787716763147,0.022976806681530793,0.8964192692622611,0.9824978499702133
3,hsa-mir-4451,-1.6608572116679938,-1.6838039847843467,0.022946773116352848,0.7692431631324047,0.9428137253801387
3,hsa-mir-1275,1.0922436424473212,1.069387548444547,0.02285609400277422,0.8266042709418853,0.9729983692926126
3,hsa-mir-4722,-1.595320884677495,-1.6180153331515592,0.0226944484740641,0.7214250579877112,0.9337244470797366
3,hsa-mir-6502,-1.5161326658318106,-1.5386919965300765,0.022559330698265878,0.7488937207245081,0.9337244470797366
3,hsa-mir-6729,-0.8646217911881415,-0.8870731923620822,0.02245140117394062,0.8886213629978812,0.9775085629744719
3,hsa-mir-597,-1.52572474994563,-1.5480666591627654,0.022341909217135525,0.7597401155097511,0.9383963421973172
3,hsa-mir-7851,-1.5613351335370562,-1.58363014760613,0.02229501406907386,0.9406344382143361,0.9983212495420528
3,hsa-mir-3168,-1.6209794910081154,-1.6428071987590989,0.021827707750983416,0.9498992561571715,0.9983646669576465
3,hsa-mir-133a-1,1.2252896986299364,1.2036957678474334,0.021593930782503046,0.7437836891107608,0.9337244470797366
3,hsa-mir-663b,-1.665878742512823,-1.6870913537760728,0.021212611263249803,0.9848563628307301,0.9983646669576465
3,hsa-mir-4780,-1.5185439620921541,-1.5393530435270122,0.020809081434858046,0.7503127495889682,0.9337244470797366
3,hsa-mir-5009,-1.6151287583342975,-1.635751711311073,0.020622952976775633,0.4417461863674261,0.7581066647772039
3,hsa-mir-941-1,-1.6281908784351133,-1.6485631176300808,0.020372239194967445,0.9136667012480636,0.9910412847964608
3,hsa-mir-4281,-1.6802984610682385,-1.7005894561455528,0.020290995077314244,0.7329705748136912,0.9337244470797366
3,hsa-mir-6752,-1.5325808127915692,-1.551607316002048,0.01902650321047883,0.6650770222595583,0.914695873384677
3,hsa-mir-4494,-1.5888556227796629,-1.6078138714877555,0.018958248708092595,0.896439781442701,0.9824978499702133
3,hsa-mir-630,-1.6714829521027696,-1.6903001447362338,0.018817192633464153,0.7195671071115766,0.9337244470797366
3,hsa-mir-614,-1.6426101666525867,-1.6613701476771312,0.01875998102454446,0.85829035663554,0.9775085629744719
3,hsa-mir-548ag-2,-1.6060330969234624,-1.6245970791204734,0.018563982197010942,0.928374154950996,0.9952042003293345
3,hsa-mir-1470,-1.6821586931910948,-1.7005894561455528,0.018430762954458002,0.8648497175992642,0.9775085629744719
3,hsa-mir-650,-1.6660032870377108,-1.684231136894336,0.018227849856625067,0.881089641086907,0.9775085629744719
3,hsa-mir-6722,-1.6727415958633487,-1.6908401562009516,0.01809856033760293,0.9529546913933568,0.9983646669576465
3,hsa-mir-3117,-1.5601839620546303,-1.577937449949353,0.017753487894722753,0.9975403890090282,0.9983646669576465
3,hsa-mir-4666b,-1.671921990753775,-1.6896181992394,0.01769620848562492,0.900411581609746,0.9834027223955107
3,hsa-mir-6762,0.17539256940732517,0.15785140171439932,0.017541167692925852,0.6747735430336496,0.9173729943526664
3,hsa-mir-604,-1.6631691100918764,-1.6804073451262531,0.017238235034376714,0.8922918236968743,0.9795744158811569
3,hsa-mir-489,-1.5656552627464184,-1.5825741216315423,0.0169188588851239,0.6607729518254236,0.9127161557872947
3,hsa-mir-1244-1,-1.666766164454114,-1.6833901106931917,0.01662394623907759,0.9556173939310384,0.9983646669576465
3,hsa-mir-4448,-1.6761108245885739,-1.6925476563541202,0.016436831765546334,0.9153250368996122,0.9910412847964608
3,hsa-mir-4671,-1.6820115537354947,-1.6982150123602093,0.016203458624714617,0.8371664835039198,0.9743523062325447
3,hsa-mir-6513,-1.2686336557652893,-1.2847842783275978,0.01615062256230848,0.7252314817847378,0.9337244470797366
3,hsa-mir-922,-1.6254541100739401,-1.6415076081800692,0.016053498106129105,0.7824584327470361,0.9428137253801387
3,hsa-mir-4285,-1.6846247421331793,-1.7005894561455528,0.015964714012373538,0.8648497175992642,0.9775085629744719
3,hsa-mir-4682,-1.6383503251367495,-1.654229535047724,0.01587920991097458,0.6883041318067233,0.9216776357240244
3,hsa-mir-631,-1.6592175663725766,-1.6748759105400801,0.015658344167503557,0.8485042442194467,0.9775085629744719
3,hsa-mir-6860,0.5602162979651405,0.5446668762977316,0.015549421667408914,0.9692183867440346,0.9983646669576465
3,hsa-mir-564,-1.2297115385121773,-1.2451255373679029,0.015413998855725586,0.8495809293329702,0.9775085629744719
3,hsa-mir-3195,-1.6251336821405962,-1.6404907928657575,0.015357110725161327,0.840687568020025,0.9753764545162228
3,hsa-mir-3125,-1.2863686794129705,-1.301488472548012,0.015119793135041526,0.6876401162310875,0.9216776357240244
3,hsa-mir-1199,-1.6096190374867132,-1.6247202821601796,0.015101244673466407,0.7857291489846061,0.9428749787815273
3,hsa-mir-8089,-1.6808711480320542,-1.6958987403970927,0.015027592365038478,0.8612594190904769,0.9775085629744719
3,hsa-mir-873,-0.718668536854171,-0.7336938523441897,0.015025315490018731,0.533491008589235,0.8272822797208814
3,hsa-mir-1273h,-1.6112639623385998,-1.6256439404636804,0.014379978125080628,0.6586768572976096,0.9109360792413751
3,hsa-mir-4536-1,-1.666098856156359,-1.6804242776475238,0.01432542149116478,0.9288572536407123,0.9952042003293345
3,hsa-mir-371b,-1.5642282623241055,-1.5784644098897893,0.01423614756568381,0.9337717164290755,0.9964791563120673
3,hsa-mir-5691,-1.6541656076777684,-1.668166563617577,0.014000955939808657,0.9015981674248394,0.9834027223955107
3,hsa-mir-4638,0.33036678350603305,0.31673061517827095,0.0136361683277621,0.8368135771668933,0.9743523062325447
3,hsa-mir-4536-2,-1.6640275525176638,-1.6775038039118406,0.013476251394176852,0.9385545062197237,0.9973739984351286
3,hsa-mir-4663,-1.6625224637175657,-1.675973420423121,0.013450956705555184,0.9561821231188044,0.9983646669576465
3,hsa-mir-4419b,-1.5673620500465317,-1.5807863127686277,0.013424262722095959,0.7069203196028091,0.9337244470797366
3,hsa-mir-5090,1.1631435856438639,1.149926283770411,0.013217301873452936,0.7588286489807899,0.9381828441128772
3,hsa-mir-3165,-1.6710350162111234,-1.684244762836045,0.013209746624921692,0.8974739975689447,0.9824978499702133
3,hsa-mir-4526,-1.4353228752233635,-1.44842192920401,0.013099053980646369,0.5480104995702253,0.834845181629622
3,hsa-mir-5702,-1.681209453920515,-1.6942685705818088,0.01305911666129389,0.9736022469124986,0.9983646669576465
3,hsa-mir-3180-3,-1.6448472571552466,-1.6578411537027813,0.012993896547534689,0.9735777081870892,0.9983646669576465
3,hsa-mir-378g,-1.6293477122558426,-1.6423358660502854,0.012988153794442736,0.7632383790273186,0.941458138566433
3,hsa-mir-4296,-1.6672690419099139,-1.6802476619734223,0.012978620063508473,0.767152463342937,0.9423290100905368
3,hsa-mir-147a,-1.688060113629607,-1.7005894561455528,0.01252934251594584,0.9981501033224468,0.9983646669576465
3,hsa-mir-1281,-1.6205300739233495,-1.6329707888744676,0.012440714951118093,0.7275961542328163,0.9337244470797366
3,hsa-mir-615,3.888702505567057,3.8763146718455372,0.012387833721519748,0.6704487372857877,0.9161210607543226
3,hsa-mir-4320,-1.6883559275062656,-1.7005894561455528,0.012233528639287172,0.8648497175992642,0.9775085629744719
3,hsa-mir-3688-1,-1.6366230919750466,-1.6486489352232783,0.012025843248231638,0.8353690317417694,0.9743523062325447
3,hsa-mir-4487,-1.645066451266008,-1.6569238144537288,0.011857363187720793,0.7343324717346235,0.9337244470797366
3,hsa-mir-7160,-1.66968373626849,-1.6814046784166496,0.011720942148159663,0.9245637140276017,0.9947404048693484
3,hsa-mir-8083,-1.6889181698812266,-1.7005894561455528,0.01167128626432623,0.8648497175992642,0.9775085629744719
3,hsa-mir-5095,-1.6890245516938511,-1.7005894561455528,0.011564904451701663,0.9981501033224468,0.9983646669576465
3,hsa-mir-23c,-1.112871036638143,-1.1243921754272155,0.011521138789072571,0.3348420210432857,0.6354666092792283
3,hsa-mir-4529,-1.5979205621412613,-1.6093008419722588,0.01138027983099743,0.8206323924299319,0.9698382819626469
3,hsa-mir-5188,-1.6377105612093208,-1.6488582706422654,0.01114770943294463,0.5962724643531345,0.8677099294691137
3,hsa-mir-5189,-1.5943002906017674,-1.6051822523769266,0.01088196177515921,0.6677808986697569,0.9161210607543226
3,hsa-mir-8076,-1.686870283555052,-1.697556784465253,0.010686500910201069,0.9893644377764125,0.9983646669576465
3,hsa-mir-6839,-1.665686190922772,-1.6759962094002443,0.01031001847747226,0.9184865335739559,0.9925196787557878
3,hsa-mir-600,-1.4527066214900992,-1.4630051740778964,0.010298552587797216,0.8841802624814056,0.9775085629744719
3,hsa-mir-6504,-1.6767989808576815,-1.6870116771575996,0.010212696299918056,0.791410353786572,0.9482336036152474
3,hsa-mir-6759,-1.591740243263651,-1.6019014801230482,0.010161236859397293,0.39377343762594463,0.709337832213018
3,hsa-mir-3128,-1.6881729193541226,-1.6982309066888566,0.010057987334733953,0.972692329138457,0.9983646669576465
3,hsa-mir-378e,-1.6630798572413357,-1.6725987072917947,0.009518850050459049,0.8125873769867488,0.9647156073815282
3,hsa-mir-8066,-1.6832697912039223,-1.6927202865979023,0.009450495393980018,0.9453439177293516,0.9983646669576465
3,hsa-mir-384,-1.691268726272984,-1.7005894561455528,0.009320729872568823,0.9981501033224468,0.9983646669576465
3,hsa-mir-595,-1.6912777778177923,-1.7005894561455528,0.009311678327760475,0.9981501033224468,0.9983646669576465
3,hsa-mir-4538,-1.684431385198631,-1.6936512590093742,0.009219873810743184,0.944449353819176,0.9983646669576465
3,hsa-mir-2052,-1.691470696708573,-1.7005894561455528,0.009118759436979706,0.8718800148357957,0.9775085629744719
3,hsa-mir-7973-2,-1.6891719655661357,-1.6982099421831314,0.00903797661699568,0.8897834355280448,0.9775085629744719
3,hsa-mir-7849,-1.6697822803619746,-1.678791676301837,0.009009395939862275,0.7812710088761525,0.9428137253801387
3,hsa-mir-3656,-1.6008640231018951,-1.6098142620695695,0.008950238967674329,0.8896526616911699,0.9775085629744719
3,hsa-mir-6072,-1.6893883826358378,-1.698181419035487,0.008793036399649123,0.7666653888895165,0.9423290100905368
3,hsa-mir-486-2,7.52839190759926,7.520016181312944,0.008375726286315555,0.9496959987583378,0.9983646669576465
3,hsa-mir-378j,-1.6898931924335976,-1.6982201479472114,0.008326955513613843,0.8734613320794098,0.9775085629744719
3,hsa-mir-1972-1,-1.6857045414881153,-1.6940262050280723,0.008321663539957003,0.6456265879727678,0.9056964744849043
3,hsa-mir-486-1,7.54371777268554,7.535471410807179,0.008246361878360808,0.9602499325559571,0.9983646669576465
3,hsa-mir-3158-2,0.015250519350535813,0.007035835515579168,0.008214683834956646,0.9515654615659178,0.9983646669576465
3,hsa-mir-4260,-1.6925167981476106,-1.7005894561455528,0.008072657997942212,0.8718800148357957,0.9775085629744719
3,hsa-mir-6077,-1.6902138746506796,-1.6982634747982122,0.008049600147532532,0.8897834355280448,0.9775085629744719
3,hsa-mir-3156-1,-1.6840531606710727,-1.6920519796810065,0.007998819009933822,0.9520596593142031,0.9983646669576465
3,hsa-mir-591,-1.6862850441510586,-1.6942700569123041,0.007985012761245525,0.7437567352468795,0.9337244470797366
3,hsa-mir-8052,-1.6926416673162357,-1.7005894561455528,0.007947788829317126,0.9981501033224468,0.9983646669576465
3,hsa-mir-3935,-1.6883921217610276,-1.6962590007961047,0.007866879035077101,0.8897834355280448,0.9775085629744719
3,hsa-mir-4445,-1.6820227589016459,-1.6898042069270252,0.007781448025379278,0.8897834355280448,0.9775085629744719
3,hsa-mir-7150,-1.68909365782628,-1.6967618410368195,0.007668183210539414,0.8897834355280448,0.9775085629744719
3,hsa-mir-4797,-0.839209910465184,-0.8468224173421793,0.007612506876995329,0.9268583122561109,0.9947404048693484
3,hsa-mir-3921,-1.690666938913449,-1.6982482694190995,0.007581330505650463,0.972692329138457,0.9983646669576465
3,hsa-mir-4418,-1.6854560399507779,-1.692962175383718,0.007506135432940209,0.9462385505642844,0.9983646669576465
3,hsa-mir-3160-1,-1.6681362895563774,-1.675632534379645,0.007496244823267606,0.8250983002964194,0.9729983692926126
3,hsa-mir-4644,-1.562783142734763,-1.5701682322296335,0.0073850894948706,0.6423487671627027,0.9056964744849043
3,hsa-mir-8086,-1.6932363433852518,-1.7005894561455528,0.007353112760301039,0.9981501033224468,0.9983646669576465
3,hsa-mir-3680-2,-1.0100556245975485,-1.0173636943113882,0.007308069713839682,0.7386629672072336,0.9337244470797366
3,hsa-mir-4471,-1.6933449178029933,-1.7005894561455528,0.007244538342559448,0.8648497175992642,0.9775085629744719
3,hsa-mir-6790,-1.5602131574799327,-1.567303017601237,0.007089860121304303,0.9360053439539042,0.9964791563120673
3,hsa-mir-4659b,-1.6734377030888965,-1.6803611400971024,0.006923437008205857,0.9107875750518668,0.9910412847964608
3,hsa-mir-1268b,-1.6937270969790446,-1.7005894561455528,0.006862359166508236,0.9981501033224468,0.9983646669576465
3,hsa-mir-548ak,-1.693836655344505,-1.7005894561455528,0.006752800801047787,0.9981501033224468,0.9983646669576465
3,hsa-mir-4520-2,-1.6734524204449406,-1.680017218564432,0.0065647981194914,0.9160779055618568,0.9910412847964608
3,hsa-mir-920,-1.6941369752287667,-1.7005894561455528,0.006452480916786074,0.9981501033224468,0.9983646669576465
3,hsa-mir-4524b,-1.6942040635441373,-1.7005894561455528,0.006385392601415463,0.9981501033224468,0.9983646669576465
3,hsa-mir-4501,-1.5719824196116892,-1.5781375569647595,0.0061551373530703835,0.8714328947454085,0.9775085629744719
3,hsa-mir-4730,-1.509270688039153,-1.5154168103912808,0.0061461223521277475,0.6449047037517729,0.9056964744849043
3,hsa-mir-4493,-1.6895608463790963,-1.6957034372457611,0.006142590866664799,0.9736022469124986,0.9983646669576465
3,hsa-mir-1182,-1.69449898290337,-1.7005894561455528,0.0060904732421827035,0.9981501033224468,0.9983646669576465
3,hsa-mir-4676,1.0063339217447407,1.0003410903998065,0.005992831344934224,0.797326831243464,0.9515560146009034
3,hsa-mir-5692c-2,-1.6946483044071599,-1.7005894561455528,0.005941151738392936,0.9981501033224468,0.9983646669576465
3,hsa-mir-1184-2,-1.6909810982221525,-1.6969203971153368,0.0059392988931843416,0.8734613320794098,0.9775085629744719
3,hsa-mir-4540,-1.6946779430436556,-1.7005894561455528,0.005911513101897192,0.9981501033224468,0.9983646669576465
3,hsa-mir-4441,-1.6919852194402192,-1.6978072164326807,0.005821996992461553,0.8897834355280448,0.9775085629744719
3,hsa-mir-3916,-1.4962404020527171,-1.502056307725768,0.005815905673050903,0.8748745839883241,0.9775085629744719
3,hsa-mir-593,-1.686870283555052,-1.692581093733049,0.005710810177997017,0.7850737367107694,0.9428137253801387
3,hsa-mir-4308,-1.6948942502249789,-1.7005894561455528,0.005695205920573931,0.9981501033224468,0.9983646669576465
3,hsa-mir-1204,-1.6948976281750456,-1.7005894561455528,0.005691827970507157,0.9981501033224468,0.9983646669576465
3,hsa-mir-1260a,-1.5989101495410012,-1.6045881531004311,0.005678003559429934,0.08454286480423515,0.24288557844310651
3,hsa-mir-4317,-1.6949485350568632,-1.7005894561455528,0.005640921088689632,0.9981501033224468,0.9983646669576465
3,hsa-mir-6816,-1.400331449324895,-1.405899358788756,0.005567909463860987,0.6660285240596618,0.914695873384677
3,hsa-mir-4764,-1.6724448300111387,-1.6779985795456538,0.00555374953451504,0.8526985787509174,0.9775085629744719
3,hsa-mir-548at,-1.6678908863110067,-1.6733834104787524,0.005492524167745705,0.8307662897487174,0.9729983692926126
3,hsa-mir-3649,-1.695129660315896,-1.7005894561455528,0.005459795829656722,0.8718800148357957,0.9775085629744719
3,hsa-mir-378b,-1.6051268626418111,-1.610575824860933,0.005448962219121833,0.696462646037019,0.929587481328732
3,hsa-mir-6749,-0.10071654997073444,-0.10613133012574588,0.005414780155011442,0.7529649707860953,0.9337244470797366
3,hsa-mir-4289,-1.6952070587773829,-1.7005894561455528,0.005382397368169922,0.9981501033224468,0.9983646669576465
3,hsa-mir-3945,-1.6592866395390957,-1.6646166227338042,0.005329983194708454,0.7810227570971732,0.9428137253801387
3,hsa-mir-4277,-1.69528510827504,-1.7005894561455528,0.0053043478705128155,0.9981501033224468,0.9983646669576465
3,hsa-mir-7515,-1.6954072117143393,-1.7005894561455528,0.005182244431213512,0.9981501033224468,0.9983646669576465
3,hsa-mir-563,-1.68909365782628,-1.694201118627241,0.005107460800960917,0.8897834355280448,0.9775085629744719
3,hsa-mir-4492,-0.5223279921644549,-0.5272676873077768,0.004939695143321932,0.9958923135321511,0.9983646669576465
3,hsa-mir-5690,-1.0626918931622347,-1.0675635419388507,0.0048716487766160554,0.624024593989623,0.8972150844459095
3,hsa-mir-4292,-1.695823826306115,-1.7005894561455528,0.004765629839437846,0.9981501033224468,0.9983646669576465
3,hsa-mir-1244-2,-1.6802842299072542,-1.685000903478399,0.004716673571144803,0.8558921926801769,0.9775085629744719
3,hsa-mir-548ao,-1.684033555967208,-1.688717724009768,0.00468416804256,0.8177891792080672,0.9672108563795184
3,hsa-mir-7978,-1.660835239021566,-1.665388656099044,0.004553417077478139,0.7969023474890014,0.9515560146009034
3,hsa-mir-4463,-1.6960577592900292,-1.7005894561455528,0.00453169685552357,0.9981501033224468,0.9983646669576465
3,hsa-mir-762,-1.6826918812617657,-1.6871876547704892,0.004495773508723433,0.8575900897376757,0.9775085629744719
3,hsa-mir-4452,-1.6880519867599388,-1.6925383555758287,0.0044863688158898185,0.9462385505642844,0.9983646669576465
3,hsa-mir-378h,-1.6883175655498217,-1.692788758031886,0.004471192482064401,0.6970662209263119,0.929587481328732
3,hsa-mir-4747,-1.5238396234957687,-1.5282613084880416,0.004421684992272912,0.6167184930840102,0.8924304039531274
3,hsa-mir-3141,-1.6532028733192077,-1.6576163483308664,0.004413475011658674,0.9639932555966024,0.9983646669576465
3,hsa-mir-1297,-1.696219884612043,-1.7005894561455528,0.004369571533509697,0.8718800148357957,0.9775085629744719
3,hsa-mir-3180-1,-1.6561709788462466,-1.660509058989854,0.004338080143607259,0.9264834770054426,0.9947404048693484
3,hsa-mir-4420,-1.652032779838154,-1.6563437356120545,0.0043109557739005044,0.915193048695749,0.9910412847964608
3,hsa-mir-4650-1,-1.6962822819739174,-1.7005894561455528,0.004307174171635397,0.9981501033224468,0.9983646669576465
3,hsa-mir-548ba,-1.6916405307994873,-1.6958797902598892,0.004239259460401934,0.7587345233587992,0.9381828441128772
3,hsa-mir-548i-2,-1.6963756164474246,-1.7005894561455528,0.004213839698128163,0.9981501033224468,0.9983646669576465
3,hsa-mir-6129,-1.6917187303154935,-1.695926660544407,0.004207930228913526,0.7986959128630121,0.9518453965365156
3,hsa-mir-3944,0.8881024900999883,0.8839850629079612,0.004117427192027123,0.5584055795770734,0.834845181629622
3,hsa-mir-606,-1.692003067032228,-1.6961120120488329,0.00410894501660497,0.9813395802064836,0.9983646669576465
3,hsa-mir-1268a,-1.6964876588866855,-1.7005894561455528,0.004101797258867279,0.9981501033224468,0.9983646669576465
3,hsa-mir-4327,-1.6966516073322824,-1.7005894561455528,0.003937848813270417,0.9981501033224468,0.9983646669576465
3,hsa-mir-1184-1,-1.6967849601148577,-1.7005894561455528,0.0038044960306951037,0.9981501033224468,0.9983646669576465
3,hsa-mir-4284,-1.6452714617506523,-1.6490448791512684,0.003773417400616097,0.7481924754192243,0.9337244470797366
3,hsa-mir-4437,-1.6606878889873358,-1.6644500944866278,0.0037622054992920706,0.9549282707715883,0.9983646669576465
3,hsa-mir-6742,-1.559139847974138,-1.5628228023945878,0.0036829544204497466,0.20753018865855263,0.4566249567099325
3,hsa-mir-1206,-1.6969470900400567,-1.7005894561455528,0.0036423661054960643,0.8718800148357957,0.9775085629744719
3,hsa-mir-3688-2,-1.6681101311571853,-1.6717410642324437,0.0036309330752584135,0.8314146322224696,0.9729983692926126
3,hsa-mir-575,-1.6751155728946112,-1.6786792530407115,0.003563680146100312,0.9364348994573658,0.9964791563120673
3,hsa-mir-586,-1.6970902361202904,-1.7005894561455528,0.003499220025262373,0.9981501033224468,0.9983646669576465
3,hsa-mir-4698,-1.697121099696674,-1.7005894561455528,0.0034683564488788843,0.9981501033224468,0.9983646669576465
3,hsa-mir-5591,-1.6971887193491355,-1.7005894561455528,0.0034007367964172808,0.9981501033224468,0.9983646669576465
3,hsa-mir-4425,-1.6888923132853548,-1.6921858507563199,0.0032935374709650578,0.9112001714259718,0.9910412847964608
3,hsa-mir-3675,-1.6924516426312641,-1.6957287993601933,0.0032771567289291426,0.9745121990442819,0.9983646669576465
3,hsa-mir-6794,-0.6795449076244112,-0.6827139837596132,0.003169076135202009,0.7973829417458117,0.9515560146009034
3,hsa-mir-890,-1.694415114339289,-1.697482078766701,0.0030669644274121666,0.8897834355280448,0.9775085629744719
3,hsa-mir-4258,-1.6674431793611562,-1.6704610485836036,0.0030178692224474,0.9718254323174634,0.9983646669576465
3,hsa-mir-548am,-1.6953405284255196,-1.6982877760906416,0.002947247665121999,0.8897834355280448,0.9775085629744719
3,hsa-mir-6770-1,-1.6591344980480685,-1.6620216305521371,0.00288713250406869,0.37991180015173504,0.6956840716779102
3,hsa-mir-5007,-1.6859967274857317,-1.6888441893627824,0.00284746187705065,0.9421986050995947,0.9983646669576465
3,hsa-mir-7843,-1.6589112792731173,-1.6617296148846288,0.0028183356115114577,0.734911701694316,0.9337244470797366
3,hsa-mir-3621,-1.68909365782628,-1.6919010122964813,0.0028073544702011954,0.6856167482535902,0.9212421423562452
3,hsa-mir-374c,-1.6847080799174254,-1.68738283113009,0.0026747512126645834,0.9754355735673786,0.9983646669576465
3,hsa-mir-4497,-1.665592488590037,-1.668049317614596,0.002456829024559015,0.8745989670327459,0.9775085629744719
3,hsa-mir-4666a,-1.664358496174678,-1.6667465928593868,0.0023880966847087404,0.9549282707715883,0.9983646669576465
3,hsa-mir-1205,-1.69477741948608,-1.6968961500051756,0.002118730519095502,0.8897834355280448,0.9775085629744719
3,hsa-mir-8075,-1.6907747551643997,-1.6928932135479908,0.0021184583835911486,0.9197266758643741,0.9925196787557878
3,hsa-mir-3920,-1.676523690553382,-1.6786362234606158,0.0021125329072337884,0.9156374152542671,0.9910412847964608
3,hsa-mir-6089-1,-1.6916451154052528,-1.6937466007517918,0.0021014853465390892,0.9206256251023238,0.9925196787557878
3,hsa-mir-548al,-1.694235012538363,-1.6961610117523618,0.0019259992139988302,0.7850737367107694,0.9428137253801387
3,hsa-mir-8073,-1.6963200886899268,-1.6982099421831314,0.0018898534932045852,0.8897834355280448,0.9775085629744719
3,hsa-mir-1278,-1.6849818736222792,-1.6867889263864317,0.0018070527641524947,0.8151705471110745,0.9663115908003619
3,hsa-mir-648,-1.6897720715095903,-1.691442715259919,0.0016706437503286597,0.9927179825575453,0.9983646669576465
3,hsa-mir-551b,-0.9161075181878844,-0.9177543297451413,0.0016468115572568776,0.9355445354307392,0.9964791563120673
3,hsa-mir-5580,-1.6145029422169437,-1.6160055714141384,0.0015026291971946826,0.6498697018409155,0.9056964744849043
3,hsa-mir-4315-2,-1.6968330954016226,-1.6982099421831314,0.0013768467815087337,0.8897834355280448,0.9775085629744719
3,hsa-mir-5682,-1.6392148048927115,-1.6405734032898736,0.0013585983971620141,0.5679279611758319,0.8377359392566219
3,hsa-mir-6861,-1.5187690428422647,-1.5200297045251712,0.0012606616829065054,0.6515731039511293,0.9056964744849043
3,hsa-mir-4650-2,-1.6962822819739174,-1.697412546955288,0.0011302649813706989,0.8897834355280448,0.9775085629744719
3,hsa-mir-7847,-1.6573254151547196,-1.6584451700582015,0.0011197549034818177,0.8297668264520616,0.9729983692926126
3,hsa-mir-1282,-1.6876252630919053,-1.688733781402485,0.0011085183105796759,0.7185962362883649,0.9337244470797366
3,hsa-mir-1263,-1.6870685234084979,-1.6878738146743453,8.052912658473854e-4,0.6981718848449643,0.929587481328732
3,hsa-mir-638,-1.6502160555087317,-1.6509939234898097,7.778679810779288e-4,0.7699484298126273,0.9428137253801387
3,hsa-mir-637,-1.6891067749576207,-1.6898687807882298,7.62005830609036e-4,0.9849801554718833,0.9983646669576465
3,hsa-mir-623,-1.689630085886876,-1.6903541022467232,7.240163598472016e-4,0.9314269721194336,0.9964791563120673
3,hsa-mir-610,-1.6922960476395685,-1.6929595900700232,6.635424304546333e-4,0.9188278292038924,0.9925196787557878
3,hsa-mir-302a,-1.6928566204687212,-1.6935137581831428,6.571377144215518e-4,0.7850737367107694,0.9428137253801387
3,hsa-mir-4744,-1.6870091724536747,-1.6874281033274703,4.18930873795631e-4,0.8160431966409137,0.966611531328645
3,hsa-mir-6770-3,-1.6495795473741994,-1.6499736963893585,3.941490151591065e-4,0.8346526438807237,0.9743523062325447
3,hsa-mir-4773-2,-1.601081738357463,-1.6014643690990495,3.8263074158662036e-4,0.289608748938338,0.5843941661168576
3,hsa-mir-4635,-1.6966479793812372,-1.6968395160293996,1.915366481624048e-4,0.8888746879029992,0.9775085629744719
3,hsa-mir-3116-2,-1.6590589439255812,-1.6592346159312616,1.756720056804717e-4,0.6781727985726089,0.9183589980670747
3,hsa-mir-3671,-1.696943739331792,-1.6969848119216675,4.107258987540163e-5,0.8888746879029992,0.9775085629744719
3,hsa-mir-5706,-1.6218973394789242,-1.621904514851669,7.175372744860908e-6,0.3161365176371365,0.6187866593650351
3,hsa-mir-4431,-1.6862943261126193,-1.6863006127893336,6.286676714317707e-6,0.6823707074280566,0.9212421423562452
3,hsa-mir-548as,-1.690673397478382,-1.6906408707109188,-3.2526767463236794e-5,0.6998485294395401,0.9307448473364728
3,hsa-mir-548c,-1.6970843095261532,-1.6969935692119127,-9.074031424050055e-5,0.8888746879029992,0.9775085629744719
3,hsa-mir-4496,-1.6734241067034554,-1.673278639562768,-1.4546714068752742e-4,0.5637725724286277,0.8352186258201891
3,hsa-mir-4795,-1.6712459359307514,-1.6709287454432038,-3.171904875476361e-4,0.700989708131363,0.9314684366992557
3,hsa-mir-1825,-1.608190209847056,-1.6076116917452423,-5.785181018136409e-4,0.8288510826952967,0.9729983692926126
3,hsa-mir-4688,-1.651267669338304,-1.6504706068037827,-7.970625345212756e-4,0.48790322977520034,0.7973394310672297
3,hsa-mir-4510,-1.6953405284255196,-1.6944831910688385,-8.573373566811426e-4,0.7850737367107694,0.9428137253801387
3,hsa-mir-4779,-1.5733951508795991,-1.5723322610874688,-0.001062889792130317,0.870441433566552,0.9775085629744719
3,hsa-mir-4519,-0.9469070252304967,-0.9457782438181169,-0.00112878141237982,0.6531464960227675,0.9056964744849043
3,hsa-mir-4752,-1.6562635049065573,-1.6551194902731157,-0.0011440146334416035,0.5651381227855738,0.8356544753985736
3,hsa-mir-3658,-1.6940392821838675,-1.6928875746518852,-0.0011517075319822379,0.7850737367107694,0.9428137253801387
3,hsa-mir-6090,-1.695485476767057,-1.694201118627241,-0.0012843581398160886,0.8888746879029992,0.9775085629744719
3,hsa-mir-4278,-1.7005894561455497,-1.6990428069322971,-0.0015466492132525378,0.7525213522217472,0.9337244470797366
3,hsa-mir-6813,-0.7136912459102177,-0.7119889599017946,-0.0017022860084231484,0.7640294893750668,0.941458138566433
3,hsa-mir-3122,-1.7005894561455497,-1.6988292002390482,-0.0017602559065015289,0.8493856368309382,0.9775085629744719
3,hsa-mir-6766,-0.8835558118753681,-0.8817675190975348,-0.0017882927778333224,0.6507352401223783,0.9056964744849043
3,hsa-mir-1184-3,-1.7005894561455497,-1.6987086046803488,-0.0018808514652008945,0.7525213522217472,0.9337244470797366
3,hsa-mir-4527,-1.7005894561455497,-1.6987086046803488,-0.0018808514652008945,0.7525213522217472,0.9337244470797366
3,hsa-mir-603,-1.6948976281750456,-1.6929911772397825,-0.0019064509352630932,0.7841966737330909,0.9428137253801387
3,hsa-mir-3145,-1.6927876627008922,-1.6908713604186927,-0.0019163022821995224,0.6856167482535902,0.9212421423562452
3,hsa-mir-548q,-1.246783298791405,-1.2448085988536757,-0.001974699937729252,0.876463777913125,0.9775085629744719
3,hsa-mir-3134,-1.7005894561455497,-1.6986132585115676,-0.0019761976339820464,0.7525213522217472,0.9337244470797366
3,hsa-mir-4301,-1.7005894561455497,-1.6986132585115676,-0.0019761976339820464,0.7525213522217472,0.9337244470797366
3,hsa-mir-4759,-1.7005894561455497,-1.6986132585115676,-0.0019761976339820464,0.7525213522217472,0.9337244470797366
3,hsa-mir-4637,-1.6965152039754685,-1.6944102966879813,-0.0021049072874872454,0.6856167482535902,0.9212421423562452
3,hsa-mir-3915,-1.6952634194974845,-1.6930580199957497,-0.002205399501734817,0.7841966737330909,0.9428137253801387
3,hsa-mir-4502,-1.6255357256358143,-1.6233169381735906,-0.0022187874622237036,0.7816092622815576,0.9428137253801387
3,hsa-mir-5006,-1.412851051189705,-1.4106036999444687,-0.0022473512452363398,0.37391883612869053,0.689687978612028
3,hsa-mir-5194,-1.6380867611750078,-1.6356795175641372,-0.002407243610870635,0.7763887869487924,0.9428137253801387
3,hsa-mir-8057,-1.7005894561455497,-1.698181419035487,-0.0024080371100627662,0.7525213522217472,0.9337244470797366
3,hsa-mir-5093,-1.643095234452732,-1.6406837937380392,-0.002411440714692903,0.9983646669576465,0.9983646669576465
3,hsa-mir-6757,-1.2871063893599368,-1.2845567740070523,-0.00254961535288456,0.6728602354171715,0.9173729943526664
3,hsa-mir-4790,-1.6434047263438418,-1.6408519131383352,-0.002552813205506599,0.8168845912326421,0.9668740230067692
3,hsa-mir-3978,-1.7005894561455497,-1.6979553331203714,-0.002634123025178292,0.8493856368309382,0.9775085629744719
3,hsa-mir-4675,-1.621101654723152,-1.6184363632834402,-0.0026652914397118366,0.47070121068639004,0.7878620875116016
3,hsa-mir-5681b,-1.6960427691758084,-1.6933722042874655,-0.002670564888342941,0.8888746879029992,0.9775085629744719
3,hsa-mir-8079,-1.7005894561455497,-1.6978676882553,-0.0027217678902495823,0.8493856368309382,0.9775085629744719
3,hsa-mir-4718,-1.7005894561455497,-1.697850804844985,-0.0027386513005647206,0.7525213522217472,0.9337244470797366
3,hsa-mir-3714,-1.7005894561455497,-1.6978311901002023,-0.002758266045347346,0.7525213522217472,0.9337244470797366
3,hsa-mir-3612,-0.934743094623755,-0.9319426175813491,-0.0028004770424059355,0.9850053694989697,0.9983646669576465
3,hsa-mir-4314,-1.7005894561455497,-1.6977171700679943,-0.002872286077555408,0.7525213522217472,0.9337244470797366
3,hsa-mir-4424,-1.691653215365491,-1.688733729081969,-0.0029194862835220103,0.5870998276549788,0.8584787302750636
3,hsa-mir-587,-1.7005894561455497,-1.697626149302737,-0.002963306842812763,0.7525213522217472,0.9337244470797366
3,hsa-mir-6888,-1.6082975239911204,-1.6053210281575017,-0.0029764958336186975,0.7162566843348659,0.9337244470797366
3,hsa-mir-4514,-1.7005894561455497,-1.6975685870925332,-0.0030208690530164617,0.7525213522217472,0.9337244470797366
3,hsa-mir-208b,-1.7005894561455497,-1.6975357487466194,-0.0030537073989302943,0.7525213522217472,0.9337244470797366
3,hsa-mir-5692c-1,-1.6915760639053017,-1.6885084273588569,-0.0030676365464448185,0.6856167482535902,0.9212421423562452
3,hsa-mir-4485,-1.6935357341466424,-1.6904050375751345,-0.003130696571507885,0.7841966737330909,0.9428137253801387
3,hsa-mir-621,-1.6783516375974403,-1.6752027538915086,-0.003148883705931693,0.7762794897432063,0.9428137253801387
3,hsa-mir-5191,-1.7005894561455497,-1.697375278536757,-0.003214177608792612,0.7525213522217472,0.9337244470797366
3,hsa-mir-663a,-1.6835235364223808,-1.6803091794356646,-0.003214356986716238,0.8355052401891246,0.9743523062325447
3,hsa-mir-4645,-1.3848653009443899,-1.3816502067943237,-0.0032150941500661556,0.517701194269285,0.8116722241809894
3,hsa-mir-6080,-1.6320811513018612,-1.6288375433786213,-0.003243607923239855,0.8887943404468105,0.9775085629744719
3,hsa-mir-2682,-1.6689946347920441,-1.6656766389545847,-0.0033179958374593976,0.7783766231160618,0.9428137253801387
3,hsa-mir-557,-1.7005894561455497,-1.6972187528587797,-0.003370703286770027,0.7525213522217472,0.9337244470797366
3,hsa-mir-3686,-1.7005894561455497,-1.6972054668867342,-0.003383989258815445,0.7525213522217472,0.9337244470797366
3,hsa-mir-1302-3,-1.7005894561455497,-1.6971390943252227,-0.003450361820326986,0.7525213522217472,0.9337244470797366
3,hsa-mir-3919,-1.7005894561455497,-1.6971390943252227,-0.003450361820326986,0.7525213522217472,0.9337244470797366
3,hsa-mir-4468,-1.6923974412705884,-1.6888268462874605,-0.0035705949831279504,0.7841966737330909,0.9428137253801387
3,hsa-mir-4534,-1.7005894561455497,-1.6969235918874512,-0.00366586425809845,0.6529552362717534,0.9056964744849043
3,hsa-mir-645,-1.7005894561455497,-1.696841740525535,-0.0037477156200147466,0.7525213522217472,0.9337244470797366
3,hsa-mir-921,-1.7005894561455497,-1.696841740525535,-0.0037477156200147466,0.7525213522217472,0.9337244470797366
3,hsa-mir-4474,-1.6070801299690565,-1.6033188008266754,-0.0037613291423810313,0.43297166539456644,0.7479909169607127
3,hsa-mir-4263,-1.7005894561455497,-1.6967699018580906,-0.0038195542874590593,0.7525213522217472,0.9337244470797366
3,hsa-mir-302b,-1.7005894561455497,-1.6966999947942802,-0.003889461351269441,0.7525213522217472,0.9337244470797366
3,hsa-mir-4495,-1.7005894561455497,-1.6966999947942802,-0.003889461351269441,0.7525213522217472,0.9337244470797366
3,hsa-mir-5583-1,-1.7005894561455497,-1.696684589851962,-0.003904866293587661,0.7525213522217472,0.9337244470797366
3,hsa-mir-4300,-1.7005894561455497,-1.6966570958593465,-0.00393236028620314,0.7525213522217472,0.9337244470797366
3,hsa-mir-1178,-1.669788166990322,-1.6658331355289757,-0.003955031461346348,0.5610333024237565,0.834845181629622
3,hsa-mir-892b,-1.5235911100159873,-1.5196043302911948,-0.003986779724792555,0.99185986362671,0.9983646669576465
3,hsa-mir-4440,-1.6907173481284175,-1.6867079620984886,-0.004009386029928841,0.7841966737330909,0.9428137253801387
3,hsa-mir-4252,-1.7005894561455497,-1.6965189178917683,-0.004070538253781342,0.7525213522217472,0.9337244470797366
3,hsa-mir-3167,-1.6958080139839402,-1.6916815520703932,-0.0041264619135470415,0.7841966737330909,0.9428137253801387
3,hsa-mir-5186,-1.7005894561455497,-1.6963564529837805,-0.004233003161769222,0.7525213522217472,0.9337244470797366
3,hsa-mir-6828,-1.7005894561455497,-1.696278758129917,-0.0043106980156326635,0.7525213522217472,0.9337244470797366
3,hsa-mir-553,-1.7005894561455497,-1.6962590007961047,-0.004330455349444984,0.7525213522217472,0.9337244470797366
3,hsa-mir-1179,-1.6390707850664323,-1.6346992214480496,-0.004371563618382757,0.6101435108755395,0.8854175599682249
3,hsa-mir-3674,-1.7005894561455497,-1.696185703059242,-0.0044037530863076935,0.7525213522217472,0.9337244470797366
3,hsa-mir-6859-4,-1.6966442312040777,-1.692201237856232,-0.004442993347845592,0.8888746879029992,0.9775085629744719
3,hsa-mir-4678,-1.6944557285977853,-1.6899091005165203,-0.004546628081264936,0.7841966737330909,0.9428137253801387
3,hsa-mir-4436a,-1.6885582033017033,-1.6840061530270176,-0.004552050274685637,0.6337093850802706,0.9056964744849043
3,hsa-mir-1253,-1.7005894561455497,-1.6960034681398457,-0.004585988005703978,0.7525213522217472,0.9337244470797366
3,hsa-mir-6811,-1.5600356901457275,-1.555307519754656,-0.00472817039107154,0.4626759216044659,0.7777741785592315
3,hsa-mir-3156-3,-1.6977321906335718,-1.6929796537631843,-0.004752536870387569,0.6654735445287354,0.914695873384677
3,hsa-mir-4765,-1.6888514659470077,-1.6840814688484045,-0.0047699970986032625,0.8372351741883386,0.9743523062325447
3,hsa-mir-6818,-1.406916819725095,-1.4021401740722674,-0.004776645652827538,0.38618850129590315,0.7005279790948941
3,hsa-mir-554,-1.7005894561455497,-1.695755319532053,-0.004834136613496742,0.6529552362717534,0.9056964744849043
3,hsa-mir-4504,-1.7005894561455497,-1.6957287993601933,-0.00486065678535641,0.7525213522217472,0.9337244470797366
3,hsa-mir-7853,-1.7005894561455497,-1.6956234797271101,-0.004965976418439544,0.7525213522217472,0.9337244470797366
3,hsa-mir-7106,-1.4029569430688758,-1.3979853640679318,-0.004971579000943915,0.22862832751390688,0.487907237922975
3,hsa-mir-5195,-1.7005894561455497,-1.6955593272056162,-0.005030128939933487,0.6529552362717534,0.9056964744849043
3,hsa-mir-2355,1.2852280260629434,1.2904483152427526,-0.005220289179809212,0.503225255193162,0.8036933264644862
3,hsa-mir-148a,11.28055696396483,11.285799331303542,-0.005242367338711418,0.5633376854430695,0.8352186258201891
3,hsa-mir-548ah,-1.6954072117143393,-1.690157330408485,-0.005249881305854354,0.6847845400719782,0.9212421423562452
3,hsa-mir-1272,-1.6917879224960253,-1.6863465199811092,-0.005441402514916094,0.8060392054173038,0.9584002747339893
3,hsa-mir-4748,-1.3530250360012752,-1.347538281684451,-0.005486754316824216,0.4935914368773064,0.7988827770937434
3,hsa-mir-558,-1.7005894561455497,-1.6951026818933381,-0.005486774252211557,0.6529552362717534,0.9056964744849043
3,hsa-mir-936,-1.7005894561455497,-1.6950834644335033,-0.005505991712046354,0.8493856368309382,0.9775085629744719
3,hsa-mir-3202-2,-1.4298656150745568,-1.4243126898354233,-0.005552925239133533,0.8555421008928916,0.9775085629744719
3,hsa-mir-4438,-1.7005894561455497,-1.6950167290800606,-0.005572727065489058,0.6529552362717534,0.9056964744849043
3,hsa-mir-4532,-1.6626030692993763,-1.6570237803263939,-0.005579288972982432,0.2638217277485578,0.5451150930963578
3,hsa-mir-8077,-1.6411749055608127,-1.6354274181115844,-0.005747487449228261,0.8388159967909076,0.9743523062325447
3,hsa-mir-6515,-1.180046098356135,-1.1742208364694273,-0.005825261886707622,0.5545661419653201,0.834845181629622
3,hsa-mir-4729,-1.6895867871945776,-1.6837113507262742,-0.005875436468303352,0.7152622846876984,0.9337244470797366
3,hsa-mir-4310,-1.6724537164259472,-1.6665256401024844,-0.0059280763234628164,0.4589572219201606,0.7740251526437303
3,hsa-mir-7973-1,-1.7005894561455497,-1.6946084993942607,-0.005980956751288957,0.6557186391196512,0.9084556634339751
3,hsa-mir-711,-1.7005894561455497,-1.69458834085866,-0.0060011152868897355,0.7525213522217472,0.9337244470797366
3,hsa-mir-548n,-1.7005894561455497,-1.6945651244780828,-0.0060243316674668534,0.6529552362717534,0.9056964744849043
3,hsa-mir-874,6.864473402294644,6.870550172565682,-0.0060767702710382565,0.8380355587993564,0.9743523062325447
3,hsa-mir-4520-1,-1.6916138972470112,-1.685529516643997,-0.0060843806030141945,0.39714470655858575,0.7130220235889865
3,hsa-mir-4465,-1.6456276359695574,-1.6394940681430714,-0.006133567826485997,0.4586098190382531,0.7740251526437303
3,hsa-mir-3119-2,-1.7005894561455497,-1.694424451966505,-0.006165004179044642,0.7525213522217472,0.9337244470797366
3,hsa-mir-3606,-1.7005894561455497,-1.694340106402436,-0.006249349743113752,0.7525213522217472,0.9337244470797366
3,hsa-mir-4794,-1.6514211046884983,-1.645130642942532,-0.006290461745966258,0.16447764645488006,0.38759082850394694
3,hsa-mir-626,-1.7005894561455497,-1.6942979592714558,-0.006291496874093916,0.7525213522217472,0.9337244470797366
3,hsa-mir-6802,1.842609299756324,1.848925003509249,-0.006315703752925117,0.7639471993845559,0.941458138566433
3,hsa-mir-4681,-1.6970622395018011,-1.6907415117362725,-0.006320727765528611,0.6769261505666024,0.9174672414282361
3,hsa-mir-6070,-1.7005894561455497,-1.694138226113178,-0.00645123003237158,0.7525213522217472,0.9337244470797366
3,hsa-mir-548ar,-1.6799931873390077,-1.6735191283484772,-0.006474058990530551,0.8290395211805092,0.9729983692926126
3,hsa-mir-4259,-1.7005894561455497,-1.694018079777408,-0.006571376368141646,0.6529552362717534,0.9056964744849043
3,hsa-mir-4643,-1.7005894561455497,-1.6940021470277136,-0.006587309117836115,0.5606069860862848,0.834845181629622
3,hsa-mir-4672,-1.6217137022291808,-1.6149355255004625,-0.006778176728718277,0.7685142442524822,0.9428137253801387
3,hsa-mir-4268,-1.7005894561455497,-1.6936909536024787,-0.006898502543071006,0.7525213522217472,0.9337244470797366
3,hsa-mir-9500,-1.7005894561455497,-1.6934927988120492,-0.007096657333500511,0.7525213522217472,0.9337244470797366
3,hsa-mir-3910-2,-1.6961661504135959,-1.688982344717546,-0.0071838056960498164,0.513890423463051,0.8089496070659532
3,hsa-mir-4704,-1.7005894561455497,-1.693401049249383,-0.0071884068961667325,0.744199242374367,0.9337244470797366
3,hsa-mir-6071,-1.7005894561455497,-1.6933479298770706,-0.0072415262684790704,0.8493856368309382,0.9775085629744719
3,hsa-mir-5692a-1,-1.7005894561455497,-1.6931749179278743,-0.007414538217675348,0.7525213522217472,0.9337244470797366
3,hsa-mir-526a-2,-1.6883000122029486,-1.6808285439020003,-0.0074714683009482474,0.7211475477780602,0.9337244470797366
3,hsa-mir-4768,-1.3980222828129933,-1.3905455348775897,-0.007476747935403649,0.7648643601784593,0.941743016478608
3,hsa-mir-875,-1.7005894561455497,-1.693103827579988,-0.007485628565561786,0.744199242374367,0.9337244470797366
3,hsa-mir-6719,-1.6959482226270226,-1.6883824868195,-0.007565735807522511,0.7750249621813738,0.9428137253801387
3,hsa-mir-4470,-1.4212141142191028,-1.4136410867568745,-0.007573027462228321,0.5279728782638936,0.8208405555627714
3,hsa-mir-571,-1.7005894561455497,-1.6929851244062075,-0.007604331739342163,0.6529552362717534,0.9056964744849043
3,hsa-mir-30e,12.164171851259503,12.17180889415209,-0.0076370428925862655,0.9924495067235393,0.9983646669576465
3,hsa-mir-4312,-1.6973050673508208,-1.6895185871015117,-0.007786480249309058,0.8793533800922227,0.9775085629744719
3,hsa-mir-5192,-1.666116745771305,-1.6582903937678664,-0.00782635200343873,0.9136430326294194,0.9910412847964608
3,hsa-mir-8059,-1.7005894561455497,-1.6927614678769272,-0.007827988268622521,0.744199242374367,0.9337244470797366
3,hsa-mir-4796,-1.6611313788239297,-1.6532750912548702,-0.007856287569059539,0.8457109457986741,0.9775085629744719
3,hsa-mir-3115,-1.6214910215611857,-1.6136305586472852,-0.007860462913900523,0.5059146452487984,0.8036933264644862
3,hsa-mir-2117,-1.6478513424294714,-1.6398452484849617,-0.008006093944509685,0.44936346616225037,0.7684985136767728
3,hsa-mir-5692a-2,-1.7005894561455497,-1.6924104493266428,-0.008179006818906931,0.6529552362717534,0.9056964744849043
3,hsa-mir-3164,-1.680611040107016,-1.6724311563795473,-0.008179883727468695,0.38026133820078273,0.6956840716779102
3,hsa-mir-190a,-0.5549482080067671,-0.5465423242515898,-0.008405883755177368,0.8149701101823942,0.9663115908003619
3,hsa-mir-6864,-1.6882715834814301,-1.6797592184135188,-0.00851236506791131,0.4597062667055903,0.7744511620526142
3,hsa-mir-4711,-1.7005894561455497,-1.6920556054527982,-0.008533850692751477,0.744199242374367,0.9337244470797366
3,hsa-mir-4802,-1.6688367520800116,-1.6602606094150927,-0.008576142664918907,0.5523417842249685,0.834845181629622
3,hsa-mir-4480,-1.7005894561455497,-1.6917591059249744,-0.008830350220575323,0.4829811447658159,0.7947790989817224
3,hsa-mir-3156-2,-1.6935747640718843,-1.6847330110862462,-0.008841752985638163,0.6881695650738737,0.9216776357240244
3,hsa-mir-1245b,-1.6901195898947028,-1.6812760892430079,-0.008843500651694924,0.5358272414851,0.8284345854477264
3,hsa-mir-3646,-1.68261853369488,-1.6737468005935174,-0.008871733101362578,0.45705866420806407,0.7740251526437303
3,hsa-mir-6817,-1.4751351453418358,-1.466148436197467,-0.00898670914436872,0.9007949457596212,0.9834027223955107
3,hsa-mir-548f-4,-1.7005894561455497,-1.6915217640106166,-0.00906769213493308,0.6529552362717534,0.9056964744849043
3,hsa-mir-1203,-1.7005894561455497,-1.6914740997050783,-0.009115356440471345,0.4829811447658159,0.7947790989817224
3,hsa-mir-5705,-1.7005894561455497,-1.691463168955562,-0.009126287189987758,0.6529552362717534,0.9056964744849043
3,hsa-mir-6856,-1.4629481642420654,-1.4536936043864672,-0.009254559855598199,0.6700509027506574,0.9161210607543226
3,hsa-mir-4508,-1.7005894561455497,-1.6911877114536864,-0.009401744691863279,0.6529552362717534,0.9056964744849043
3,hsa-mir-4699,-1.6427248131763543,-1.6329786403761675,-0.009746172800186859,0.22198016236198026,0.4809570184509572
3,hsa-mir-4513,-1.6811640442679965,-1.6713403981665007,-0.009823646101495775,0.49665939090153927,0.8028897925454935
3,hsa-mir-4770,-1.7005894561455497,-1.690534154227238,-0.01005530191831161,0.5606069860862848,0.834845181629622
3,hsa-mir-3659,-1.6911873916905185,-1.6811308547328327,-0.010056536957685713,0.4408357805334512,0.7575779212048842
3,hsa-mir-5693,-1.6935810179726476,-1.6834801403188584,-0.010100877653789198,0.5853549977555452,0.8584787302750636
3,hsa-mir-644a,-1.7005894561455497,-1.690402056176983,-0.010187399968566657,0.6529552362717534,0.9056964744849043
3,hsa-mir-7-1,3.341919647642055,3.352209990595829,-0.010290342953774179,0.7757630482983672,0.9428137253801387
3,hsa-mir-5572,-1.692919332387998,-1.6825812403296294,-0.010338092058368664,0.4890669196143653,0.7973394310672297
3,hsa-mir-4512,-1.2680603369506285,-1.2576240502378726,-0.010436286712755871,0.14890954278443888,0.36467643130882993
3,hsa-mir-5694,-1.7005894561455497,-1.6901014621798276,-0.010487993965722087,0.5606069860862848,0.834845181629622
3,hsa-mir-5011,-1.7005894561455497,-1.6900318119764883,-0.010557644169061353,0.6529552362717534,0.9056964744849043
3,hsa-mir-4723,-0.9636150306638961,-0.9530333614558069,-0.010581669208089228,0.2976878952736344,0.5961400726917453
3,hsa-mir-4670,-1.6733321265686036,-1.6626820690287778,-0.010650057539825841,0.6172643627342465,0.8924304039531274
3,hsa-mir-640,-1.7005894561455497,-1.689932871533725,-0.010656584611824726,0.5606069860862848,0.834845181629622
3,hsa-mir-6806,1.3040960050358716,1.3147691433972197,-0.010673138361348089,0.9020828818897282,0.9834027223955107
3,hsa-mir-4653,-1.5810668608710154,-1.570341769444867,-0.010725091426148525,0.8818615391792046,0.9775085629744719
3,hsa-mir-4436b-2,-1.6283090477571485,-1.6175198600875045,-0.010789187669643985,0.3641171296435163,0.677831410792226
3,hsa-mir-6835,-1.612322904149667,-1.6014400548696888,-0.01088284927997818,0.24092539183802014,0.5078967719828532
3,hsa-mir-4662b,-1.7005894561455497,-1.6896308008747105,-0.010958655270839168,0.5606069860862848,0.834845181629622
3,hsa-mir-302c,-1.7005894561455497,-1.689565263518468,-0.011024192627081764,0.5606069860862848,0.834845181629622
3,hsa-mir-3185,-1.7005894561455497,-1.6895047332904922,-0.01108472285505746,0.5533657645853536,0.834845181629622
3,hsa-mir-548ab,-1.7005894561455497,-1.6894288228456549,-0.011160633299894807,0.4763160718834076,0.7878620875116016
3,hsa-mir-5685,-1.7005894561455497,-1.689416481546336,-0.011172974599213736,0.6529552362717534,0.9056964744849043
3,hsa-mir-6768,-1.6854442896833153,-1.6740408125413806,-0.011403477141934681,0.2563923745453831,0.5332961390543969
3,hsa-mir-4279,-1.7005894561455497,-1.6891826189963244,-0.011406837149225302,0.40550409093950457,0.722130572905967
3,hsa-mir-4537,-1.6920679699169905,-1.6806481223413599,-0.011419847575630637,0.4297149195924638,0.7458437809698226
3,hsa-mir-550b-2,-1.6959487250502852,-1.68431522310979,-0.011633501940495172,0.513890423463051,0.8089496070659532
3,hsa-mir-4322,-1.6491266590758347,-1.6374805267989303,-0.011646132276904364,0.5057990084956322,0.8036933264644862
3,hsa-mir-7152,-0.5951999035747602,-0.5835052627410864,-0.011694640833673775,0.9407257928377035,0.9983212495420528
3,hsa-mir-422a,-1.6952034805380094,-1.6833699088776226,-0.011833571660386788,0.5919054368098722,0.8630002233819972
3,hsa-mir-6748,0.19142307254980254,0.20334141448047982,-0.011918341930677284,0.9340588375784372,0.9964791563120673
3,hsa-mir-940,3.9289726395007225,3.941158140446506,-0.012185500945783634,0.9854029761392676,0.9983646669576465
3,hsa-mir-7856,-1.7005894561455497,-1.6882053944233282,-0.012384061722221507,0.5606069860862848,0.834845181629622
3,hsa-mir-6823,-1.437662850700329,-1.425198621249862,-0.012464229450467101,0.5516093489690744,0.834845181629622
3,hsa-mir-3618,-1.5340929484086683,-1.521620411395971,-0.012472537012697238,0.25353325796154036,0.5287592010962606
3,hsa-mir-3943,-1.3760490093868871,-1.3635487667828055,-0.012500242604081668,0.381300194227949,0.69652026111897
3,hsa-mir-3184,-1.6820391175030593,-1.6694557334329638,-0.012583384070095516,0.502557143846676,0.8036933264644862
3,hsa-mir-7975,-1.7005894561455497,-1.6878170764930325,-0.012772379652517207,0.6529552362717534,0.9056964744849043
3,hsa-mir-629,5.7474908513657175,5.76030687268892,-0.012816021323202698,0.937143441194947,0.9965533525999435
3,hsa-mir-764,-1.6831895801357664,-1.6703632125759027,-0.01282636755986366,0.7144296418513382,0.9337244470797366
3,hsa-mir-1273c,-1.6862323207051384,-1.6733187388709259,-0.01291358183421254,0.5282845626827067,0.8208405555627714
3,hsa-mir-4705,-1.7005894561455497,-1.6874211983786256,-0.013168257766924096,0.5606069860862848,0.834845181629622
3,hsa-mir-6073,-1.6617256248257686,-1.6485343301422883,-0.013191294683480237,0.6836798393044912,0.9212421423562452
3,hsa-mir-548x,-1.6947960127039567,-1.6815498795555959,-0.013246133148360872,0.6831212719444236,0.9212421423562452
3,hsa-mir-5687,-1.6859675856975183,-1.6725317861492754,-0.01343579954824281,0.3916264872004325,0.7062859191129188
3,hsa-mir-4521,0.7464530463849413,0.75989889435847,-0.013445847973528768,0.3753348722176667,0.6904745290796699
3,hsa-mir-1537,-1.7005894561455497,-1.6871256491537308,-0.013463806991818927,0.6529552362717534,0.9056964744849043
3,hsa-mir-518d,-1.7005894561455497,-1.6870339893577695,-0.01355546678778019,0.6373391830800665,0.9056964744849043
3,hsa-mir-1469,-1.7005894561455497,-1.6869975099969443,-0.013591946148605372,0.5606069860862848,0.834845181629622
3,hsa-mir-4429,-1.6255963927080446,-1.6119497426520646,-0.01364665005597998,0.4901555247220196,0.7973394310672297
3,hsa-mir-3910-1,-1.696943739331792,-1.6831447927098784,-0.013798946621913721,0.5050500693763824,0.8036933264644862
3,hsa-mir-4771-2,-1.6786986421444252,-1.6647408714081229,-0.013957770736302333,0.5889507298179988,0.8602651109701106
3,hsa-mir-7703,-1.201348504963608,-1.1870732447170869,-0.014275260246521038,0.5111482212130669,0.8073798556480878
3,hsa-mir-3689b,-1.7005894561455497,-1.6862307750946488,-0.014358681050900879,0.5606069860862848,0.834845181629622
3,hsa-mir-5585,-1.6410729957104766,-1.6266845975262354,-0.014388398184241202,0.15863876982619365,0.37968975009129835
3,hsa-mir-1289-2,-1.6940392821838675,-1.6794333213792687,-0.01460596080459875,0.42789236547355486,0.74499117202985
3,hsa-mir-6836,-1.1799689762880317,-1.1652779810890943,-0.014690995198937351,0.657610662183945,0.9102685297311041
3,hsa-mir-4539,-1.6781579625664307,-1.6634370709177424,-0.014720891648688283,0.6700648469491368,0.9161210607543226
3,hsa-mir-4782,-1.6859517079130029,-1.6712238168579148,-0.014727891055088094,0.5637400174607061,0.8352186258201891
3,hsa-mir-3148,-1.6884267193447167,-1.6736689847191224,-0.014757734625594265,0.45639810446154394,0.7738924380000093
3,hsa-mir-4657,-0.8397269536382962,-0.8246429231449919,-0.015084030493304312,0.7769868495213785,0.9428137253801387
3,hsa-mir-892c,-1.6968330954016226,-1.6816818448637678,-0.015151250537854821,0.7750249621813738,0.9428137253801387
3,hsa-mir-4775,-1.697121099696674,-1.6819661529187353,-0.015154946777938605,0.6744430726044119,0.9173729943526664
3,hsa-mir-545,-0.9315134534981466,-0.9163406805592551,-0.015172772938891521,0.45766419956050713,0.7740251526437303
3,hsa-mir-3689a,-1.6958080139839402,-1.680511898668353,-0.015296115315587278,0.5064767172952516,0.8037677303973474
3,hsa-mir-3183,-1.369110870162119,-1.3537558425455531,-0.01535502761656593,0.5755864074400185,0.8470894298173858
3,hsa-mir-6734,0.10919456982311551,0.12478896816743192,-0.015594398344316404,0.9659713070044529,0.9983646669576465
3,hsa-mir-4321,-1.7005894561455497,-1.684955756979345,-0.015633699166204718,0.5606069860862848,0.834845181629622
3,hsa-mir-4673,-1.583778086253286,-1.5679940460211719,-0.015784040232114105,0.19504441384761284,0.4377975332406849
3,hsa-mir-609,-1.695846723569005,-1.6799953417672264,-0.015851381801778475,0.5050500693763824,0.8036933264644862
3,hsa-mir-4712,-1.6687780371592924,-1.6528632865726618,-0.01591475058663061,0.4848513881205106,0.7953398164752855
3,hsa-mir-3151,-1.4092716949989044,-1.393292793875084,-0.015978901123820277,0.45152459765230385,0.7689720222026135
3,hsa-mir-3133,-1.6748352287723425,-1.6586851551309292,-0.0161500736414133,0.7167936351143201,0.9337244470797366
3,hsa-mir-3927,-1.7005894561455497,-1.684436613936567,-0.01615284220898272,0.4763160718834076,0.7878620875116016
3,hsa-mir-4476,-1.6862825175198608,-1.6699268947144044,-0.016355622805456438,0.5351030880966496,0.8281357315781482
3,hsa-mir-4755,-0.3416010381593792,-0.3249657221245463,-0.016635316034832925,0.9972084080911258,0.9983646669576465
3,hsa-mir-4646,0.22295338370380355,0.2396891718059795,-0.016735788102175964,0.8972007677084386,0.9824978499702133
3,hsa-mir-3689f,-1.6840950913520993,-1.6672877002883253,-0.016807391063774046,0.6445409752893465,0.9056964744849043
3,hsa-mir-4777,-1.6594561026698265,-1.6426297666346856,-0.016826336035140832,0.5644270389867583,0.8353948584623746
3,hsa-mir-3689e,-1.7005894561455497,-1.6835521364431874,-0.01703731970236233,0.4763160718834076,0.7878620875116016
3,hsa-mir-555,-1.5437944101562686,-1.526746838486126,-0.01704757167014259,0.3134547862773349,0.6174109426674779
3,hsa-mir-642b,-1.5846563518926102,-1.567435265092064,-0.017221086800546237,0.31307301772397383,0.6174109426674779
3,hsa-mir-4457,-1.7005894561455497,-1.6833351619033707,-0.017254294242178947,0.3369438649254462,0.6386785288987802
3,hsa-mir-3591,-1.7005894561455497,-1.6833109225977554,-0.017278533547794295,0.4763160718834076,0.7878620875116016
3,hsa-mir-6501,0.46828078823469277,0.48559289628867813,-0.017312108053985364,0.9358260964859846,0.9964791563120673
3,hsa-mir-1256,-1.6595759539330208,-1.6422151273839591,-0.01736082654906168,0.2689544382699599,0.5520643732909704
3,hsa-mir-3663,-1.6581712193249096,-1.6407796668328334,-0.017391552492076245,0.42999540893258803,0.7458437809698226
3,hsa-mir-6876,-1.659079715218197,-1.641483446962746,-0.01759626825545113,0.37116344541005797,0.6868505039616731
3,hsa-mir-5089,-1.6780851833566415,-1.6604821107790395,-0.017603072577601964,0.50328758185381,0.8036933264644862
3,hsa-mir-4640,1.4437749818660046,1.461447369299427,-0.017672387433422365,0.9901843500299317,0.9983646669576465
3,hsa-mir-4315-1,-1.6958776196342538,-1.6780236332225384,-0.017853986411715317,0.49904931476134107,0.8036933264644862
3,hsa-mir-5681a,-1.7005894561455497,-1.6823514328781368,-0.018238023267412862,0.4763160718834076,0.7878620875116016
3,hsa-mir-2278,-1.3904875466725652,-1.3722449485022197,-0.01824259817034557,0.35533036758358616,0.6654957410256587
3,hsa-mir-3149,-1.6720931833536583,-1.653777073782403,-0.0183161095712554,0.3887791445695833,0.7027757422115295
3,hsa-mir-7976,-1.3237073718676824,-1.3051241975133612,-0.01858317435432122,0.4525164713887799,0.7698208237366375
3,hsa-mir-7855,-1.691268726272984,-1.6724059442712325,-0.01886278200175151,0.5004668551780487,0.8036933264644862
3,hsa-mir-3160-2,-1.6738922259061606,-1.6550001638349703,-0.01889206207119032,0.5603123679155919,0.834845181629622
3,hsa-mir-938,-1.650359366217523,-1.6313676720344588,-0.018991694183064345,0.2654210728236417,0.5455923175291143
3,hsa-mir-3529,-1.6930020231942828,-1.6737273389981286,-0.01927468419615419,0.4236355018964659,0.7400575397071522
3,hsa-mir-4444-1,-1.2910669773010492,-1.2716527782463831,-0.019414199054666126,0.7408662497887641,0.9337244470797366
3,hsa-mir-3941,-1.3436352154143043,-1.3239930454398712,-0.019642169974433132,0.47675757090445636,0.7878620875116016
3,hsa-mir-4731,-1.5527223904857006,-1.532798701645323,-0.01992368884037754,0.2651279372634864,0.5455923175291143
3,hsa-mir-2861,-1.6837435163538625,-1.6636578501146864,-0.02008566623917618,0.5469036973924153,0.834845181629622
3,hsa-mir-6873,-1.1771632620645212,-1.1570474210998665,-0.020115840964654685,0.6083505998545158,0.8844612635349903
3,hsa-mir-4473,-0.669431824324873,-0.6492324746380048,-0.020199349686868207,0.6427906651747896,0.9056964744849043
3,hsa-mir-548a-3,-1.683329789589982,-1.6631250938884508,-0.02020469570153116,0.374023096093446,0.689687978612028
3,hsa-mir-6865,-1.4010112486071855,-1.3804756637948103,-0.020535584812375163,0.41402158301049524,0.7306263229596974
3,hsa-mir-6812,0.04423870614352082,0.06488474503325521,-0.02064603888973439,0.9590959331316844,0.9983646669576465
3,hsa-mir-3147,-1.684556510604641,-1.663839545191836,-0.02071696541280499,0.38293384365972555,0.6970557714226042
3,hsa-mir-124-3,-1.6359720027602915,-1.6152530093181423,-0.020718993442149225,0.5223134259938246,0.8151465791860422
3,hsa-mir-3654,-1.2707629063730517,-1.2500400902579747,-0.02072281611507698,0.46500871306502684,0.7808542436829299
3,hsa-mir-1343,3.004205173602563,3.0249597534476322,-0.020754579845069454,0.9231032475475474,0.9945034987390704
3,hsa-mir-6512,-1.697573610123996,-1.6767416470134549,-0.02083196311054114,0.4197963310702847,0.7366504797183848
3,hsa-mir-6866,-1.6613985207891595,-1.640443766971767,-0.020954753817392424,0.1927704430085378,0.43439924092937665
3,hsa-mir-4737,-1.6781217370407167,-1.6571434327756083,-0.020978304265108383,0.24211991753985213,0.5092038294952921
3,hsa-mir-4434,-1.7005894561455497,-1.6795884059120325,-0.02100105023351717,0.40054940089790897,0.7149394340969543
3,hsa-mir-1264,-1.7005894561455497,-1.6793576166795086,-0.021231839466041125,0.40054940089790897,0.7149394340969543
3,hsa-mir-499b,-1.680580078907736,-1.6593453626652623,-0.02123471624247375,0.3901425487848472,0.7044240464170852
3,hsa-mir-6878,-1.5434671323510998,-1.5222031696519347,-0.021263962699165084,0.368838117585136,0.6833580325805371
3,hsa-mir-4789,-1.7005894561455497,-1.6792748909583224,-0.021314565187227297,0.5606069860862848,0.834845181629622
3,hsa-mir-5584,-1.6803467867416366,-1.6590069661928026,-0.021339820548833988,0.5026097124763758,0.8036933264644862
3,hsa-mir-4771-1,-1.6801403224048237,-1.6587849576672686,-0.02135536473755506,0.4302944890210515,0.7458437809698226
3,hsa-mir-2681,-1.6523448526075653,-1.630987952481655,-0.021356900125910183,0.5126927992796502,0.8086964275796302
3,hsa-mir-647,-1.6462304178714409,-1.6247857677684958,-0.02144465010294505,0.5682728155995505,0.8377359392566219
3,hsa-mir-3180-5,-1.6725252178122807,-1.6505181768067885,-0.022007041005492223,0.3668411382586688,0.6820884096347121
3,hsa-mir-6506,-1.611715086106971,-1.58959559626784,-0.022119489839130813,0.5100032421425529,0.8073798556480878
3,hsa-mir-3685,-1.6401476315604606,-1.6179279473462367,-0.022219684214223934,0.16639733760229974,0.390933504005403
3,hsa-mir-548au,-1.6746249974236358,-1.6521797752544165,-0.022445222169219292,0.425712584802849,0.7420241701591558
3,hsa-mir-3186,-1.6397021205088527,-1.617193150249912,-0.02250897025894072,0.31234792077125084,0.6174109426674779
3,hsa-mir-548aq,-1.7005894561455497,-1.6778892099672869,-0.02270024617826283,0.40054940089790897,0.7149394340969543
3,hsa-mir-6132,-0.7780303271815296,-0.7550548549740393,-0.0229754722074903,0.991601048416193,0.9983646669576465
3,hsa-mir-548d-1,-1.5955877663804638,-1.5725472736414536,-0.02304049273901021,0.28322704636816837,0.575304937935342
3,hsa-mir-3116-1,-1.6295784472505652,-1.6061983608970345,-0.023380086353530727,0.5225298584525911,0.8151465791860422
3,hsa-mir-548ag-1,-1.6967218645988418,-1.6733036959431067,-0.023418168655735094,0.4902758496282841,0.7973394310672297
3,hsa-mir-1285-1,-1.7005894561455497,-1.6766395555904303,-0.023949900555119363,0.3334358612904325,0.6354666092792283
3,hsa-mir-448,-1.6842101833955365,-1.660219942386699,-0.02399024100883751,0.4997578181847204,0.8036933264644862
3,hsa-mir-581,-1.6234711630920013,-1.5994127203264275,-0.024058442765573895,0.5613798689291496,0.834845181629622
3,hsa-mir-548k,-1.609185748322468,-1.5846047901558447,-0.024580958166623423,0.20428709604890782,0.4541045581942166
3,hsa-mir-6848,-1.6248349280856118,-1.6000761612623362,-0.024758766823275602,0.41545691744241614,0.7317665118096734
3,hsa-mir-888,-1.6827454841833032,-1.6579428988085216,-0.024802585374781527,0.5566567700665221,0.834845181629622
3,hsa-mir-1265,-1.7005894561455497,-1.6756317293030898,-0.024957726842459893,0.5533657645853536,0.834845181629622
3,hsa-mir-210,8.501109561881755,8.526148209614755,-0.02503864773300002,0.7702102074376599,0.9428137253801387
3,hsa-mir-3121,-1.6904622468709034,-1.665352131944869,-0.025110114926034433,0.3166723827421182,0.6190587933304565
3,hsa-mir-4659a,-1.599237504485177,-1.5740098609144257,-0.025227643570751246,0.3280358560855026,0.6297752570268487
3,hsa-mir-3611,-1.7005894561455497,-1.6753129342712594,-0.025276521874290303,0.4763160718834076,0.7878620875116016
3,hsa-mir-876,-1.6764829758882769,-1.6510779214729665,-0.02540505441531038,0.41139990803449455,0.7276660147632589
3,hsa-mir-502,4.208935829335992,4.234419262375739,-0.02548343303974665,0.438500822626396,0.7550345290255824
3,hsa-mir-596,-1.6874830257267104,-1.6619674873773427,-0.025515538349367706,0.1699054497769566,0.3956007487344064
3,hsa-mir-137,-1.659854847713519,-1.6341736598972911,-0.02568118781622797,0.5867667015832272,0.8584787302750636
3,hsa-mir-4774,-1.6973050673508208,-1.671379163884818,-0.025925903466002653,0.346327131596832,0.6517132995067043
3,hsa-mir-548az,-1.4407205089144444,-1.4144348439274532,-0.026285664986991142,0.8016597406307756,0.9539200575011517
3,hsa-mir-4686,-1.691930413341814,-1.665641441876101,-0.026288971465713074,0.38378092418461335,0.6977834985174788
3,hsa-mir-3171,-1.7005894561455497,-1.6742381179664236,-0.02635133817912605,0.40054940089790897,0.7149394340969543
3,hsa-mir-5582,-1.6858418582702448,-1.659342876246456,-0.026498982023788864,0.33994130763643027,0.643177685870748
3,hsa-mir-100,11.11716550812046,11.143676417874074,-0.026510909753614698,0.8702040364907733,0.9775085629744719
3,hsa-mir-6863,-1.7005894561455497,-1.6739486452327474,-0.026640810912802237,0.2748157997209598,0.5611422088543159
3,hsa-mir-4517,-1.6687311348206515,-1.6419683315463374,-0.02676280327431413,0.2837495699143268,0.5756168128301039
3,hsa-mir-6745,-1.6440368602215063,-1.6169477099316936,-0.027089150289812736,0.20554480774583336,0.4541045581942166
3,hsa-mir-6886,-1.1676184349149228,-1.1400040452367364,-0.027614389678186413,0.8409495713617434,0.9753764545162228
3,hsa-mir-1286,-1.6733497101257175,-1.6456695359813847,-0.02768017414433288,0.42115848305899917,0.7382103748000435
3,hsa-mir-3960,-1.6958426254959753,-1.6681162493937254,-0.027726376102249928,0.24516568196084598,0.5133670655824426
3,hsa-mir-548ay,-1.641927787749356,-1.6139200003799425,-0.02800778736941356,0.20562884163749323,0.4541045581942166
3,hsa-mir-3681,-1.6749541172239537,-1.6468955514585804,-0.028058565765373356,0.31191602424479614,0.6174109426674779
3,hsa-mir-891b,-1.6837816459037538,-1.6556552559026012,-0.02812639000115258,0.41139990803449455,0.7276660147632589
3,hsa-mir-657,-1.6649862221406329,-1.63658492083922,-0.02840130130141283,0.36154029084243133,0.6745946568436928
3,hsa-mir-6869,-1.3885745456921623,-1.359976972484667,-0.02859757320749523,0.6100851049445588,0.8854175599682249
3,hsa-mir-4733,-0.9195099648129128,-0.890853162114567,-0.028656802698345807,0.7405787210334627,0.9337244470797366
3,hsa-mir-661,-1.6752148132067681,-1.6458856983205876,-0.029329114886180507,0.49055796109037814,0.7973394310672297
3,hsa-mir-6760,-1.6649854789924934,-1.6355786746257366,-0.0294068043667568,0.23900189948645806,0.5052072672071471
3,hsa-mir-5684,-1.5233173379053502,-1.493840366062081,-0.02947697184326925,0.3461363692652147,0.6517132995067043
3,hsa-mir-4680,-1.6330041332849432,-1.6034098355812758,-0.029594297703667394,0.24722814896401238,0.5169918396566479
3,hsa-mir-561,-1.6555756202688605,-1.6258678194039395,-0.029707800864920975,0.643461730300912,0.9056964744849043
3,hsa-mir-212,1.9580373057375375,1.987745760314704,-0.02970845457716642,0.867471502399877,0.9775085629744719
3,hsa-mir-4757,-0.9663805649011508,-0.9366528273688708,-0.029727737532279974,0.4422288877867023,0.7581066647772039
3,hsa-mir-4756,-1.7005894561455497,-1.67085734310143,-0.029732113044119712,0.2702605185203735,0.5540163060338801
3,hsa-mir-4286,-0.22491795539933554,-0.19509756575356052,-0.02982038964577502,0.9589142673787463,0.9983646669576465
3,hsa-mir-6857,-1.4963076714472736,-1.465936465408746,-0.03037120603852772,0.13334733675139496,0.3393504817816903
3,hsa-mir-4511,-1.6823199710378824,-1.6516829250510703,-0.03063704598681216,0.10021568186455512,0.2742744977345719
3,hsa-mir-1267,-1.7005894561455497,-1.6699115926809387,-0.030677863464610988,0.32820979741206924,0.6297752570268487
3,hsa-mir-1303,-1.6606204544067869,-1.6298861244291178,-0.030734329977669006,0.329021840161244,0.6304835641937323
3,hsa-mir-200c,16.224925791209653,16.255730539077362,-0.030804747867708926,0.19286596993882454,0.43439924092937665
3,hsa-mir-5697,-1.7005894561455497,-1.6695487521816699,-0.031040703963879812,0.17529096260920218,0.40451760602123576
3,hsa-mir-1305,-1.6958080139839402,-1.6646184103587376,-0.031189603625202622,0.35934906436153996,0.6721637175107942
3,hsa-mir-7107,-1.6966479793812372,-1.6653903359216229,-0.03125764345961435,0.48436900705914804,0.7953398164752855
3,hsa-mir-548s,-1.3423039342976926,-1.3108449817254977,-0.03145895257219489,0.310434464881774,0.6161294722844369
3,hsa-mir-3677,0.8366446353669726,0.8682153865381975,-0.031570751171224876,0.9632429727035858,0.9983646669576465
3,hsa-mir-4732,0.4548422891413039,0.48662310735175757,-0.03178081821045364,0.9939443090734231,0.9983646669576465
3,hsa-mir-526a-1,-1.6925167981476106,-1.660550059817723,-0.03196673832988761,0.2298777302987755,0.48990335965312815
3,hsa-mir-204,3.5102444314448014,3.5422988148540644,-0.03205438340926303,0.943166834495567,0.9983646669576465
3,hsa-mir-4450,-1.6276337900467874,-1.594710512390745,-0.032923277656042416,0.2870530935100323,0.5800554739321896
3,hsa-mir-6844,-1.7005894561455497,-1.667625075762727,-0.03296438038282279,0.40054940089790897,0.7149394340969543
3,hsa-mir-4761,-1.675228717711859,-1.6421925693476007,-0.03303614836425828,0.3732875881563279,0.689687978612028
3,hsa-mir-3926-2,-0.8422653571156286,-0.8091909951352821,-0.03307436198034641,0.7666188017396027,0.9423290100905368
3,hsa-mir-2113,-1.6683886705363036,-1.635189914219249,-0.0331987563170546,0.539238042269538,0.8320587002378628
3,hsa-mir-548ai,-1.6968330954016226,-1.6634402144773277,-0.03339288092429493,0.35109369027898335,0.6590928481771529
3,hsa-mir-1257,-1.6847608024656742,-1.6507573363861916,-0.03400346607948257,0.15828701060062253,0.37968975009129835
3,hsa-mir-4778,-1.6550977318837472,-1.6209617055603176,-0.0341360263234296,0.20580251451494305,0.4541045581942166
3,hsa-mir-670,-1.6902079261667176,-1.6560363432552399,-0.034171582911477705,0.2947541303057785,0.5917843542818719
3,hsa-mir-3146,-1.65033274205443,-1.6161191782164426,-0.03421356383798746,0.15777824780781938,0.3792512582129403
3,hsa-mir-4735,-1.6784830080855306,-1.6442435385239145,-0.034239469561616165,0.15247371744693475,0.3699206830749894
3,hsa-mir-4767,-1.2378148713631134,-1.2033618472903969,-0.034453024072716554,0.4513717785157327,0.7689720222026135
3,hsa-mir-361,9.744566701421562,9.779735591544549,-0.035168890122987406,0.5779094615162792,0.8497066540672907
3,hsa-mir-6789,-1.2225362452528583,-1.1870250266828162,-0.035511218570042136,0.20298846822729846,0.45302147415534416
3,hsa-mir-99a,9.03369353769069,9.070363256498293,-0.0366697188076035,0.9808736303220466,0.9983646669576465
3,hsa-mir-3157,-0.028505570145571164,0.008270067331272661,-0.03677563747684383,0.9795457894500541,0.9983646669576465
3,hsa-mir-4781,0.20050105881380959,0.23762473727200834,-0.03712367845819875,0.9004558697167129,0.9834027223955107
3,hsa-mir-7850,-1.466073996456406,-1.4288910870174454,-0.03718290943896063,0.3309919081631274,0.63277864795892
3,hsa-mir-548f-1,-1.6840447048667617,-1.6466106632237083,-0.03743404164305342,0.48240657929371283,0.7947790989817224
3,hsa-mir-6845,-0.34452544060693174,-0.30706589140161644,-0.0374595492053153,0.8266404805282522,0.9729983692926126
3,hsa-mir-5695,-1.6807680896827002,-1.643238441354403,-0.037529648328297194,0.1735081735377688,0.40150128663503715
3,hsa-mir-5587,-1.6252881072338141,-1.58750084558858,-0.03778726164523416,0.14334419715075777,0.3549475358018764
3,hsa-mir-363,3.3346830705311965,3.3724914117382756,-0.0378083412070791,0.9562284264228893,0.9983646669576465
3,hsa-mir-4769,-1.5105950246762017,-1.4718514820829616,-0.03874354259324009,0.09036050918984127,0.25490487221727376
3,hsa-mir-3174,-1.5544059319754693,-1.5155280463765564,-0.03887788559891292,0.09400158553642937,0.26280013160722193
3,hsa-mir-4484,-1.5741684604389818,-1.5349524280190487,-0.0392160324199331,0.6211489590689148,0.8947298025369409
3,hsa-mir-33a,1.7525888679778272,1.7920039409436035,-0.03941507296577629,0.9205958665241447,0.9925196787557878
3,hsa-mir-3159,-1.6205556196301925,-1.5809204871534475,-0.039635132476744994,0.09789069935986158,0.27008083876243766
3,hsa-mir-3155b,-1.693477053724739,-1.653660985775107,-0.039816067949631995,0.42339236343745584,0.7400575397071522
3,hsa-mir-6831,-1.5829981459695541,-1.5429444765175286,-0.04005366945202549,0.10205538561715365,0.2770545013289304
3,hsa-mir-573,-1.674292486303881,-1.633532653103583,-0.04075983320029808,0.30702371713322274,0.6101363041118821
3,hsa-mir-3137,-1.3941086999790326,-1.353339875107851,-0.04076882487118172,0.36770337182921276,0.6828776905399666
3,hsa-mir-21,12.337230389068658,12.378022140928596,-0.04079175185993833,0.3023075087586825,0.6030686875492899
3,hsa-mir-92b,10.952280992025678,10.993205222665397,-0.04092423063971928,0.9939595729226839,0.9983646669576465
3,hsa-mir-578,-1.6410818524404802,-1.6001544781872346,-0.04092737425324566,0.08074689260327632,0.23326880085390936
3,hsa-mir-3139,-1.691048123338537,-1.6498138631559542,-0.041234260182582805,0.13111519453943205,0.33531098931395736
3,hsa-mir-622,-1.5537324443026652,-1.5124691688873406,-0.041263275415324596,0.525674083181063,0.8192323374250333
3,hsa-mir-4721,-1.6576640420902353,-1.6162460250408088,-0.04141801704942649,0.17122875006265972,0.3974953126454601
3,hsa-mir-6867,-1.6457480561463913,-1.6041110998903334,-0.0416369562560579,0.3029956491868765,0.6036694926328574
3,hsa-mir-548d-2,-1.6419414506202088,-1.5999588573207826,-0.04198259329942622,0.1475311335218183,0.3624386902268292
3,hsa-mir-3163,-1.6539569697719978,-1.6118497499797872,-0.04210721979221055,0.1805982365916491,0.4124937761097695
3,hsa-mir-6837,1.1247370568255997,1.1671045203825992,-0.042367463556999496,0.7579307600527779,0.9381828441128772
3,hsa-mir-3074,4.634877284997936,4.677285338038948,-0.04240805304101247,0.6492039297777543,0.9056964744849043
3,hsa-mir-3692,-1.6423570502513658,-1.5992788649941192,-0.043078185257246604,0.17865215336407173,0.4098591399372434
3,hsa-mir-599,-1.5698617101204915,-1.526386948621604,-0.043474761498887515,0.5298191639390804,0.8224058664129008
3,hsa-mir-4479,-0.08959817499678267,-0.04591829281854319,-0.04367988217823948,0.9020254427128516,0.9834027223955107
3,hsa-mir-4524a,-1.3724060024146159,-1.3281042199493762,-0.044301782465239636,0.22635677622871417,0.48372133002300566
3,hsa-mir-145,10.131359307850605,10.176159718660012,-0.044800410809406443,0.4716233551289269,0.7878620875116016
3,hsa-mir-6727,-0.6187317101696326,-0.5736310225121849,-0.04510068765744768,0.4924813549721993,0.7988827770937434
3,hsa-mir-4684,-1.5706135282648315,-1.5254613760010858,-0.04515215226374569,0.18335731712792014,0.41635722666601954
3,hsa-mir-548aw,-1.5621490536732623,-1.5164611560955334,-0.04568789757772884,0.16413159901193025,0.38736050598882177
3,hsa-mir-4766,-1.6708138170230542,-1.6247323607048574,-0.04608145631819682,0.07466942710011834,0.2183334071554092
3,hsa-mir-4743,-1.2553125342050366,-1.2087387929256397,-0.04657374127939695,0.22394425194095086,0.48113765132576386
3,hsa-mir-3664,-1.583175875805446,-1.5365516862653747,-0.04662418954007119,0.11244583578723887,0.29681134319474217
3,hsa-mir-4436b-1,-1.639742415911634,-1.5930351646642418,-0.04670725124739228,0.11880646657861525,0.3083828417015637
3,hsa-mir-466,-1.6356063385793753,-1.5888618705909743,-0.04674446798840104,0.20057645141148434,0.44827974814028015
3,hsa-let-7g,7.743398075868381,7.790379147232076,-0.046981071363695115,0.5637637266635367,0.8352186258201891
3,hsa-mir-1254-1,2.1722724003201446,2.219431771213598,-0.047159370893453456,0.636321102321606,0.9056964744849043
3,hsa-mir-548e,-1.6653125173081735,-1.6170162581355902,-0.04829625917258329,0.300583409795187,0.6003970797445476
3,hsa-mir-544a,-1.6965449830758121,-1.6481207361819552,-0.04842424689385694,0.2809671927538049,0.5722047267570961
3,hsa-mir-3166,-1.659140821284157,-1.6107094181261639,-0.0484314031579931,0.19007688060122999,0.42973903440278083
3,hsa-mir-1225,-0.8279588071953605,-0.7793584570897195,-0.04860035010564101,0.49904520094711474,0.8036933264644862
3,hsa-mir-4656,-1.6788468820693496,-1.6301534039361059,-0.04869347813324376,0.13663763157287412,0.3433941364110296
3,hsa-mir-559,-1.7005894561455497,-1.6516711155023946,-0.048918340643155034,0.22429870130390206,0.48113765132576386
3,hsa-mir-6508,-1.4029702746089039,-1.3538359580333652,-0.049134316575538683,0.18102110324571816,0.41285514775339227
3,hsa-mir-6777,0.799797489897743,0.848989058781426,-0.049191568883683034,0.874608727230419,0.9775085629744719
3,hsa-mir-4639,-1.5982668741904775,-1.5490119671844595,-0.04925490700601798,0.0867368141590904,0.24781946902597257
3,hsa-mir-6838,-1.680405652593078,-1.63105038313204,-0.049355269461037965,0.05970817855686784,0.1848110288664957
3,hsa-mir-6889,-1.4175978072131659,-1.3679378846942396,-0.04965992251892626,0.06590048361148178,0.1984647768994432
3,hsa-mir-6819,-1.4194147697290904,-1.3695397077814837,-0.049875061947606714,0.1763817372435424,0.40643354519930003
3,hsa-mir-3938,-1.5652295275724113,-1.514812961794964,-0.05041656577744735,0.06874479195690826,0.20505138709899978
3,hsa-mir-6830,-1.641041545761654,-1.5905410265369442,-0.05050051922470988,0.13988851013832562,0.35084578105432146
3,hsa-mir-5699,-0.9672773838741473,-0.9166801571990685,-0.05059722667507882,0.45470474152727686,0.7718600617873252
3,hsa-mir-602,-1.645254432010505,-1.5935834972691993,-0.051670934741305574,0.07055157148359117,0.20895178759529576
3,hsa-mir-3150a,-0.5344183496516667,-0.4822440207026537,-0.05217432894901297,0.5280592626822657,0.8208405555627714
3,hsa-mir-34a,4.990605269983304,5.043404482510679,-0.052799212527375516,0.880645698017242,0.9775085629744719
3,hsa-mir-4751,-1.1973313308126612,-1.1441272289294047,-0.05320410188325653,0.32315461657620714,0.6239401995864969
3,hsa-mir-3180-4,-1.3525620696527592,-1.299201638310043,-0.053360431342716064,0.09314807420699847,0.26088150047202446
3,hsa-mir-3926-1,-1.4894002224057203,-1.435985659811396,-0.05341456259432431,0.13577894958348047,0.34237606278750865
3,hsa-mir-3619,0.20409962105898444,0.25782478317517454,-0.053725162116190106,0.7769640931625652,0.9428137253801387
3,hsa-mir-7977,-1.6647561002555171,-1.6110247452047102,-0.05373135505080695,0.16593638019747656,0.39043854164112135
3,hsa-mir-570,-1.616472776877497,-1.5625298132985692,-0.053942963578927694,0.7320285844121821,0.9337244470797366
3,hsa-mir-1293,-1.1342608123536606,-1.0801397662887506,-0.05412104606490997,0.5023440690806598,0.8036933264644862
3,hsa-mir-6767,-1.1627557757202034,-1.1084603607941774,-0.054295414926025964,0.258205527633819,0.5352034568580127
3,hsa-mir-3190,-0.6748597060937908,-0.6205251229609428,-0.054334583132848,0.5603479069056827,0.834845181629622
3,hsa-mir-577,-1.0316187962703436,-0.9768725551830844,-0.05474624108725923,0.9511115938899685,0.9983646669576465
3,hsa-mir-4306,-1.6469607194225904,-1.592121139245636,-0.05483958017695434,0.09641252779741712,0.2671466134351167
3,hsa-mir-216a,-1.4844023303606817,-1.4288168353715156,-0.055585494989166095,0.20363636712221925,0.45381818958666004
3,hsa-mir-1908,-0.38372746536510366,-0.3272724301014216,-0.05645503526368206,0.5209361404450834,0.8151465791860422
3,hsa-mir-5004,-1.4825716142056582,-1.4260301021660544,-0.05654151203960378,0.09453489946084907,0.26370699287520183
3,hsa-mir-3175,-1.4658704668651812,-1.4092900090392841,-0.056580457825897046,0.2583385916756946,0.5352034568580127
3,hsa-mir-4654,-0.8333815204699507,-0.7763552130740106,-0.05702630739594017,0.3347325131859151,0.6354666092792283
3,hsa-mir-3144,-1.2599206085104468,-1.202766929529412,-0.05715367898103474,0.25485462214476545,0.5308053545338239
3,hsa-mir-3929,-1.7005894561455497,-1.643396699745237,-0.05719275640031274,0.11523409865724345,0.30263500657457876
3,hsa-mir-4783,-1.5947327926850665,-1.537470875249689,-0.05726191743537745,0.1850697271092348,0.4196348463523347
3,hsa-mir-138-1,-1.431407768910147,-1.3736038523206469,-0.057803916589500126,0.8463286195473562,0.9775085629744719
3,hsa-mir-4727,-1.305138113516984,-1.2472194944205781,-0.05791861909640583,0.056700727220587874,0.17905492806501433
3,hsa-mir-7151,-1.5988010328983868,-1.5403491353066767,-0.0584518975917101,0.04404657126471046,0.14872868219252883
3,hsa-mir-6733,-1.4204975274512697,-1.3618700524824139,-0.058627474968855786,0.06942689140973644,0.20669074541829932
3,hsa-mir-549a,-1.2905691660439886,-1.2315083381268692,-0.05906082791711942,0.3158725335976002,0.6187866593650351
3,hsa-mir-4422,-1.6028698466609372,-1.5435441432709285,-0.059325703390008755,0.15991220398655498,0.3806824295787277
3,hsa-mir-3197,-0.7531822409298535,-0.6937492762096236,-0.059432964720229964,0.4936685878963902,0.7988827770937434
3,hsa-mir-362,4.003976512833062,4.063535532729457,-0.059559019896394894,0.7978431199346037,0.9515560146009034
3,hsa-mir-4652,1.8572649326499497,1.9170261016584043,-0.05976116900845452,0.6762555436666896,0.9173729943526664
3,hsa-mir-548y,-1.7005894561455497,-1.6405279267603985,-0.06006152938515119,0.38877628905249056,0.7027757422115295
3,hsa-mir-452,3.0445668227369924,3.104900836681474,-0.06033401394448168,0.9313735442642979,0.9964791563120673
3,hsa-mir-4636,-1.3696490685567448,-1.3088804015144697,-0.060768667042275126,0.08976123983762474,0.2541334558016236
3,hsa-mir-147b,-1.5973405882334228,-1.5364559704325622,-0.06088461780086063,0.40209146790022293,0.716871645627826
3,hsa-mir-580,-1.6966479793812372,-1.6353348149978737,-0.06131316438336354,0.12482695294814657,0.32133671055958524
3,hsa-mir-6854,-0.9343903292609111,-0.8728219504405637,-0.06156837882034749,0.11771622165063629,0.30708579561035554
3,hsa-mir-942,2.426278093170549,2.4880669377660314,-0.061788844595482395,0.5211255620279698,0.8151465791860422
3,hsa-mir-6829,-1.2599205675288156,-1.1980100352441578,-0.061910532284657815,0.44094920029104795,0.7575779212048842
3,hsa-mir-6875,1.8881842389987988,1.9501175811234797,-0.061933342124680824,0.3971898323710444,0.7130220235889865
3,hsa-mir-4763,0.01721996638686556,0.07944963602022903,-0.062229669633363474,0.8645758804192903,0.9775085629744719
3,hsa-mir-1289-1,-1.5013473607872936,-1.4389659249575424,-0.0623814358297512,0.015001931626615561,0.06224205674872413
3,hsa-mir-6810,1.899637870838352,1.9622225191820564,-0.06258464834370447,0.3127734230452483,0.6174109426674779
3,hsa-mir-298,-1.6777886484880034,-1.6149662354801915,-0.06282241300781188,0.05393796256464234,0.17313420082477787
3,hsa-mir-885,5.810467238745924,5.873699529074034,-0.06323229032810929,0.8881168620390971,0.9775085629744719
3,hsa-mir-6827,-0.7377703376724255,-0.6738395220649317,-0.06393081560749381,0.2621032122155238,0.5422825080321182
3,hsa-mir-181a-1,10.816547219578156,10.88056987104842,-0.06402265147026398,0.6451241087638062,0.9056964744849043
3,hsa-mir-5094,-1.6658552638650526,-1.6015848074422718,-0.06427045642278073,0.044442668786013995,0.14941931747021947
3,hsa-mir-5708,-1.2769717691632045,-1.2123031113329998,-0.0646686578302047,0.3619459793449813,0.6745946568436928
3,hsa-mir-15a,3.576409802335649,3.641281256695608,-0.06487145435995911,0.7416737253860295,0.9337244470797366
3,hsa-mir-519e,-1.7005894561455497,-1.6354122439604306,-0.06517721218511907,0.20891635079576268,0.45849510644751523
3,hsa-mir-4762,-1.6274337264552081,-1.5620111211009047,-0.06542260535430344,0.11382450846030914,0.29994296148324706
3,hsa-mir-3136,-1.5274100408068392,-1.4614473470053095,-0.06596269380152964,0.15953891489526797,0.380551540117153
3,hsa-mir-130b,5.862311586831783,5.9300281548191505,-0.06771656798736725,0.7366733588005475,0.9337244470797366
3,hsa-mir-5589,-1.695751529658935,-1.6271947804824078,-0.0685567491765271,0.2429702005589921,0.5101393174589874
3,hsa-mir-4799,-1.5766483283727273,-1.5072783416971087,-0.06936998667561856,0.0593775630115004,0.18473645253628146
3,hsa-mir-7158,-1.659563174333518,-1.589452989548724,-0.07011018478479403,0.2515745258603287,0.5253765198689596
3,hsa-mir-1912,-1.58091900365153,-1.510776838234239,-0.0701421654172909,0.05185909371564832,0.16784270995106096
3,hsa-mir-5696,-1.3889860740105895,-1.3185771281808556,-0.0704089458297339,0.07683604585796237,0.2232108594756449
3,hsa-mir-3923,-1.6964320295838626,-1.6259780636863874,-0.07045396589747521,0.0970903138638642,0.2685476766447308
3,hsa-mir-6739,-1.609237543560606,-1.5382047059984834,-0.07103283756212275,0.05109267321002818,0.16605118793259158
3,hsa-mir-548l,-1.6312686758004031,-1.5597017951138645,-0.0715668806865386,0.010938355626994557,0.047399541050309746
3,hsa-mir-4435-1,-1.445905086755851,-1.3736294416150958,-0.07227564514075513,0.1564585205888737,0.3772415643255687
3,hsa-mir-4482,-1.6292426603702432,-1.5565158818826177,-0.07272677848762554,0.02619358516157216,0.09637262465106738
3,hsa-mir-1277,-1.6523340366228438,-1.5793104906698952,-0.07302354595294869,0.3803964827828573,0.6956840716779102
3,hsa-mir-3912,-1.553812310270579,-1.480541346660022,-0.07327096361055707,0.5006850493350021,0.8036933264644862
3,hsa-mir-208a,-1.646835706883265,-1.5734668726208716,-0.07336883426239349,0.1450497499405194,0.35803419289115546
3,hsa-mir-3661,-1.3863416754867386,-1.3127272975641526,-0.07361437792258596,0.054378772532995,0.17378130079453052
3,hsa-mir-3684,-1.6485411239098613,-1.5735941654926766,-0.07494695841718468,0.05028420804813043,0.16413343949863107
3,hsa-mir-4669,-1.53452231289331,-1.459254820326545,-0.07526749256676513,0.17999241450244405,0.41171285428711546
3,hsa-mir-4708,-1.6810582065664441,-1.6049788585969593,-0.07607934796948479,0.07831648902947558,0.22684634084995808
3,hsa-mir-7114,-0.8051265494997976,-0.7288387186246906,-0.07628783087510693,0.28295261703791985,0.575304937935342
3,hsa-mir-4428,-1.6261635069571185,-1.548831291315048,-0.0773322156420706,0.04779819017324653,0.15797706921666227
3,hsa-mir-122,-1.6225547110799057,-1.5451386272924839,-0.07741608378742182,0.10169596444681876,0.2770545013289304
3,hsa-mir-4746,3.135044429131392,3.2132371497890593,-0.07819272065766736,0.5451662583367469,0.834845181629622
3,hsa-mir-4467,-1.5889025719488719,-1.5105888710796616,-0.0783137008692103,0.1329309196645368,0.33884352071352514
3,hsa-mir-373,-1.559973431217975,-1.4814505332937458,-0.07852289792422917,0.05944724305975212,0.18473645253628146
3,hsa-mir-215,-1.4494388751657434,-1.3694353214460864,-0.08000355371965706,0.08372345585092265,0.24097526038272943
3,hsa-mir-3925,-1.5569116018299691,-1.4766512461903005,-0.0802603556396686,0.0052052788109489745,0.02636439917233896
3,hsa-mir-4788,-0.21328460136420355,-0.13254844674922814,-0.08073615461497541,0.6235733402813614,0.8972150844459095
3,hsa-mir-2115,-1.4955899745825085,-1.4148123822763565,-0.080777592306152,0.1683087272077313,0.3930563090479952
3,hsa-mir-572,-1.1479820108218244,-1.0666049228197514,-0.081377088002073,0.16209919755966712,0.3840979227777768
3,hsa-mir-6499,0.5598055395484169,0.6424112264356421,-0.08260568688722514,0.5564615419208889,0.834845181629622
3,hsa-mir-1913,-1.2129031613245886,-1.1302335272283437,-0.08266963409624495,0.1508552286848571,0.36720770485826404
3,hsa-mir-125b-2,10.548666811345244,10.632065735395216,-0.08339892404997151,0.20612438969361194,0.45417238407067034
3,hsa-mir-6824,-1.2395878464262016,-1.1559929023096562,-0.08359494411654533,0.15897842565088025,0.3797953200847981
3,hsa-mir-181a-2,11.781503521601936,11.86548737916463,-0.08398385756269455,0.49007556443785655,0.7973394310672297
3,hsa-mir-186,6.957728637007599,7.044153418888019,-0.08642478188042002,0.1429438556655698,0.3549475358018764
3,hsa-mir-4750,-1.3577708227178908,-1.2713104706503027,-0.08646035206758818,0.08847352956606117,0.2518589527792982
3,hsa-mir-4716,-1.348742413917299,-1.2621689256712367,-0.08657348824606226,0.18800219914272823,0.4256653565495733
3,hsa-mir-652,6.818967251339824,6.905659651980274,-0.08669240064044992,0.195466235892467,0.43811397700035704
3,hsa-mir-4489,-1.3318821384781871,-1.2437157824247593,-0.08816635605342782,0.03489620910568474,0.12178542775138299
3,hsa-mir-618,-1.0309327742927068,-0.9421031898230503,-0.0888295844696565,0.31276929740639076,0.6174109426674779
3,hsa-mir-548b,-1.362611321523422,-1.2723332265151153,-0.09027809500830664,0.0731771846074239,0.21498381918565213
3,hsa-mir-29b-2,5.389056565876689,5.480098158881687,-0.09104159300499859,0.5502079896894629,0.834845181629622
3,hsa-mir-499a,-1.6515072271173754,-1.5597113795773327,-0.09179584754004266,0.08883746562015345,0.25243432853814096
3,hsa-mir-153-1,-1.673620535319816,-1.5812959239118867,-0.09232461140792925,0.1419247486366367,0.3542441725970452
3,hsa-mir-6731,-0.17440938766305564,-0.08178650346986001,-0.09262288419319563,0.5463469428053209,0.834845181629622
3,hsa-mir-1231,-1.6321838941692883,-1.5387319359916785,-0.09345195817760987,0.03223593265090037,0.11455137798497626
3,hsa-mir-330,5.30262147430639,5.396156367410386,-0.0935348931039961,0.35535766171434213,0.6654957410256587
3,hsa-mir-216b,-1.4967004278640235,-1.403053063666482,-0.0936473641975415,0.19297350895131923,0.43439924092937665
3,hsa-mir-1243,-1.6529143731450506,-1.5590602575771129,-0.09385411556793777,0.014661272604627207,0.06115397129202792
3,hsa-mir-6796,-1.1060372563972551,-1.011572541556872,-0.09446471484038321,0.23579795047224336,0.5011509574069477
3,hsa-mir-519b,-1.6949656946434752,-1.6004165641153933,-0.09454913052808189,0.044731476404930456,0.15006688858428283
3,hsa-mir-7156,0.06526574664945288,0.16002002182518282,-0.09475427517572994,0.6308905361195574,0.9054178807235598
3,hsa-mir-3126,-1.3200093249608067,-1.224744415992052,-0.09526490896875472,0.20547630211840573,0.4541045581942166
3,hsa-mir-1237,-0.30152429501108435,-0.2062025428682492,-0.09532175214283514,0.5526507750605121,0.834845181629622
3,hsa-mir-4725,0.07610432863583158,0.1740131543444743,-0.09790882570864273,0.38439689165284296,0.698089814875943
3,hsa-mir-4687,-0.5103506009599303,-0.41233281092080765,-0.0980177900391227,0.26512893646781466,0.5455923175291143
3,hsa-mir-935,5.493989533969913,5.592283454237808,-0.09829392026789563,0.511340575243789,0.8073798556480878
3,hsa-mir-3189,-1.4469690642741502,-1.3478656034130208,-0.09910346086112942,0.024537491280840037,0.09157532631126904
3,hsa-mir-611,-1.3463233111695894,-1.2456156739623239,-0.1007076372072655,0.06620659465039448,0.19861978395118346
3,hsa-mir-5586,-1.4909797600547983,-1.3901560295589996,-0.10082373049579862,0.10787152657623837,0.28814996825159567
3,hsa-mir-4444-2,-1.1215269242839405,-1.020580293179571,-0.10094663110436941,0.18140299907767415,0.4131221584834623
3,hsa-mir-1255a,-1.5520769577850075,-1.450861698752068,-0.1012152590329396,0.013628597680882912,0.05730623283605752
3,hsa-mir-552,-1.498420679104604,-1.397022466313885,-0.10139821279071892,0.04511561801040027,0.15103082424082492
3,hsa-mir-6723,-1.2444920937108088,-1.1428084615443803,-0.1016836321664285,0.11051141331101855,0.29269576360813065
3,hsa-mir-582,2.4091093222634754,2.511272573769867,-0.10216325150639172,0.8311370029106386,0.9729983692926126
3,hsa-mir-3660,-1.4496315611320447,-1.3473820948861983,-0.10224946624584641,0.1542815407495003,0.3737254713807771
3,hsa-mir-627,-1.512139018587012,-1.4097884629390516,-0.10235055564796047,0.07415498865189589,0.2174469592048075
3,hsa-mir-7-2,-1.4137502429025486,-1.3101187164009538,-0.1036315265015948,0.11917396924823558,0.3086750924947463
3,hsa-mir-1288,-0.26656950868450274,-0.1625184756858767,-0.10405103299862603,0.27340216279724977,0.5589873839629221
3,hsa-mir-130a,6.357662225015598,6.461857713720224,-0.1041954887046268,0.5097190277174922,0.8073798556480878
3,hsa-mir-125b-1,10.413355210168593,10.517951683407555,-0.1045964732389617,0.14020982859899972,0.3510872112591325
3,hsa-mir-548o,-1.3131356139811872,-1.2083623288589656,-0.10477328512222162,0.06611607732981818,0.19861978395118346
3,hsa-mir-25,13.876529074156153,13.981363095654634,-0.10483402149848153,0.0923359387099591,0.25907205825096435
3,hsa-mir-2110,4.645399489181769,4.750347771279358,-0.10494828209758911,0.034831515618801594,0.12178542775138299
3,hsa-mir-892a,-1.5020559435009342,-1.3968176477544196,-0.10523829574651455,0.1457911942933843,0.3592958342775348
3,hsa-mir-643,-1.4411043737194953,-1.335349845389535,-0.10575452832996035,0.14929209465383272,0.3650402314419734
3,hsa-mir-6780a,-1.5233763629973625,-1.4174543408556755,-0.105922022141687,0.017047974294383476,0.06889854896175705
3,hsa-mir-4728,4.451958651739997,4.558049744536957,-0.10609109279695961,0.23885120065370086,0.5052072672071471
3,hsa-mir-3942,-1.6968423753380832,-1.5904958326301837,-0.10634654270789956,0.03638204327112295,0.12584476164734326
3,hsa-mir-132,7.356123701841121,7.462714467330023,-0.10659076548890134,0.223612600235551,0.48113765132576386
3,hsa-mir-5187,1.4256593557709174,1.533144625797409,-0.10748527002649166,0.5157829125846018,0.8105733930548116
3,hsa-mir-744,7.0493432091631885,7.1572843241139,-0.10794111495071146,0.3173330691381698,0.6193450301496647
3,hsa-mir-3198-2,-1.1880804638082159,-1.0791926697269731,-0.10888779408124272,0.0494879473884643,0.16252883773895643
3,hsa-mir-933,-1.4413220542946905,-1.3313678374699185,-0.10995421682477202,0.008098022669617417,0.03751187932405036
3,hsa-mir-6826,-0.7715598075055253,-0.660764089454702,-0.11079571805082333,0.1619410030635528,0.3840979227777768
3,hsa-mir-1292,2.992708180639455,3.1036036350720217,-0.11089545443256688,0.1343695584938263,0.3409746889849422
3,hsa-mir-6778,-1.4336018414100158,-1.3220826860935626,-0.11151915531645318,0.039216257942084554,0.13416088243344715
3,hsa-mir-624,-0.4831003221833619,-0.37087226022931163,-0.11222806195405027,0.3229009686211131,0.6239401995864969
3,hsa-mir-1909,-1.4439536338640575,-1.3287829179410342,-0.1151707159230233,0.0636051145687423,0.1934190618464678
3,hsa-mir-6894,0.5449820187172634,0.6612070625474796,-0.11622504383021626,0.3346680173046162,0.6354666092792283
3,hsa-mir-6791,-1.3526847889610456,-1.2327387460501043,-0.11994604291094135,0.10728069888172109,0.2875565124664689
3,hsa-mir-7109,-0.9938225236035964,-0.8734691850071805,-0.12035333859641584,0.09545609337847882,0.2649670919402615
3,hsa-mir-548v,-1.569768792770238,-1.4488231873144815,-0.1209456054557565,0.003477706137877309,0.01864337311027011
3,hsa-mir-1254-2,2.110235375876081,2.2312644432171203,-0.12102906734103946,0.2773084218761434,0.565491683825861
3,hsa-mir-1185-2,-1.6664217227746234,-1.5444019344949647,-0.12201978827965876,6.821076325040327e-4,0.004633469875196107
3,hsa-mir-656,-1.616259023383556,-1.494125653676537,-0.12213336970701905,0.05866043885424046,0.1836367432247346
3,hsa-mir-5680,-1.2878268850497498,-1.164994705997104,-0.12283217905264587,0.06813611057316522,0.20401599327089778
3,hsa-mir-6738,-1.020313420931089,-0.8973355957270915,-0.12297782520399736,0.10711610768862946,0.2875565124664689
3,hsa-mir-5003,-0.9372228212050181,-0.8141642393852923,-0.12305858181972584,0.16008184218182397,0.3806824295787277
3,hsa-mir-26b,7.045310891070043,7.1686931267438565,-0.12338223567381323,0.8002797650822525,0.9530049110903159
3,hsa-mir-4677,-0.380528875091605,-0.2567463952506954,-0.12378247984090957,0.8296881085282855,0.9729983692926126
3,hsa-mir-548j,-1.4942030903583925,-1.3701872234166963,-0.1240158669416962,0.018626256075091645,0.07408132514271183
3,hsa-mir-185,4.768836200914725,4.8929787238879054,-0.12414252297318029,0.2228933024273747,0.48113765132576386
3,hsa-mir-7108,-1.5250794816637552,-1.4006863350029597,-0.12439314666079548,0.005718802098937367,0.028232060994754088
3,hsa-mir-6787,-0.8829966482192556,-0.7573060271974746,-0.12569062102178097,0.10894869270317378,0.28995016271973645
3,hsa-mir-340,1.6567676162177494,1.782598220102277,-0.1258306038845276,0.4760976157975724,0.7878620875116016
3,hsa-mir-556,-1.655262912733669,-1.5289414096899605,-0.1263215030437086,0.06006159698127956,0.18517014089090142
3,hsa-mir-636,1.0066619300420085,1.1329974596261356,-0.12633552958412708,0.615494461508381,0.8915240110984906
3,hsa-mir-590,-1.1442465840051668,-1.0170413996773335,-0.12720518432783323,0.7457247020743865,0.9337244470797366
3,hsa-mir-592,-1.4680859086281717,-1.338291139857732,-0.12979476877043972,0.0655443703530976,0.19783371382350556
3,hsa-mir-6890,-1.1235789933377098,-0.993235189995149,-0.1303438033425608,0.07165189127445641,0.21165599827709408
3,hsa-mir-26a-2,8.340654819316843,8.471345672590644,-0.13069085327380137,0.17118988786026232,0.3974953126454601
3,hsa-mir-6779,-0.8279389505883797,-0.697209034987417,-0.1307299156009627,0.08519364138635964,0.24430529515206073
3,hsa-mir-4668,-1.6703775778150451,-1.5376569422629838,-0.13272063555206137,0.043316480953190024,0.14658071645764953
3,hsa-mir-6825,-0.7637626071023275,-0.6307775518687397,-0.13298505523358772,0.14309317521568468,0.3549475358018764
3,hsa-mir-26a-1,8.304095713749815,8.437814755741416,-0.13371904199160056,0.16766474091425684,0.39272822196132234
3,hsa-let-7e,11.775154884384273,11.90933503747092,-0.13418015308664621,0.07058820004020569,0.20895178759529576
3,hsa-mir-4786,0.7258144575619828,0.8612781490587612,-0.1354636914967784,0.3401420454124148,0.643177685870748
3,hsa-mir-520c,-1.686483761506794,-1.5506181974216944,-0.13586556408509964,0.021247325031829627,0.0816399681025966
3,hsa-mir-6772,-1.0053511938228124,-0.8690302999358485,-0.1363208938869639,0.018662795372490864,0.07408132514271183
3,hsa-mir-548o-2,-1.3038662627551516,-1.1668786004347378,-0.13698766232041382,0.016967624111612224,0.06889854896175705
3,hsa-mir-6805,-0.46250806115263837,-0.3235155911440661,-0.1389924700085723,0.11690390625338111,0.30599009019341367
3,hsa-mir-376a-2,-1.674027950634483,-1.5349100159989955,-0.1391179346354876,0.0035455565365780936,0.01887755170869414
3,hsa-mir-7854,0.36373961037030567,0.5028627606257812,-0.1391231502554755,0.1508847043680431,0.36720770485826404
3,hsa-mir-152,4.287129224391521,4.42669051302865,-0.1395612886371289,0.5468443108594474,0.834845181629622
3,hsa-mir-7157,-1.6358460887767565,-1.4960559945957792,-0.13979009418097732,0.016042208125699616,0.06568463169577796
3,hsa-mir-3937,-1.2869761860542772,-1.147069970374842,-0.1399062156794353,0.030312460207466876,0.10942506054313582
3,hsa-mir-151a,10.94639339498613,11.08767538383049,-0.14128198884436038,0.046890373948286566,0.1556361348070788
3,hsa-mir-126,6.578788615486265,6.720250925348787,-0.14146230986252206,0.827697563288776,0.9729983692926126
3,hsa-mir-3198-1,-1.3807232337914221,-1.2384061222122644,-0.14231711157915772,0.012124380140482097,0.052248709997657655
3,hsa-mir-4701,-0.6364883807354217,-0.4910606653733704,-0.1454277153620513,0.0900075084228987,0.2543690455429746
3,hsa-mir-6862-2,-1.2941871637009956,-1.1483726450918665,-0.14581451860912908,0.004085324274569647,0.021386261303116272
3,hsa-mir-6862-1,-1.3093114032773627,-1.1629853925064555,-0.14632601077090723,0.0065332909477584435,0.031651968566780035
3,hsa-mir-3193,-0.8281283897690683,-0.681295252200572,-0.14683313756849636,0.12621258980812275,0.3243684350917158
3,hsa-mir-219b,-1.482419951319079,-1.3344952982592215,-0.14792465305985747,0.01389540116744387,0.05827103715379687
3,hsa-mir-943,-0.9971283606719089,-0.8477265968920421,-0.1494017637798668,0.04442716333341343,0.14941931747021947
3,hsa-mir-6737,0.036279546724105584,0.18803534153365675,-0.15175579480955118,0.32298264560022466,0.6239401995864969
3,hsa-mir-218-1,2.138949339204216,2.2911203502960804,-0.15217101109186437,0.6980168698712499,0.929587481328732
3,hsa-mir-6732,-1.2861748521916376,-1.1327556829045629,-0.15341916928707477,0.07293289596547915,0.214670410766316
3,hsa-mir-520e,-1.7005894561455497,-1.5469970107817899,-0.15359244536375982,0.024814742304640314,0.09216904284580689
3,hsa-mir-6754,-0.6038594025831886,-0.4498828442451601,-0.15397655833802848,0.07676811685304484,0.2232108594756449
3,hsa-mir-1298,-1.328509120177932,-1.1733441576094112,-0.15516496256852075,0.11014350132715042,0.29221745250060316
3,hsa-mir-30c-2,9.000703216396568,9.156362012357011,-0.15565879596044319,0.01614743122059225,0.06594238927781128
3,hsa-mir-30d,13.595503269261162,13.751489123490451,-0.15598585422928934,0.06498811907021627,0.19709332563546955
3,hsa-mir-6505,-1.5252641483511207,-1.3689589708470438,-0.1563051775040769,0.005765435774765407,0.028372491509886546
3,hsa-mir-501,7.624764355728605,7.781147068215355,-0.15638271248675029,0.05823589317389084,0.18279274316150848
3,hsa-mir-3176,-1.2142160284429335,-1.0578010394054247,-0.15641498903750883,0.052492404698587035,0.16954068598301403
3,hsa-mir-6753,-1.3691743256240207,-1.2125678463136718,-0.156606479310349,0.007375982335981951,0.03486828013373286
3,hsa-mir-139,6.609508534666225,6.767636451300701,-0.15812791663447623,0.03532320218596309,0.12272649311826819
3,hsa-mir-6882,-0.35714348664783796,-0.1985844828871079,-0.15855900376073007,0.14248115232111308,0.3549475358018764
3,hsa-mir-6763,-0.7389483812054961,-0.5803008721519695,-0.15864750905352665,0.05687298862657464,0.17923608536859886
3,hsa-mir-6870,-1.1592886966960863,-0.9999438826983401,-0.15934481399774614,0.009425088858362006,0.042372157403587116
3,hsa-mir-6815,0.7201507382797376,0.8795660767722658,-0.1594153384925282,0.148374444799062,0.3639373174316615
3,hsa-mir-6744,-1.2635583213708135,-1.1040001331025848,-0.15955818826822865,0.07609799444438652,0.22189321744531396
3,hsa-mir-6881,-1.4910552948285447,-1.3313979051129308,-0.15965738971561394,0.004302503220357167,0.022298687786568704
3,hsa-mir-106b,10.15466475968441,10.314869488610084,-0.16020472892567383,0.05101797070204478,0.16605118793259158
3,hsa-mir-4641,-1.4619731944807188,-1.3002650596954857,-0.16170813478523316,0.0022674638491559105,0.01281610001696819
3,hsa-mir-7705,-1.3652099519483532,-1.2023002922429307,-0.16290965970542248,0.020340805455562022,0.07972778017757978
3,hsa-mir-199b,7.501926366924746,7.66575483578098,-0.16382846885623437,0.3822400903844746,0.6966057721960052
3,hsa-mir-30c-1,8.642365753414156,8.806507213441504,-0.16414146002734853,0.008710261112043975,0.039615181734077555
3,hsa-mir-6785,-1.189037823896909,-1.0245338923341583,-0.16450393156275078,0.022297473392247472,0.0848391670534294
3,hsa-mir-3617,-1.5396298770505066,-1.374779795615052,-0.16485008143545454,8.27727323345663e-4,0.005448331748604364
3,hsa-mir-944,-1.626095598895998,-1.460949443689235,-0.165146155206763,0.0038405332904676414,0.020240648422734868
3,hsa-mir-3907,-1.602359335011802,-1.4371472045612175,-0.16521213045058447,0.01009114286454364,0.04446944313188723
3,hsa-mir-6868,-1.556115370039874,-1.3896238460461796,-0.16649152399369438,0.0019064816768355137,0.010934233146556623
3,hsa-mir-30a,12.915688225734163,13.082233510496097,-0.1665452847619342,0.34915274460873463,0.6562388934814771
3,hsa-mir-934,0.17183077187375018,0.33844929926135986,-0.16661852738760968,0.4227172081028007,0.7400575397071522
3,hsa-let-7f-1,9.333654901586403,9.500416909348088,-0.16676200776168493,0.32502640517108805,0.6259767803295029
3,hsa-mir-4498,-1.3998370910166837,-1.232329589654712,-0.1675075013619718,0.004366468811555093,0.022555269357701805
3,hsa-mir-4714,-1.1061677015696212,-0.9380315242489965,-0.1681361773206247,0.01357046822973615,0.057216028211860524
3,hsa-mir-6884,-0.8694978424516282,-0.7011149902382378,-0.16838285221339044,0.06277364450049006,0.19163774054944124
3,hsa-mir-662,-0.7229892989321228,-0.5532892718951402,-0.16970002703698261,0.17865654817777277,0.4098591399372434
3,hsa-mir-4433b,-0.44736116807040494,-0.2765883547416902,-0.17077281332871475,0.21320429605817873,0.4658245123960207
3,hsa-mir-6776,-1.0694686709390362,-0.8972866871544978,-0.17218198378453842,0.030025868090390533,0.10893105632792843
3,hsa-mir-138-2,-1.3905312981188138,-1.2180219775203724,-0.17250932059844137,0.0018395427327534436,0.010667980160205844
3,hsa-mir-5010,1.8614718982306908,2.0343898763147465,-0.17291797808405573,0.03953447897458949,0.13495358249531642
3,hsa-mir-6846,-1.14659132907256,-0.9713796860755688,-0.1752116429969912,0.13523227179130845,0.34237606278750865
3,hsa-mir-6765,-1.4677798361612147,-1.2910612070903351,-0.17671862907087954,0.001804094983900156,0.010540779681214394
3,hsa-mir-7113,-1.3014092565269961,-1.1244968700945457,-0.17691238643245044,0.00532438673815689,0.026793688101692737
3,hsa-mir-1284,-1.0123542695584986,-0.8352478107810278,-0.17710645877747078,0.008103527777054469,0.03751187932405036
3,hsa-mir-6797,0.5616036167633597,0.738909837105546,-0.17730622034218635,0.21650651018949058,0.47118272461669214
3,hsa-mir-6800,-0.943531156848828,-0.7659492394809353,-0.17758191736789275,0.01475551375491672,0.061382937220453564
3,hsa-mir-10b,14.277545595911576,14.455544306730932,-0.17799871081935592,0.32595769424847465,0.626996304596326
3,hsa-mir-3192,-0.9685060661348177,-0.7892839105440544,-0.17922215559076327,0.014576180789645472,0.06096204298082289
3,hsa-mir-4738,-0.28946799431324305,-0.11022077665716114,-0.17924721765608193,0.0948330916685822,0.26370699287520183
3,hsa-mir-5000,-1.1441774799680142,-0.9641323543926346,-0.18004512557537966,0.1622567507118942,0.3840979227777768
3,hsa-mir-30b,5.846428570329102,6.02670753957543,-0.18027896924632802,0.3231690264524933,0.6239401995864969
3,hsa-let-7f-2,9.344994987361842,9.52665814914222,-0.1816631617803779,0.3293872466781358,0.6304835641937323
3,hsa-mir-376b,-1.686392069772732,-1.504042750170276,-0.18234931960245593,0.0031180981537440536,0.01712758140788987
3,hsa-mir-4741,0.5702420489132446,0.7526387978341487,-0.18239674892090407,0.3180098520191547,0.6193450301496647
3,hsa-mir-4706,-1.4461889730595763,-1.2635366085152882,-0.18265236454428813,6.550412225809903e-4,0.0045416191432281995
3,hsa-mir-6750,-0.1683156021306057,0.014556258957790707,-0.1828718610883964,0.15777637001861636,0.3792512582129403
3,hsa-mir-217,0.03637403948223367,0.21926249823834404,-0.18288845875611037,0.2844255014996377,0.5762386783629023
3,hsa-mir-6717,-1.2323329014738222,-1.0489558787447448,-0.1833770227290774,0.08715538556345227,0.2485601489560979
3,hsa-mir-4254,-1.4465149222246967,-1.2629560275633058,-0.18355889466139086,0.002798538489884062,0.01559185730078263
3,hsa-mir-192,5.892772712078108,6.077196612223027,-0.18442390014491838,0.4168205933198353,0.7330779318815592
3,hsa-mir-135a-2,1.5344737821400951,1.7198454453267582,-0.1853716631866631,0.3150356890575219,0.618183238905326
3,hsa-mir-6773,-1.0799646956084594,-0.8932726186684069,-0.18669207694005252,0.04930175703933408,0.16225894721806153
3,hsa-mir-6851,-0.5683782989204607,-0.38092399121525927,-0.18745430770520138,0.0287043392452241,0.10486831199660328
3,hsa-mir-18b,0.02281616360141689,0.2102881128723981,-0.1874719492709812,0.13669728122515987,0.3433941364110296
3,hsa-mir-6822,-1.3139262928687092,-1.123665463412341,-0.19026082945636813,0.010057889558248618,0.044448463770163864
3,hsa-mir-6730,0.5619347307072167,0.752622295214803,-0.19068756450758628,0.16802696037088322,0.39298659397088126
3,hsa-mir-5683,-1.5364042832173608,-1.344201654561129,-0.19220262865623172,0.015138114151916883,0.06264047235275952
3,hsa-mir-4647,-0.6501358491855326,-0.4560900473009672,-0.19404580188456538,0.0633457223322866,0.19300649773118572
3,hsa-mir-6781,-0.4698066091246542,-0.27573935895028534,-0.19406725017436888,0.109103041997747,0.28995016271973645
3,hsa-mir-3614,2.9554355712896783,3.1506606440220057,-0.19522507273232748,0.14371893342447647,0.355311467737216
3,hsa-mir-6893,-1.3490744020786551,-1.1520833270815731,-0.19699107499708202,0.010192976052859116,0.04479166941538091
3,hsa-mir-148b,7.665640565618546,7.863786639743948,-0.1981460741254022,3.4075533912186426e-4,0.0026315758862876645
3,hsa-mir-1193,-1.5237960337331564,-1.325343683879619,-0.19845234985353732,4.7754148753246394e-4,0.003464952188607645
3,hsa-mir-4433a,-1.1325573802477935,-0.9335230635879802,-0.1990343166598133,0.013103464395084499,0.05554729471829298
3,hsa-mir-2276,-0.42988179719607017,-0.23059965989993148,-0.1992821372961387,0.12466924844845834,0.32133671055958524
3,hsa-mir-6747,1.0539230004502838,1.2542584708356599,-0.20033547038537614,0.09099172632158774,0.25622218964201604
3,hsa-mir-199a-2,7.818988887035011,8.019385302645901,-0.20039641561089017,0.17297313856728844,0.4009481369464636
3,hsa-mir-6840,-1.3819737084420833,-1.1806526848602972,-0.20132102358178616,6.788810641693296e-4,0.004633469875196107
3,hsa-mir-4754,-0.26590842385781965,-0.0634027359318053,-0.20250568792601437,0.046876836185061097,0.1556361348070788
3,hsa-mir-6740,-1.2630899034326237,-1.0583939353875997,-0.204695968045024,0.007843936008867248,0.03685704871636418
3,hsa-mir-4648,-1.4602919324028851,-1.255557362999791,-0.2047345694030942,0.0012529344687245093,0.007725603838775631
3,hsa-mir-3662,-1.045710581784085,-0.8397079845334341,-0.20600259725065095,0.03357599553321061,0.11823601135848433
3,hsa-mir-141,6.834834122131411,7.040921078817274,-0.20608695668586297,0.10265830253596504,0.2774296775738007
3,hsa-mir-641,-1.3557168082441091,-1.149577759572297,-0.2061390486718122,0.0037671935481194646,0.019921430288360558
3,hsa-mir-133b,-0.9367041675264679,-0.728637360768617,-0.20806680675785094,0.03103674752774306,0.11104891317265865
3,hsa-mir-5196,-1.4437499032660013,-1.234304105319448,-0.20944579794655338,6.686368266348876e-4,0.004595037222689095
3,hsa-mir-1287,5.390219961002915,5.599942818815864,-0.20972285781294975,0.003216680347651311,0.0176066482738146
3,hsa-mir-1-2,-1.6283185324303169,-1.4178805192270696,-0.2104380132032473,0.001142646388827085,0.007187614381331664
3,hsa-mir-5001,1.6402135851606585,1.852635362458753,-0.21242177729809453,0.0205760458856172,0.0800464627969148
3,hsa-mir-6511b-1,3.667860574244369,3.8808267858221126,-0.21296621157774354,0.012680152066785471,0.05404654979285611
3,hsa-mir-425,8.256565961288075,8.47021265221571,-0.21364669092763577,0.004974168721473652,0.02535850720751273
3,hsa-mir-490,-1.019118916164889,-0.8042773055966969,-0.21484161056819218,0.0011328223216096618,0.007154667294376811
3,hsa-mir-4709,-0.6150089265999805,-0.3993589589658047,-0.21564996763417582,0.036291372733371643,0.12581009214235503
3,hsa-mir-521-2,-1.4774719441132385,-1.2598669825860451,-0.21760496152719333,1.5101728874742789e-4,0.001301585472077279
3,hsa-mir-1-1,-1.626949762149722,-1.4082774992723723,-0.21867226287734964,1.4149130060405336e-4,0.0012262579385684624
3,hsa-mir-6511b-2,3.6518436293162186,3.871082886952956,-0.21923925763673724,0.012976019712721595,0.05515692302955228
3,hsa-mir-190b,-1.2255051499391856,-1.0060553324167263,-0.2194498175224593,0.009453852723910765,0.04237933979684136
3,hsa-mir-3127,5.0994479282380025,5.319669356357297,-0.22022142811929424,0.006495892734398417,0.03156882450361847
3,hsa-mir-1250,-1.2461634113771705,-1.0256163473495408,-0.2205470640276297,0.008649916322726669,0.039455758665069014
3,hsa-mir-6758,-1.4014987634963887,-1.1807629056540485,-0.22073585784234018,1.2935248708063204e-4,0.0011336510103695842
3,hsa-mir-665,-0.86593586852376625,-0.6449689524920705,-0.22096691603169571,0.02003500268957126,0.0787269627096503
3,hsa-mir-4800,-0.3373901382422406,-0.11419623983558394,-0.22319389840665668,0.03650974985207439,0.12600710125937178
3,hsa-mir-3064,-0.7472978667491602,-0.5238841985632232,-0.223413668185937,0.009033239595207165,0.040964691187567376
3,hsa-mir-6741,0.21047734731929152,0.4339428858230238,-0.2234655385037323,0.05633067436855052,0.1785215746140706
3,hsa-mir-98,2.990830536715564,3.217079220744512,-0.22624868402894815,0.11489158759508748,0.3022443113799941
3,hsa-mir-1234,0.2918182438387981,0.5193968040402028,-0.2275785602014047,0.059427668850511886,0.18473645253628146
3,hsa-mir-1307,12.714060095555134,12.942643602105944,-0.2285835065508106,0.0021504515207233107,0.012288294404133204
3,hsa-mir-194-1,4.3254979489599785,4.55412313599549,-0.2286251870355116,0.20896796197704062,0.45849510644751523
3,hsa-mir-6792,-1.4283856799495975,-1.1984787836739255,-0.22990689627567207,4.3734206410745444e-4,0.0032631358798324924
3,hsa-mir-3154,-0.377058832536457,-0.14577256914512876,-0.23128626339132824,0.047356804600287454,0.1568505630073215
3,hsa-mir-194-2,5.112222926905411,5.346474313304419,-0.23425138639900744,0.11767770802935917,0.30708579561035554
3,hsa-mir-199a-1,7.345497989937363,7.580576398820476,-0.23507840888311282,0.11931479536816154,0.3086750924947463
3,hsa-mir-6782,-0.8719264274731349,-0.6350131731069527,-0.23691325436618216,0.016397271185982866,0.06678784086196676
3,hsa-mir-181c,6.815950700372781,7.053549977605432,-0.2375992772326505,0.20567203700098347,0.4541045581942166
3,hsa-mir-187,5.802631742410556,6.040880553362153,-0.238248810951597,0.21068770764212846,0.4616191347215174
3,hsa-mir-6874,-0.42318043125595206,-0.1830724033539075,-0.24010802790204455,0.030294942878255723,0.10942506054313582
3,hsa-mir-374b,2.4966819422042557,2.7368111738472383,-0.2401292316429826,0.13560473829940586,0.34237606278750865
3,hsa-mir-5579,-1.2266509085981636,-0.9858877001260573,-0.2407632084721063,0.020553103919640908,0.0800464627969148
3,hsa-mir-498,-1.6871865720067636,-1.4453217525812962,-0.24186481942546734,6.399436917426974e-5,6.318431386826632e-4
3,hsa-mir-140,9.612524846315761,9.854485954132857,-0.24196110781709557,0.023910159259741864,0.08987915287999351
3,hsa-mir-149,8.475290141945464,8.71859531242783,-0.24330517048236544,0.10279125233183128,0.2774296775738007
3,hsa-mir-183,13.239733166057569,13.483168039479034,-0.24343487342146553,0.03046918709479294,0.10952058034073038
3,hsa-mir-5581,-0.40146792004780624,-0.15673181828818036,-0.24473610175962587,0.022690549293844543,0.08612471264816907
3,hsa-mir-2114,-1.1972598558629137,-0.9522320787303415,-0.24502777713257218,0.0035455914427226813,0.01887755170869414
3,hsa-mir-887,2.0511880479772286,2.296778244709109,-0.24559019673188054,0.07053829300022542,0.20895178759529576
3,hsa-mir-1185-1,-1.6049209990529791,-1.359243085126248,-0.2456779139267311,1.1791510171772824e-7,2.358302034354565e-6
3,hsa-mir-1238,-1.0020530429833616,-0.755894598295231,-0.24615844468813064,0.0018954340427824847,0.010910985633729433
3,hsa-mir-6764,-0.10090220256778397,0.1452867913916479,-0.2461889939594319,0.02082200257271465,0.08060130028147607
3,hsa-mir-4793,-1.3909191291463414,-1.1441834117709182,-0.2467357173754232,7.927923387748819e-6,9.73823660227414e-5
3,hsa-mir-4469,-0.10994730962054229,0.13757478206939286,-0.24752209168993516,0.046763301706135636,0.1556361348070788
3,hsa-mir-7974,-0.43506594361059986,-0.18713087434251982,-0.24793506926808004,0.052662299514908924,0.1697379901720205
3,hsa-mir-181b-2,7.642712310107944,7.891314945965995,-0.24860263585805065,0.008268945414287068,0.03805178420733872
3,hsa-mir-6877,1.4296985135070253,1.6795568629503588,-0.24985834944333352,0.007883683411478581,0.03693257093665642
3,hsa-mir-6780b,-0.8920633565041644,-0.6409365005096022,-0.2511268559945622,0.009833396487876678,0.04382885291739319
3,hsa-mir-3187,1.403506862251192,1.6549906692735847,-0.2514838070223928,0.15869084426892727,0.37968975009129835
3,hsa-mir-500b,3.212998513894398,3.4645187598087186,-0.25152024591432065,0.007995914346357602,0.037234705612889135
3,hsa-mir-3911,-0.5907049400078104,-0.33908113979916715,-0.2516238002086432,0.010902765039910983,0.04737691772217586
3,hsa-mir-128-1,7.087566468664474,7.339897697262273,-0.2523312285977992,3.199712375102635e-4,0.002508317238773925
3,hsa-mir-576,2.095159072880537,2.3476085914769658,-0.25244951859642883,0.054249145740800184,0.1737754976502018
3,hsa-mir-181b-1,7.624685790499083,7.878670082455003,-0.25398429195592076,0.006851546759794654,0.03278654277693147
3,hsa-mir-6847,-1.022650960875586,-0.7652893403014731,-0.25736162057411294,0.0023014649638051633,0.01296131892973305
3,hsa-mir-655,-1.4252289899093467,-1.1676764402600615,-0.2575525496492852,4.209050397231087e-4,0.0031720379805219787
3,hsa-mir-1301,6.167520951663785,6.4266826837804505,-0.2591617321166657,4.967784398325339e-4,0.0035713104430357277
3,hsa-mir-450a-1,-1.3540882273560697,-1.0939464827316825,-0.2601417446243872,0.008227244361255081,0.03797189705194653
3,hsa-mir-1468,4.438391968486883,4.700420450933556,-0.26202848244667276,0.10581897668411747,0.28461655797797114
3,hsa-mir-6855,-0.6423304654105321,-0.38014717277228216,-0.2621832926382499,0.0027729481162047332,0.015504656133617864
3,hsa-mir-651,-1.4703336082903438,-1.206484287762439,-0.26384932052790466,0.03237541464966787,0.11478556103064064
3,hsa-mir-3679,-0.4134426878607916,-0.14916152152076043,-0.2642811663400312,0.004136631827445568,0.021582426925802964
3,hsa-mir-324,7.179390716392612,7.4438885552783,-0.26449783888568845,3.732118430954956e-5,3.921943094244947e-4
3,hsa-mir-6795,-1.0671565742795284,-0.8019816534979214,-0.265174920781607,6.831397892917337e-4,0.004633469875196107
3,hsa-mir-6849,-1.0495384121065414,-0.7799680817504736,-0.2695703303560678,0.0011672581347152596,0.007312942530746204
3,hsa-mir-6736,-1.0519136422166306,-0.780381323642602,-0.2715323185740286,2.80181533254792e-4,0.002230016285089161
3,hsa-mir-182,11.746389885263344,12.01804918816676,-0.2716593029034158,0.056091891191984954,0.1785215746140706
3,hsa-mir-598,2.994874403708168,3.272821133334303,-0.2779467296261351,0.23397951832301742,0.4979645956124245
3,hsa-mir-519c,-1.6808775081576377,-1.4014006553542866,-0.2794768528033511,6.952018773333342e-5,6.778218304000008e-4
3,hsa-mir-1911,-0.7535396278951891,-0.4737132299020291,-0.27982639799316006,0.01087835712866699,0.04737691772217586
3,hsa-mir-6751,-0.8005443550982181,-0.5185507864269773,-0.2819935686712408,0.0014496777581075326,0.008631669094075384
3,hsa-mir-1283-1,-1.5220485557058792,-1.2397791706987609,-0.2822693850071183,5.0004882741155305e-6,6.724794575534679e-5
3,hsa-mir-7-3,-1.49267936124608,-1.209897870954043,-0.2827814902920369,3.1634409974967016e-5,3.403426176617141e-4
3,hsa-mir-3913-1,-0.785832800739699,-0.5021826554965286,-0.28365014524317034,0.021809262180607615,0.08338835539644089
3,hsa-mir-584,4.730691600798544,5.015082737307854,-0.2843911365093108,0.006838549482237765,0.03278654277693147
3,hsa-mir-17,8.036584518928741,8.323534572993132,-0.2869500540643912,0.030372468727678084,0.10942506054313582
3,hsa-mir-1915,0.633064274127089,0.9212335399906202,-0.2881692658635312,0.13026978263402242,0.33369599492458946
3,hsa-mir-106a,1.4694462509273127,1.7596384241969456,-0.29019217326963287,0.05447375390290092,0.17378130079453052
3,hsa-mir-371a,-1.474626019835188,-1.1843523933773745,-0.2902736264578134,7.145804210236664e-6,9.062971193470892e-5
3,hsa-mir-6786,-0.836236745237425,-0.5450150786978212,-0.2912216665396038,4.5297951916538077e-4,0.003333245518386764
3,hsa-mir-376a-1,-1.5346274597512484,-1.2421738983974329,-0.2924535613538155,4.360689103187629e-5,4.4754440795873035e-4
3,hsa-mir-1260b,0.22513345739015472,0.5197071956546878,-0.2945737382645331,0.06556412182484127,0.19783371382350556
3,hsa-mir-380,-1.5566882764904284,-1.2544827625961628,-0.30220551389426564,2.1735993801261322e-6,3.168986012146511e-5
3,hsa-mir-7111,-1.1278757250204365,-0.8210361104273334,-0.30683961459310316,8.163985472216634e-5,7.765742278449969e-4
3,hsa-mir-19a,-1.2297420372246513,-0.9214198343760834,-0.3083222028485678,0.024603211697109044,0.09160145643792389
3,hsa-mir-4700,-1.016325515441163,-0.7027074156416366,-0.3136180997995264,8.803586581854869e-4,0.005770418095669578
3,hsa-mir-409,5.137584488890332,5.452133956061898,-0.31454946717156584,0.015544187154327574,0.06415061365278048
3,hsa-mir-4726,-0.6501017053752577,-0.3346117545183607,-0.31548995085689696,9.771385464307065e-4,0.0062989096381483554
3,hsa-mir-188,0.37365083861547554,0.69084552451464,-0.31719468589916444,0.010475474701320653,0.045775183568796125
3,hsa-mir-6721,-0.41261543066015993,-0.0951058704445478,-0.31750956021561216,0.009318405093753196,0.04201361834177742
3,hsa-mir-6801,-1.2460624225979848,-0.9276257605410249,-0.31843666205696,1.634174852232464e-4,0.0013780069024230508
3,hsa-mir-4724,0.4423254025036204,0.7617316526558452,-0.3194062501522248,0.06060120517802929,0.18623294425942452
3,hsa-mir-524,-1.6977321906335718,-1.3745068456274743,-0.32322534500609756,1.6535852201161169e-6,2.4567551841725165e-5
3,hsa-mir-153-2,-1.6088638194619382,-1.2845735312896391,-0.3242902881722991,5.733851733627487e-4,0.004064816631257599
3,hsa-mir-6814,-0.129742467606524,0.1947110924031356,-0.32445356000965964,0.00972033843199178,0.04344907723182572
3,hsa-mir-3939,-1.1321308391602254,-0.8064585905181499,-0.32567224864207545,8.247354184901639e-5,7.797498502088823e-4
3,hsa-mir-1227,0.4233513487550712,0.7510214326980267,-0.3276700839429555,0.007942696377392944,0.03709762379860177
3,hsa-mir-532,10.352315781850317,10.683558755439016,-0.33124297358869903,7.572427780727909e-5,7.247231495665974e-4
3,hsa-mir-3682,0.10051790690123617,0.4319050824629136,-0.3313871755616774,0.005694573605334806,0.028201697854991423
3,hsa-mir-451a,4.100698974058899,4.43324522278138,-0.3325462487224815,0.03526826143675446,0.12272649311826819
3,hsa-mir-628,-0.47645370331462017,-0.14237304509811027,-0.3340806582165099,0.015621082823455989,0.06425709758810795
3,hsa-mir-18a,3.32579599672523,3.6602188890502956,-0.3344228923250654,2.208979491638723e-4,0.0018041926737991665
3,hsa-mir-107,5.632477971360573,5.96758055700252,-0.3351025856419474,6.721518224060158e-5,6.594697125492985e-4
3,hsa-mir-4664,1.5748496953158402,1.9101548435541476,-0.33530514823830737,0.013436446802523249,0.056804490547252756
3,hsa-mir-500a,8.95403552001641,9.29263172635607,-0.3385962063396608,8.155045836843585e-4,0.0054135623427557416
3,hsa-mir-6743,-0.5859422425036618,-0.2466889671274341,-0.3392532753762277,0.001283297252072463,0.00785075965973742
3,hsa-mir-6850,-0.8221069125127584,-0.4820920623803728,-0.3400148501323856,0.006442389863249113,0.03140665058333943
3,hsa-mir-134,7.9279656634067965,8.268167996671387,-0.3402023332645907,0.0012210423796451526,0.007588948654368279
3,hsa-mir-3177,0.16613498387510703,0.5064330764273949,-0.3402980925522878,0.0071562921151650145,0.03403602347456531
3,hsa-mir-4515,-0.9041390761869954,-0.5636119654691796,-0.34052711071781583,0.0010894065102358328,0.006965058016261882
3,hsa-mir-128-2,6.0800406241163465,6.422227662269875,-0.34218703815352836,1.4926746480307342e-5,1.777536222082401e-4
3,hsa-mir-1283-2,-1.3920131911160998,-1.047656230493689,-0.34435696062241083,4.198171681202372e-6,5.8474534131033046e-5
3,hsa-mir-4697,-1.0488326325327915,-0.703541462579419,-0.3452911699533725,5.095085495182244e-4,0.003629375969170914
3,hsa-mir-7112,-0.14958519486889948,0.19926649978711913,-0.3488516946560186,0.003441067133085925,0.018540532487403567
3,hsa-mir-219a-1,3.3710370262128473,3.7208821358515696,-0.3498451096387223,0.0011026310992618448,0.00701312738165557
3,hsa-mir-20b,1.5297346021714637,1.8795904476900156,-0.34985584551855187,0.09969749531727426,0.273335839534179
3,hsa-mir-1304,0.5441430694604492,0.8958538444514978,-0.35171077499104864,0.005443076515353609,0.027215382576768046
3,hsa-mir-765,-0.5759547524943418,-0.22395120451964592,-0.3520035479746959,8.20950741777542e-4,0.005426623547343075
3,hsa-mir-653,-1.3063268005337583,-0.9534421087741282,-0.3528846917596301,7.038082699603975e-4,0.004730408172298264
3,hsa-mir-1914,0.233221387439423,0.5931126701965503,-0.35989128275712734,0.004542014154114705,0.023384627328115314
3,hsa-mir-93,12.245126401388255,12.605318861802292,-0.3601924604140372,4.5416306466291973e-5,4.630682227935652e-4
3,hsa-mir-101-2,5.651278500055339,6.011740730181786,-0.36046223012644685,0.18168514482620388,0.4131615538321837
3,hsa-mir-6755,-0.04977724788824907,0.310783597725727,-0.36056084561397606,0.001851677997782175,0.0106985839871859
3,hsa-mir-6783,-0.03369573720517546,0.32708192790217877,-0.3607776651073542,9.400049133747503e-4,0.006110031936935877
3,hsa-mir-95,0.8514633886416844,1.2124057380362374,-0.36094234939455305,0.02384845184722303,0.0898637315982317
3,hsa-mir-3913-2,-0.9579943988153059,-0.5943898631796511,-0.36360453563565476,7.065289129137792e-4,0.004730408172298264
3,hsa-mir-200b,9.537116202926766,9.901545999772539,-0.3644297968457728,4.185933446903137e-5,4.3245405146813865e-4
3,hsa-mir-520h,-1.6518551464017976,-1.2859469972379014,-0.36590814916389625,2.2736010062319227e-5,2.570157659218695e-4
3,hsa-mir-4658,0.34236073166079645,0.7112407347990112,-0.36888000313821473,0.017216782348199792,0.06940098310902242
3,hsa-mir-6879,0.3732922051253075,0.7432668548376886,-0.36997464971238114,9.660818372730152e-4,0.00625347579313653
3,hsa-mir-19b-1,0.8045245097771994,1.1752856661477107,-0.3707611563705113,0.060002093029418765,0.18517014089090142
3,hsa-mir-181d,4.709240003436394,5.082447302128419,-0.3732072986920256,0.006671589443003382,0.032221918052895586
3,hsa-mir-6514,1.0045124317999499,1.3777563141977323,-0.3732438823977824,3.3955647907702336e-4,0.0026315758862876645
3,hsa-mir-516b-2,-1.6755987726109327,-1.3003397966493906,-0.3752589759615421,4.933623514845832e-6,6.692567550573476e-5
3,hsa-mir-515-2,-1.6855041758073972,-1.303080722914653,-0.38242345289274415,1.2157452607992877e-5,1.4702035711991387e-4
3,hsa-mir-6853,-0.613393763732905,-0.23018981813646044,-0.38320394559644455,9.210749015602122e-5,8.469562443414062e-4
3,hsa-mir-515-1,-1.6857030043615138,-1.2998598521128897,-0.3858431522486241,3.479229894253953e-7,6.2386191207312255e-6
3,hsa-mir-101-1,5.613457591025575,5.999788951482522,-0.38633136045694716,0.1497793174868655,0.36565842766746504
3,hsa-mir-1180,7.287127695008171,7.674243411340513,-0.38711571633234243,5.446999354390598e-6,7.208316975535327e-5
3,hsa-mir-676,0.4350863773276802,0.8229111768003935,-0.3878247994727133,0.0022243932209166295,0.012664428557043583
3,hsa-mir-454,-0.4759791654277301,-0.08085656640598447,-0.3951225990217456,0.00322788551686601,0.0176066482738146
3,hsa-mir-6798,1.1752717709149636,1.5717471368394307,-0.3964753659244671,3.439307515129614e-4,0.0026430146421685704
3,hsa-mir-488,-1.3358529602539957,-0.9376877964715689,-0.39816516378242683,2.753170407240584e-5,3.024609743165712e-4
3,hsa-mir-675,6.373410210650269,6.772100893262497,-0.3986906826122283,0.0916057368716562,0.2574863955311418
3,hsa-mir-4533,-0.7195673608820238,-0.32043947295058495,-0.39912788793143883,0.048309327499269014,0.15932886025128892
3,hsa-mir-6735,0.12200282646251585,0.5279497664010578,-0.405946939938542,2.765464370424e-4,0.0022123714963392
3,hsa-mir-143,11.664012754055793,12.074873185125268,-0.4108604310694748,5.758490227614932e-4,0.004064816631257599
3,hsa-mir-5002,-0.8895779336653132,-0.47797805699854945,-0.4115998766667638,6.159449032572832e-5,6.120216873129693e-4
3,hsa-mir-770,-1.354295373982776,-0.9407474003403874,-0.4135479736423887,4.741475202636351e-6,6.488334487818165e-5
3,hsa-mir-1236,-1.151459274310424,-0.7367432148699892,-0.41471605944043477,2.806436478106823e-6,4.016551289767563e-5
3,hsa-mir-6769a,-0.3977675212828409,0.021615496125501052,-0.41938301740834194,2.5278052234927335e-4,0.0020399916676592275
3,hsa-mir-6808,1.8026498423501076,2.2223654999952975,-0.4197156576451899,3.610453427158553e-4,0.002760934973709482
3,hsa-mir-520f,-1.622571511128727,-1.1974594820037108,-0.42511202912501633,1.507863349514321e-6,2.2654228323037276e-5
3,hsa-mir-4758,2.5745389306821838,2.999824966781621,-0.42528603609943705,0.01252328174376908,0.053671207473296054
3,hsa-mir-760,4.707996857957894,5.13378150320146,-0.4257846452435663,3.2782057990344817e-4,0.0025570005232468957
3,hsa-mir-3131,-1.5033673769862081,-1.0766952827436949,-0.4266720942425133,1.2069807354447412e-6,1.9411236570039136e-5
3,hsa-mir-103a-2,12.655463475138392,13.082443492375317,-0.42698001723692514,2.4914109731413272e-5,2.756454693688277e-4
3,hsa-mir-937,5.535995498116479,5.963295459474109,-0.4272999613576296,0.001381018746886302,0.008382837529737864
3,hsa-mir-103a-1,12.651815289299746,13.080007676347364,-0.4281923870476181,2.382303633793523e-5,2.67366450986899e-4
3,hsa-mir-200a,9.182200241965239,9.61059832983099,-0.4283980878657516,4.254951479278598e-6,5.874092307676649e-5
3,hsa-mir-6871,-0.8586088775610402,-0.4234057696902193,-0.4352031078708209,1.9464223324356765e-5,2.2326609107350406e-4
3,hsa-mir-6507,-1.389648777659649,-0.9535886926894831,-0.4360600849701658,3.745958468221135e-5,3.921943094244947e-4
3,hsa-mir-504,2.431495016675211,2.876147244678296,-0.4446522280030849,0.004934836309311311,0.025240474237789
3,hsa-mir-129-1,3.5097075720073923,3.9585234590411877,-0.4488158870337955,0.0012264478197846515,0.007592296027238319
3,hsa-mir-377,2.995283854809054,3.445371762014229,-0.4500879072051749,1.656242717673285e-4,0.0013891067954679163
3,hsa-mir-5088,-0.788840680520415,-0.3344266670494545,-0.4544140134709605,5.45244489175108e-6,7.208316975535327e-5
3,hsa-mir-877,4.948568413570715,5.404412957067104,-0.45584454349638825,1.8353621443205384e-6,2.701099004849094e-5
3,hsa-mir-4742,0.4707982595757271,0.9270334830459241,-0.45623522347019707,2.21525557592494e-5,2.522480801783143e-4
3,hsa-mir-487a,1.782643022528113,2.239856092700482,-0.4572130701723691,4.625309067934042e-4,0.0033717206289612645
3,hsa-mir-3132,-0.7968503235653194,-0.33937044569470937,-0.45747987787061,9.465716227095823e-5,8.635390242262856e-4
3,hsa-mir-203a,9.498209683108781,9.956502774030453,-0.45829309092167136,0.006421876680288181,0.03140478878134659
3,hsa-mir-708,3.8960313056355225,4.355752146218647,-0.45972084058312435,0.02138289379926712,0.0819590032600902
3,hsa-mir-129-2,3.4862492483787904,3.9484555050275474,-0.46220625664875703,7.375213435823869e-4,0.004916808957215913
3,hsa-mir-1262,0.3446183669356609,0.8115107211121716,-0.4668923541765107,1.023235090746026e-4,9.173831848067819e-4
3,hsa-mir-521-1,-1.3086880801435723,-0.8412350329204055,-0.46745304722316683,6.693816792133797e-9,1.8986098537688586e-7
3,hsa-mir-539,1.443498631464872,1.91176134058518,-0.4682627091203082,4.931488754253003e-4,0.003561630766960502
3,hsa-mir-196a-1,0.08563363235324128,0.5553194516726769,-0.46968581931943565,0.025259848245435024,0.09337763806369345
3,hsa-mir-494,-0.638762787232745,-0.1633868786490266,-0.4753759085837185,2.9549088237449504e-5,3.223536898630855e-4
3,hsa-mir-382,3.6337598051790376,4.111662972630199,-0.4779031674511618,4.0509268205787856e-4,0.00306769215538976
3,hsa-mir-19b-2,-0.6595693504611264,-0.17985008528579627,-0.47971926517533015,0.007127957620167755,0.03400493543566268
3,hsa-mir-96,0.960575028646362,1.4412619841601229,-0.48068695551376084,0.003446637449581432,0.018540532487403567
3,hsa-mir-4691,-1.1532072509403892,-0.6692581932376888,-0.48394905770270047,1.4829227920745483e-6,2.2654228323037276e-5
3,hsa-mir-485,4.685291944020518,5.178361915695375,-0.4930699716748572,2.0045790494504907e-4,0.0016458649037593503
3,hsa-mir-1270,3.7441157047437414,4.23787561304325,-0.49375990829950833,0.0058678273964961735,0.028785568360169905
3,hsa-mir-493,3.410678813265734,3.90576520140686,-0.4950863881411256,4.1461921269885406e-5,4.3120398120680825e-4
3,hsa-mir-450b,-1.5460925407630657,-1.0509687995905117,-0.495123741172554,4.84656293858301e-8,1.1284534603267904e-6
3,hsa-mir-523,-1.679815165908059,-1.1828869564474094,-0.49692820946064953,7.251605693008811e-7,1.2163983743111553e-5
3,hsa-mir-6832,-1.1498603814226327,-0.6510915630922922,-0.4987688183303405,4.426663365857272e-8,1.046302250111719e-6
3,hsa-mir-1224,1.2309130500779484,1.7298798701529199,-0.4989668200749715,0.005587369036093505,0.027758903491419958
3,hsa-mir-449b,1.1560126815726874,1.6557040940510415,-0.499691412478354,0.09799086842278187,0.27008083876243766
3,hsa-mir-6895,-0.4675153164994085,0.03842025288598801,-0.5059355693853965,6.4704620514828924e-6,8.273705574027305e-5
3,hsa-mir-34c,3.845022053213878,4.35457150749926,-0.5095494542853825,0.02090628484963814,0.08072723852830568
3,hsa-mir-3620,1.1036331232626695,1.6138383663373812,-0.5102052430747117,1.839688445292157e-5,2.1258622034487149e-4
3,hsa-mir-1229,2.277429833352449,2.7897305570319713,-0.5123007236795223,3.861642223965971e-4,0.0029386155460423974
3,hsa-mir-520g,-1.6153595280516608,-1.099753213215844,-0.5156063148358168,1.4577029094435887e-7,2.878501947762023e-6
3,hsa-mir-20a,3.8673125795927548,4.382961628760731,-0.5156490491679766,0.005284749381929515,0.026680288141780077
3,hsa-mir-196a-2,0.06817607792469754,0.5840470387936278,-0.5158709608689303,0.03487484200973141,0.12178542775138299
3,hsa-mir-668,-1.1724743139146696,-0.6556639348518009,-0.5168103790628688,1.8594221706033414e-07,3.5811093656064352e-6
3,hsa-mir-4713,-0.42712060122125667,0.09338537839198995,-0.5205059796132466,1.5725081141244583e-4,0.0013478640978209643
3,hsa-mir-1197,-1.3164098356545801,-0.7958538769762127,-0.5205559586783675,7.638413591480698e-6,9.49896209719443e-5
3,hsa-mir-7706,4.052986042495009,4.5737915048253,-0.5208054623302907,1.3692591984842879e-6,2.136044349635489e-5
3,hsa-mir-376c,-1.4017408838253076,-0.8808686736978011,-0.5208722101275065,9.570742941825662e-8,1.964520919637899e-6
3,hsa-mir-6720,-0.0807901053942007,0.44036135855623937,-0.5211514639504401,0.0014294742813056583,0.008543984210102785
3,hsa-mir-3691,-0.0797096942066573,0.44440847594038646,-0.5241181701470438,3.573749513657723e-5,3.792550504289829e-4
3,hsa-mir-4662a,0.2776403987695164,0.8034089688102554,-0.525768570040739,0.0033452943144638985,0.018120344203346118
3,hsa-mir-329-1,-0.6613634297469265,-0.1349138522631872,-0.5264495774837393,3.0262531732206083e-5,3.2784409376556594e-4
3,hsa-mir-4423,-0.5107591172015334,0.01996449179256972,-0.5307236089941032,0.0016020234997341273,0.009466502498428933
3,hsa-mir-299,2.184354085469954,2.7195574553116395,-0.5352033698416854,5.3399549202249374e-5,5.374406242290904e-4
3,hsa-mir-127,10.423322210488994,10.960293158314789,-0.5369709478257949,2.8966487395942896e-6,4.107974576151902e-5
3,hsa-mir-335,4.865144033351463,5.404204744869733,-0.5390607115182702,8.866254326708972e-5,8.247091804704798e-4
3,hsa-mir-34b,1.8620483358337367,2.401976006679038,-0.5399276708453014,0.01768155233739484,0.07090802479777879
3,hsa-mir-421,0.6378725288078857,1.1788590238495587,-0.540986495041673,9.810813611657294e-6,1.1956929089207327e-4
3,hsa-mir-154,1.2485923363557674,1.7918758415123635,-0.5432835051565961,2.4074673066096636e-7,4.580059754037896e-6
3,hsa-mir-1910,-0.5959588856203772,-0.05171826527705903,-0.5442406203433182,8.881483481989781e-5,8.247091804704798e-4
3,hsa-mir-450a-2,-1.393581500094411,-0.848220398523732,-0.545361101570679,7.753188653466449e-12,4.031658099802553e-10
3,hsa-mir-6807,-0.7633398951831059,-0.21452236238934613,-0.5488175327937597,4.057969624223249e-7,7.112845633469964e-6
3,hsa-mir-301b,-0.7330770769933128,-0.18401724883600215,-0.5490598281573107,8.614677826226753e-7,1.4296699371184822e-5
3,hsa-mir-654,4.430267260459393,4.985838980096274,-0.5555717196368803,3.5231223240968675e-5,3.7644320723226804e-4
3,hsa-mir-412,0.8220082383844246,1.3799183920502922,-0.5579101536658676,0.0026681537666473844,0.014972373654568055
3,hsa-mir-218-2,1.1899477980367896,1.7490409722458706,-0.559093174209081,5.033184507268738e-4,0.003601728362999647
3,hsa-mir-429,3.277565577815041,3.8447687841247764,-0.5672032063097352,9.526634128499838e-5,8.640435604918459e-4
3,hsa-mir-449c,-0.5100749631014169,0.05870569421523448,-0.5687806573166514,0.009873057239669426,0.043880254398530785
3,hsa-mir-449a,0.33296940777609235,0.9044158719772882,-0.5714464642011958,0.038295349612484736,0.13158754492395636
3,hsa-mir-219a-2,-1.4403327181726284,-0.8640575932889902,-0.5762751248836382,5.384502583474703e-7,9.33313781135615e-6
3,hsa-mir-518f,-1.6747129390390723,-1.0981963612417855,-0.5765165777972867,1.811360759442441e-8,4.5576173947261416e-7
3,hsa-mir-135b,2.2655804309215846,2.8425660577883862,-0.5769856268668017,0.00677327663969777,0.03261207270965593
3,hsa-mir-516b-1,-1.6685617868826024,-1.0898520184813676,-0.5787097684012348,3.3927370540881626e-8,8.269796569339896e-7
3,hsa-mir-518a-1,-1.6405095795315459,-1.0616775895226158,-0.57883199000893,4.27353002309556e-9,1.30719741882923e-7
3,hsa-mir-329-2,-0.6126215138236062,-0.027331995063708012,-0.5852895187598982,1.443667459775466e-6,2.2298230071779474e-5
3,hsa-mir-512-1,-1.6300715623392847,-1.0428635666697517,-0.5872079956695331,3.1729663092581783e-7,5.823326402873833e-6
3,hsa-mir-520d,-1.6084869184457837,-1.0176219392110994,-0.5908649792346843,7.423779448736394e-9,1.996740679315306e-7
3,hsa-mir-512-2,-1.6389324753574626,-1.047030460392519,-0.5919020149649437,5.794377578283375e-8,1.2731308481862062e-6
3,hsa-mir-541,0.11717469507536026,0.7117053565886998,-0.5945306615133396,0.001829984019193223,0.010652145783363537
3,hsa-mir-767,1.4080838745129496,2.0101571184402323,-0.6020732439272827,0.0030102735310306083,0.016652576980169323
3,hsa-mir-105-1,0.7046410356968716,1.3102893497828114,-0.6056483140859398,0.0011059162409533783,0.00701312738165557
3,hsa-mir-301a,-0.7440446400357148,-0.13580797397477173,-0.6082366660609431,7.672238616964731e-6,9.49896209719443e-5
3,hsa-mir-660,1.9867175125374874,2.5988155644356783,-0.6120980518981909,5.696787474357863e-6,7.405823716665222e-5
3,hsa-mir-6834,0.2962171556709296,0.9208928910517127,-0.624675735380783,1.231884174686964e-6,1.9609584821547592e-5
3,hsa-mir-3065,3.224625082962665,3.8514160532493125,-0.6267909702866477,7.53247836984552e-5,7.247231495665974e-4
3,hsa-mir-527,-1.5930785775947562,-0.9617772906368479,-0.6313012869579083,1.9719639586194004e-12,1.0986656340879517e-10
3,hsa-mir-1226,4.772276552192759,5.405108559473484,-0.632832007280725,2.7041496854421195e-9,8.60912961079532e-8
3,hsa-mir-323b,1.9494179963419076,2.5900879080357355,-0.6406699116938279,1.3309020759454134e-4,0.00115989231199712
3,hsa-mir-6728,-0.4157209561775725,0.23582126847053028,-0.6515422246481027,6.251149140837623e-8,1.3370639997585252e-6
3,hsa-mir-517c,-1.6293296698574578,-0.9771844762379202,-0.6521451936195376,5.678454061972915e-8,1.2654840480968209e-6
3,hsa-mir-518a-2,-1.605579796934981,-0.9503326858522515,-0.6552471110827295,2.024126944593143e-10,7.701556179427569e-9
3,hsa-mir-375,10.07873802028467,10.741759830558157,-0.6630218102734879,5.977185757219277e-4,0.0041813496776959965
3,hsa-mir-496,0.3061677577483413,0.9788194511546069,-0.6726516934062656,2.3657681753985355e-6,3.417220697797885e-5
3,hsa-mir-503,3.0245460602062932,3.6978135177431533,-0.67326745753686,1.0764756062698237e-7,2.180911617897305e-6
3,hsa-mir-519d,-1.5643945232742082,-0.8850879463218253,-0.679306576952383,5.403097925531538e-8,1.2215699657723478e-6
3,hsa-mir-758,2.806752363016491,3.488338515687577,-0.6815861526710858,2.920936399054479e-7,5.424596169672605e-6
3,hsa-mir-369,0.6092868842002905,1.296076401329746,-0.6867895171294556,7.409581905002532e-8,1.562019969162696e-6
3,hsa-mir-105-2,0.6186287326801292,1.3092381876079489,-0.6906094549278197,1.1733587658424965e-4,0.0010341467088781325
3,hsa-mir-507,-1.6287216972060488,-0.9369660805994952,-0.6917556166065536,1.1024506433620464e-15,9.051700019183118e-14
3,hsa-mir-372,-1.381123836860494,-0.6824036449421149,-0.698720191918379,1.7348999466570234e-12,1.0023866358462802e-10
3,hsa-mir-4745,0.873241208817509,1.5741641343217991,-0.7009229255042901,2.7002581840778714e-7,5.075184056821059e-6
3,hsa-mir-1251,1.1733184389189437,1.877776944380337,-0.7044585054613932,0.00066532141057128495,0.004592484072969931
3,hsa-mir-1323,-1.6082560599983704,-0.9006815321098205,-0.7075745278885499,6.064790022367179e-10,2.150243735202909e-8
3,hsa-mir-520b,-1.2313459080896512,-0.5070709071474577,-0.7242750009421934,7.111828929072981e-9,1.9463952858515528e-7
3,hsa-mir-203b,2.342059110061389,3.0702202720532856,-0.7281611619918968,1.6394384696200326e-5,1.9229503854189858e-4
3,hsa-mir-370,4.060894959539712,4.794438190718099,-0.7335432311783867,1.6502512543150592e-8,4.2203146831663813e-7
3,hsa-mir-433,2.2883624637608513,3.024334690991513,-0.7359722272306617,2.9737338619505424e-8,7.363531467687057e-7
3,hsa-mir-338,3.6738897744744303,4.412153402485814,-0.7382636280113832,2.9870759800460556e-6,4.198052728713376e-5
3,hsa-mir-519a-1,1.9499084147371049,2.695280815341164,-0.745372400604059,1.9396290346107418e-4,0.0016009636476152155
3,hsa-mir-337,2.465386625683561,3.217777746352574,-0.7523911206690128,5.5108253549696724e-9,1.6532476064909017e-7
3,hsa-mir-3200,5.129030070878123,5.882098552605076,-0.7530684817269533,3.229424615478834e-7,5.858026046682536e-6
3,hsa-mir-374a,0.5011110856265938,1.2623248568227947,-0.7612137711962009,9.22965138064353e-5,8.469562443414062e-4
3,hsa-mir-1276,-0.663574132719673,0.10171103343653239,-0.7652851661562055,2.0281741316963168e-11,9.887348892019544e-10
3,hsa-mir-487b,1.3716644680780106,2.141212441285127,-0.7695479732071164,1.2507105015485644e-8,3.306963360026713e-7
3,hsa-mir-411,-0.22774701166939332,0.6076862214393027,-0.835433233108696,2.0203381686692913e-10,7.701556179427569e-9
3,hsa-mir-525,-1.5856072761681665,-0.7312117248644924,-0.8543955513036742,3.750435133863827e-8,9.001044321273185e-7
3,hsa-mir-381,2.8522673894740245,3.7179864602128245,-0.8657190707388001,2.8046760437673024e-11,1.2868513612579387e-9
3,hsa-mir-383,-1.0841457918280901,-0.21669921694447114,-0.867446574883619,3.1458355704911983e-9,9.815006979932539e-8
3,hsa-mir-379,5.792371345639871,6.663174690239408,-0.8708033445995369,8.362778784985676e-10,2.775730830761203e-8
3,hsa-mir-510,-1.6333967984893971,-0.7616022007135244,-0.8717945977758728,9.844104427375336e-20,1.2797335755587936e-17
3,hsa-mir-513b,-1.6428672814484477,-0.7582173543197398,-0.8846499271287079,1.2720614082324808e-20,2.834879709775243e-18
3,hsa-mir-144,-0.7371910969416205,0.1822098188049168,-0.9194009157465374,6.256773845023868e-8,1.3370639997585252e-6
3,hsa-mir-889,-0.7688431541911416,0.162072189222859,-0.9309153434140005,1.2607101739995305e-14,9.365275578282227e-13
3,hsa-mir-518b,-1.385719783304189,-0.453638921219878,-0.9320808620843111,1.68675076403824e-7,3.2891639898745678e-6
3,hsa-mir-518c,-1.625998889735126,-0.6851047238496383,-0.9408941658854878,6.361471570530573e-9,1.872433141514659e-7
3,hsa-mir-516a-2,-1.1787639585108423,-0.23584511200408964,-0.9429188465067526,2.9532200374996697e-14,2.0941014811361294e-12
3,hsa-mir-206,-0.11449349727734463,0.8359970388006814,-0.950490536078026,8.327916668374737e-5,7.82623494136421e-4
3,hsa-mir-522,0.432598493691861,1.3968511653585602,-0.9642526716666993,8.047150238104995e-8,1.673807249525839e-6
3,hsa-mir-432,3.438632002208282,4.4104954432587125,-0.9718634410504303,8.843670011112114e-11,3.63055926771971e-9
3,hsa-mir-424,3.4089444900424497,4.394884384766444,-0.9859398947239941,4.907813664472094e-17,4.253438509209148e-15
3,hsa-mir-543,0.8869797731303208,1.8789458783007154,-0.9919661051703945,4.866884775342468e-13,3.163475103972604e-11
3,hsa-mir-431,4.144812081629134,5.150002883723437,-1.0051908020943037,8.419123216919567e-12,4.2367200704498464e-10
3,hsa-mir-323a,2.027206107652489,3.0517464365182296,-1.0245403288657404,2.9348352436075524e-12,1.5787389586302698e-10
3,hsa-mir-410,3.0334996110358095,4.060631253491211,-1.0271316424554016,2.562748439660383e-11,1.2114810805667266e-9
3,hsa-mir-518e,-0.7113522162113559,0.33292895395734706,-1.044281170168703,5.448800158695703e-13,3.400051299026119e-11
3,hsa-mir-519a-2,0.2734087562979393,1.3258429596006398,-1.0524342033027005,6.567102873462913e-9,1.8971630523337303e-7
3,hsa-mir-136,0.31380509704123216,1.379722943171677,-1.065917846130445,5.96364498115526e-13,3.578186988693156e-11
3,hsa-mir-520a,-1.2409953692935616,-0.15243730790321006,-1.0885580613903516,2.941786894366535e-10,1.0672529198166966e-8
3,hsa-mir-9-3,3.5956941487384664,4.6909322999632055,-1.095238151224739,7.662592871098384e-10,2.598618451937713e-8
3,hsa-mir-9-1,3.6022488922180154,4.705271351456481,-1.1030224592384652,7.261527930075302e-11,3.0616171813290463e-9
3,hsa-mir-483,6.032858943397103,7.1598281141968005,-1.1269691707996978,2.8818145932732415e-4,0.0022705205886395237
3,hsa-mir-184,1.8984056156120022,3.0301320328895898,-1.1317264172775876,6.580050975803791e-10,2.2810843382786475e-8
3,hsa-mir-9-2,3.570954802442165,4.715784268815322,-1.144829466373157,1.905266467284661e-10,7.621065869138644e-9
3,hsa-mir-516a-1,-0.6294134786205567,0.5240100323142796,-1.1534235109348363,1.6577250183081092e-15,1.293025514280325e-13
3,hsa-mir-135a-1,1.0756940618442439,2.2712674478179613,-1.1955733859737174,1.3557736667662743e-9,4.406264416990391e-8
3,hsa-mir-495,-0.36226433308500505,0.8560507259206275,-1.2183150590056324,3.4179298048316533e-20,5.924411661708199e-18
3,hsa-mir-526b,-1.4488628028421433,-0.21672241876834655,-1.2321403840737968,6.991701560495286e-9,1.9463952858515528e-7
3,hsa-mir-513a-2,-1.463160481263544,-0.1893063628287804,-1.2738541184347636,1.0432837975638343e-18,1.0172017026247384e-16
3,hsa-mir-517a,-1.5511858957360698,-0.27253732058335745,-1.2786485751527124,5.1583370471771617e-11,2.2352793871101036e-9
3,hsa-mir-517b,-1.5525070519032045,-0.27316580851066735,-1.279341243392537,5.0789903048880444e-11,2.2352793871101036e-9
3,hsa-mir-513a-1,-1.5084506169152248,-0.1996661500366149,-1.30878446687861,7.718700850045093e-20,1.2007531387172848e-17
3,hsa-mir-542,1.419007996790678,2.74860452864307,-1.3295965318523921,6.771229081054187e-25,3.521039122148177e-22
3,hsa-mir-514b,-1.5440997512705357,-0.21436646735518816,-1.3297332839153475,1.941528664945391e-22,7.571961793287026e-20
3,hsa-mir-1269b,1.3349608068969951,2.7936027529234964,-1.4586419460265012,0.001264906591542881,0.00776871764884604
3,hsa-mir-514a-3,-0.8507846758693853,1.7815318351702356,-2.6323165110396207,3.2716385611805635e-22,8.506260259069465e-20
3,hsa-mir-513c,-0.6045330154253241,2.0623064409994294,-2.6668394564247535,2.7760630345190027e-22,8.506260259069465e-20
3,hsa-mir-514a-2,-0.865987893935226,1.8353721561013665,-2.7013600500365924,1.5598805747075756e-26,1.216706848271909e-23
3,hsa-mir-514a-1,-0.9080373846520864,1.8393843521161075,-2.747421736768194,6.378468975567261e-27,9.950411601884928e-24
3,hsa-mir-509-2,3.2668250408041284,6.072345610748312,-2.8055205699441834,2.186609759571498e-18,2.00653601466561e-16
3,hsa-mir-509-1,3.2662493282758165,6.088057363937304,-2.821808035661488,8.55158275016153e-19,8.893646060167991e-17
3,hsa-mir-506,0.15668584770313526,3.008724501746726,-2.8520386540435907,3.263163825204921e-20,5.924411661708199e-18
3,hsa-mir-509-3,3.384776912449976,6.299303718680642,-2.914526806230666,3.729829619392992e-19,4.156095861609334e-17
3,hsa-mir-508,4.828402782630963,8.122833143094748,-3.2944303604637852,1.689394056204099e-19,2.0272728674449188e-17
3,hsa-mir-202,0.7054958348076795,4.178784410573064,-3.4732885757653844,8.466849055057778e-20,1.2007531387172848e-17
4,hsa-mir-517a,3.601049543286011,-1.4946058327270662,5.095655376013077,2.4697543812656296e-53,6.421361391290637e-51
4,hsa-mir-517b,3.5983293689756235,-1.495275585506239,5.0936049544818625,2.426662919998485e-53,6.421361391290637e-51
4,hsa-mir-526b,3.5221472287951108,-1.3952557557040466,4.917402984499157,2.3462474582027716e-48,2.8154969498433257e-46
4,hsa-mir-520a,2.8284005449542384,-1.145881377411001,3.9742819223652397,8.06628080854102e-41,6.291699030661996e-39
4,hsa-mir-518c,2.289541144645247,-1.6027740708695275,3.892315215514775,5.929859456200756e-55,3.083526917224393e-52
4,hsa-mir-518b,2.457354356566495,-1.3574103994022673,3.8147647559687625,5.362736629392871e-46,5.22866821365805e-44
4,hsa-mir-525,1.9525512992691594,-1.5619373250498088,3.514488624318968,6.853374798143097e-54,2.672816171275808e-51
4,hsa-mir-519d,1.2705247483059114,-1.5488086704161448,2.8193334187220565,2.3957286989939357e-51,4.1525964115894885e-49
4,hsa-mir-517c,1.131305722878202,-1.620154777502061,2.7514605003802632,1.3908906316156665e-55,1.08489469266022e-52
4,hsa-mir-1323,1.1392230731595248,-1.561590597722851,2.7008136708823756,2.3642206447504497e-49,3.0734868381755847e-47
4,hsa-mir-520b,1.4737963106093013,-1.16769990516314,2.6414962157724413,9.762554679343834e-38,6.345660541573493e-36
4,hsa-mir-518e,2.090158969005978,-0.4567939562974162,2.546952925303394,8.179725608553386e-27,4.253457316447761e-25
4,hsa-mir-518a-2,0.9762999935404885,-1.5679336321676491,2.5442336257081375,3.9599292948038656e-52,8.8249852855629e-50
4,hsa-mir-512-1,0.8635371772622699,-1.6229751376495554,2.4865123149118253,1.6102285415428053e-49,2.283596840733433e-47
4,hsa-mir-518f,0.7663752360954431,-1.6666910667213815,2.4330663028168247,1.1043048259340712e-59,1.7227155284571512e-56
4,hsa-mir-516b-1,0.7466051333179397,-1.6552934467105884,2.401898580028528,6.610686384621497e-50,1.0312670760009535e-47
4,hsa-mir-512-2,0.7691016449623742,-1.6161485067351902,2.3852501516975644,6.027719730729567e-44,5.224023766632291e-42
4,hsa-mir-516a-2,1.3774997660444028,-0.9528666388098402,2.330366404854243,6.351896415413758e-29,3.4168822096708495e-27
4,hsa-mir-520d,0.7451106445379166,-1.5783032258137184,2.323413870351635,3.885498875148401e-46,4.122563045702457e-44
4,hsa-mir-519a-2,2.846301275551733,0.5670642032484182,2.2792370723033146,1.4916718308197068e-16,6.123705410733533e-15
4,hsa-mir-516a-1,1.9971659273142157,-0.27895692642351133,2.276122853737727,5.098467218636259e-23,2.4101845033553224e-21
4,hsa-mir-144,1.7567701205382973,-0.5171435604993136,2.273913681037611,5.38630245411361e-22,2.400751950976352e-20
4,hsa-mir-518a-1,0.6404191051258672,-1.6072757244056173,2.2476948295314845,7.572792348165495e-52,1.4766945078922715e-49
4,hsa-mir-527,0.5606666364606122,-1.5073592192896692,2.0680258557502813,4.042166696447642e-39,2.866263657481055e-37
4,hsa-mir-523,0.38122013250587483,-1.666521520255024,2.047741652760899,3.964002928560055e-46,4.122563045702457e-44
4,hsa-mir-520g,0.3500588277926479,-1.5759239390806252,1.9259827668732732,5.835721079989415e-36,3.501432647993649e-34
4,hsa-mir-519a-1,3.884288019124274,2.1412692024374422,1.7430188166868317,1.9690211819676967e-8,6.268720497693075e-7
4,hsa-mir-520f,0.08858254025770365,-1.603492407473865,1.6920749477315686,3.335016088558863e-38,2.2620109122399245e-36
4,hsa-mir-515-2,-0.06390498839475586,-1.6805297580831267,1.6166247696883709,6.764645292171234e-42,5.554129818835329e-40
4,hsa-mir-515-1,-0.08856518868867438,-1.674911955820284,1.5863467671316096,2.5127653097943876e-45,2.3058316960466145e-43
4,hsa-mir-516b-2,-0.08676090881202934,-1.6703647146057916,1.5836038057937623,5.839155086700585e-40,4.337658064406149e-38
4,hsa-mir-522,2.3208680088714893,0.7711372461922791,1.5497307626792103,6.8073358440919854e-9,2.3085747645181515e-7
4,hsa-mir-372,0.35188864031388306,-1.1898444511608905,1.5417330914747736,1.8232323773745684e-22,8.36541914324802e-21
4,hsa-mir-520h,-0.16957179804599953,-1.6368310190322803,1.4672592209862807,1.72263503896368e-35,9.597538074226217e-34
4,hsa-mir-521-1,0.08642206830791896,-1.2156384399122784,1.3020605082201973,4.3062676601912086e-24,2.0993054843432143e-22
4,hsa-mir-374a,2.042994281809929,0.7607770348525534,1.2822172469573756,9.141226096536961e-18,3.961197975166017e-16
4,hsa-mir-524,-0.4281644854241185,-1.6785630067602197,1.2503985213361013,6.235827264799113e-36,3.60292241966171e-34
4,hsa-mir-519c,-0.46749283298812816,-1.6814366076583698,1.2139437746702417,4.769666087683758e-36,2.976271638714665e-34
4,hsa-mir-675,7.6482988773520795,6.440179757906457,1.2081191194456222,0.001479315097598924,0.01995846670992054
4,hsa-mir-542,3.202484892402962,2.0073314180960637,1.1951534743068981,4.533049192812042e-15,1.8132196771248169e-13
4,hsa-mir-424,4.9447937818598,3.8135995737513264,1.1311942081084734,5.668080094314072e-12,2.0563267318906865e-10
4,hsa-mir-1269a,9.563337401411284,8.538290487734278,1.0250469136770057,0.10128605733046311,0.21410060899122285
4,hsa-mir-142,2.902695841960299,1.9183922252299008,0.984303616730398,8.298460019467451e-9,2.7543824745466434e-7
4,hsa-mir-498,-0.777289425099321,-1.6669015313151379,0.8896121062158169,2.897230872930558e-25,1.4579613425069906e-23
4,hsa-mir-1283-2,-0.4395691482136866,-1.3123130537395893,0.8727439055259028,1.3378690451276924e-14,5.217689275998001e-13
4,hsa-mir-483,7.384759530998157,6.55519418114028,0.8295653498578774,0.09300234023813549,0.20245178262381175
4,hsa-mir-136,1.6179873920427426,0.8040633759718735,0.8139240160708691,1.1554718761474863e-5,2.773132502753967e-4
4,hsa-mir-210,9.21977610737695,8.410695317692754,0.8090807896841952,1.0736431348256775e-6,2.9383917374176437e-5
4,hsa-mir-451a,4.969085832050097,4.185278955504942,0.7838068765451549,1.1040603374303715e-4,0.002266229113672868
4,hsa-mir-1343,3.6708561180697017,2.918749984184016,0.7521061338856856,3.842690271690307e-6,9.668704554575611e-5
4,hsa-mir-1229,3.1711004634424174,2.4735233058836306,0.6975771575587868,1.4460434696770343e-4,0.0028197847658702167
4,hsa-mir-1283-1,-0.7698670113515051,-1.452490683464461,0.6826236721129559,4.816325843955862e-12,1.7889210277550346e-10
4,hsa-mir-521-2,-0.7679203266775692,-1.4430615949763157,0.6751412682987465,1.815979232874123e-10,6.295394673963626e-9
4,hsa-mir-376c,-0.5472884458755101,-1.1943412398981554,0.6470527940226454,1.4559219076005327e-8,4.7317461997017314e-7
4,hsa-mir-520c,-1.064371012296143,-1.6915311103445356,0.6271600980483927,1.5306056100965915e-17,6.453364193920764e-16
4,hsa-mir-520e,-1.0883242296850766,-1.6928113707930128,0.6044871411079362,9.045207506613548e-12,3.2069372068902577e-10
4,hsa-mir-1976,5.79688117755062,5.202314533108255,0.5945666444423656,1.5293970843959804e-5,3.614938563117772e-4
4,hsa-mir-328,9.090818477241186,8.506883408918435,0.5839350683227504,2.1387920252479518e-4,0.003925312422808005
4,hsa-mir-7112,0.5306832380143748,-0.02668070478744631,0.5573639428018211,0.0029074082779598906,0.03146686650202641
4,hsa-mir-1226,5.609212443935352,5.054060276603024,0.5551521673323281,4.5846661700898653e-4,0.0077739991579784664
4,hsa-mir-937,6.25463125261353,5.703517259709656,0.5511139929038738,0.014480140025816454,0.0969485769968827
4,hsa-mir-486-1,8.01352381961905,7.468829279065044,0.5446945405540049,0.020295615927833063,0.11471435089644776
4,hsa-mir-486-2,7.996770803328824,7.453631894849257,0.543138908479567,0.022679856457522643,0.12178684240148535
4,hsa-mir-935,6.0189397356213465,5.479245559452583,0.5396941761687639,0.010635167842286006,0.08381981949223233
4,hsa-mir-766,5.539911281281322,5.003296221830802,0.5366150594505195,8.33827248009133e-4,0.012878915909844033
4,hsa-mir-6879,1.0463908623223197,0.5108030012126245,0.5355878611096953,0.0019749292807818516,0.024647117424157507
4,hsa-mir-326,4.789895582361099,4.267173425265994,0.5227221570951057,9.159448943396402e-4,0.013739173415094603
4,hsa-mir-197,12.742823570721402,12.22547901545936,0.5173445552620421,6.84964698460603e-5,0.001484090179997973
4,hsa-mir-1251,2.015622063943927,1.5002341195004432,0.5153879444434839,0.08475940301338832,0.19199395385531073
4,hsa-mir-331,6.357625880654433,5.865136543591951,0.4924893370624819,4.5686042555485396e-4,0.0077739991579784664
4,hsa-mir-503,3.8150608515686097,3.339134345138056,0.4759265064305538,0.012876060175336912,0.0934262970861655
4,hsa-mir-6769a,0.24590004379237768,-0.22421573503909834,0.47011577883147604,0.0021608462206834235,0.026542677986347563
4,hsa-mir-3940,3.0629749380693396,2.5945491270272383,0.46842581104210135,0.01389066673937209,0.0961324346424776
4,hsa-mir-296,7.027089570562512,6.5591945835379954,0.4678949870245166,0.005210946056387531,0.049567535658320415
4,hsa-mir-504,3.0861349044074537,2.6196239850594485,0.46651091934800526,0.039564672395721506,0.1264312435063456
4,hsa-mir-1228,3.2628942851586666,2.799483097722837,0.46341118743582976,0.001725259875487647,0.022243019882320077
4,hsa-mir-6808,2.43329631492688,1.9783439694862264,0.45495234544065366,0.01864190190248515,0.10974100742595032
4,hsa-mir-4713,0.2506364687770763,-0.19377869410788662,0.4444151628849629,0.028235388170352673,0.12178684240148535
4,hsa-mir-1237,0.13758059862467029,-0.30545621132849876,0.4430368099531691,0.00236666696597567,0.02796970050698519
4,hsa-mir-450b,-0.892561168917477,-1.3254368266272338,0.4328756577097568,2.985271025375596e-6,7.634463605878573e-5
4,hsa-mir-6798,1.770343527129112,1.3413344652746217,0.42900906185449017,0.0035752333619057074,0.037182426963819355
4,hsa-mir-1914,0.8065319449475367,0.3790501134653615,0.42748183148217517,0.015439865984187607,0.10024709631049113
4,hsa-mir-6730,1.0399333019327688,0.6133897001751941,0.42654360175757466,0.03901779398946848,0.1257212701682646
4,hsa-mir-6726,0.27165844561234576,-0.14625664335749822,0.417915088969844,0.00441339964860364,0.043575338302668847
4,hsa-mir-6511b-2,4.1355414140949955,3.720761722231807,0.41477969186318875,8.828292476082464e-4,0.013502094375184947
4,hsa-mir-6845,0.03541842902862633,-0.37679421960416154,0.4122126486327879,0.00794855819152474,0.06949753817208078
4,hsa-mir-6750,0.29246677005271526,-0.11932154263580647,0.41178831268852173,0.01623485452507969,0.10264905352487705
4,hsa-mir-6810,2.2925105144154685,1.8815640245473129,0.41094648986815563,0.005018362944358033,0.04802850425275172
4,hsa-mir-4488,-0.8121448280591218,-1.219505120027514,0.4073602919683922,0.010325260467523174,0.08218064453742935
4,hsa-mir-642a,1.682662673562787,1.2804000442295023,0.4022626293332847,0.016519152841844853,0.10307951373311189
4,hsa-mir-519b,-1.2923556852240319,-1.6939863692882922,0.4016306840642603,4.2964322688726356e-12,1.6347400827905638e-10
4,hsa-mir-6803,1.605470077037544,1.2055412618970665,0.3999288151404776,0.001479197052039571,0.01995846670992054
4,hsa-mir-4732,0.8191467045686315,0.421249242976829,0.3978974615918025,0.08879027429017122,0.19703104963395035
4,hsa-mir-6511b-1,4.126905011260564,3.736408714610106,0.3904962966504577,0.0020594476734211143,0.025497923575689987
4,hsa-mir-4433b,-0.025554605213747156,-0.40035086883608045,0.3747962636223333,0.1297040601089643,0.251664594241274
4,hsa-mir-3653,3.7979461808659933,3.425921396469823,0.37202478439617037,0.005615984762162028,0.051988759329104156
4,hsa-mir-6812,0.37890461931835795,0.007896887461268175,0.3710077318570898,0.0380615511218636,0.12479749942362112
4,hsa-mir-7702,2.2459640110022554,1.8827137890617973,0.3632502219404581,0.08727550124029584,0.1948915587933954
4,hsa-mir-4685,1.1653661518763814,0.8040004131666015,0.36136573870977984,0.004252102579303431,0.042521025793034316
4,hsa-mir-616,2.1745161124839387,1.816127353955132,0.3583887585288068,0.015725299817456163,0.10095254203799019
4,hsa-mir-6891,0.46653151549104194,0.12066072359883481,0.34587079189220715,0.03370294234484305,0.12457741792514601
4,hsa-mir-6842,3.451377203612501,3.105527696013241,0.3458495075992598,0.019115771503055472,0.11003912747146324
4,hsa-let-7d,12.853876063816173,12.508486288468548,0.34538977534762516,0.005632115593986284,0.051988759329104156
4,hsa-mir-3132,-0.24108683792371172,-0.585847862710929,0.3447610247872173,0.06314071935577464,0.1604226745847043
4,hsa-mir-99b,18.19658474409706,17.852999491571953,0.34358525252510574,9.693944428595496e-4,0.014266559725102806
4,hsa-mir-3651,2.4694664977270553,2.126301821613611,0.34316467611344414,0.08434236736746031,0.19179896952367068
4,hsa-mir-1306,6.589237069569984,6.248451133331924,0.34078593623805986,0.006530755485785993,0.05821702033043514
4,hsa-mir-4665,0.406353612550656,0.06671261713110074,0.3396409954195553,0.03908642053308226,0.1257212701682646
4,hsa-mir-6780b,-0.45640963463408407,-0.7955811784698865,0.33917154383580245,0.05394863405399346,0.14884300352698474
4,hsa-mir-6734,0.41207211419937584,0.07432300848352054,0.3377491057158553,0.013577143239568304,0.0952375016878404
4,hsa-mir-636,1.3703295513865164,1.03379205487709,0.3365374965094263,0.11583635672435995,0.23468144998701493
4,hsa-mir-5008,-0.3701573924707619,-0.7057953675514115,0.3356379750806496,0.029045675013500694,0.12178684240148535
4,hsa-mir-6882,0.020285770201191322,-0.31139031164000414,0.33167608184119546,0.035367140312935454,0.12479749942362112
4,hsa-mir-6895,0.09996535804831963,-0.22717876661815797,0.3271441246664776,0.12669943216530283,0.2479938697338424
4,hsa-mir-3605,4.302714359329577,3.9768925298697444,0.3258218294598323,0.004248300200116779,0.042521025793034316
4,hsa-mir-6833,0.9927699587913645,0.6676158174418606,0.32515414134950393,0.02200944251951642,0.1208969377832592
4,hsa-mir-6743,-0.11417515930419005,-0.43830320557206653,0.3241280462678765,0.06540681009662812,0.16309298850055967
4,hsa-mir-4632,0.17449758572259572,-0.14340325581962357,0.3179008415422193,0.05533551109232426,0.14884300352698474
4,hsa-mir-4763,0.32823063617398085,0.011046206252759892,0.317184429921221,0.05972965037803603,0.15325370820680298
4,hsa-mir-375,10.720236711064373,10.408833217589892,0.31140349347448115,0.21236307837652674,0.35243234283764013
4,hsa-mir-7110,1.5185782477004874,1.209704421635112,0.3088738260653754,0.06480472265581302,0.16309298850055967
4,hsa-mir-6727,-0.32572599235148264,-0.6332212366956692,0.30749524434418657,0.09593611163377426,0.20699907904382828
4,hsa-mir-550a-3,2.1305435910592254,1.8280883380934592,0.30245525296576625,0.04324560816994489,0.13332638091919768
4,hsa-mir-345,5.54195935305259,5.240383050110664,0.3015763029419265,0.011219939815891422,0.08459280858839141
4,hsa-mir-339,7.110196010972194,6.809176072092301,0.3010199388798931,0.007683530210645554,0.0677192493141642
4,hsa-mir-4758,3.0692688546625626,2.7739405900914416,0.29532826457112105,0.27980703448555355,0.4356277183607421
4,hsa-mir-105-2,1.257093136001758,0.9668627539820329,0.2902303820197252,0.18297160585022176,0.31574746142294907
4,hsa-mir-3619,0.48566042384698493,0.19683568246581923,0.2888247413811657,0.058120802079435575,0.1511140854065325
4,hsa-mir-32,2.44391726513192,2.1558331738045466,0.2880840913273732,0.09849292745138605,0.21076675833218414
4,hsa-mir-1307,13.091824196273361,12.80466363460284,0.28716056167052173,0.019020213440826005,0.11003912747146324
4,hsa-mir-6837,1.3969220840624563,1.1115795236360848,0.2853425604263715,0.05030162160379896,0.13987616702660674
4,hsa-mir-4638,0.5704386583821989,0.2860570181845868,0.2843816401976121,0.054158610197192515,0.14884300352698474
4,hsa-mir-7703,-0.9475404071623793,-1.229796354896465,0.2822559477340857,0.03963133209910449,0.1264312435063456
4,hsa-mir-6747,1.4067667944649231,1.1301056913757763,0.2766611030891468,0.017812249020668466,0.10805931033789887
4,hsa-mir-4697,-0.6162629099826705,-0.8915150588432673,0.2752521488605968,0.06924929768466737,0.16800762735315874
4,hsa-mir-6797,0.8963845902149614,0.6256958406843862,0.2706887495305752,0.08015842075099817,0.18470773466995147
4,hsa-mir-450a-2,-0.8540698892019251,-1.1238215879695106,0.26975169876758553,0.005360972174196849,0.050685555101497484
4,hsa-mir-153-2,-1.1952963912026804,-1.4621969342417172,0.26690054303903676,2.089777206146735e-4,0.0038810148114153654
4,hsa-mir-6732,-0.968263981731795,-1.234899819360415,0.2666358376286201,0.023103361770477948,0.12178684240148535
4,hsa-mir-6729,-0.6455438003280962,-0.9114737114201453,0.2659299110920491,0.045240529232226025,0.13370476502656428
4,hsa-mir-6802,2.0777051433394673,1.8118299385300236,0.2658752048094437,0.013675128447484775,0.0952375016878404
4,hsa-mir-6849,-0.667625436437726,-0.9332686179726866,0.2656431815349606,0.043109548335309056,0.13317008990709334
4,hsa-mir-519e,-1.4354151965024546,-1.6980826617980382,0.2626674652955836,1.38311206915879e-6,3.720094530840884e-5
4,hsa-mir-1249,2.6205640120015627,2.3598963829561663,0.2606676290453964,0.05474803277418142,0.14884300352698474
4,hsa-mir-4745,1.4916187884192948,1.231064091387357,0.2605546970319379,0.2555290080829048,0.41010828457750154
4,hsa-mir-939,2.0690801359677242,1.811187187747996,0.2578929482197283,0.06984156485887168,0.16865764888520093
4,hsa-mir-885,6.068181422315443,5.812832138450651,0.25534928386479194,0.5759570800081709,0.7187944358501973
4,hsa-mir-3120,-1.2491096238707524,-1.5039042488861325,0.2547946250153801,0.002180229272055848,0.02657154425318065
4,hsa-mir-6894,0.8273412401517835,0.5776749515162463,0.2496662886355372,0.07340864376759196,0.17537133886285367
4,hsa-mir-889,-0.03152237669701627,-0.2811694959363863,0.24964711923937002,0.018848319516557188,0.11003912747146324
4,hsa-mir-6754,-0.3029901857478626,-0.5497022804022307,0.2467120946543681,0.07352493764516252,0.17538058520864452
4,hsa-mir-1234,0.633761297758838,0.38708422931311914,0.2466770684457189,0.1789628361733786,0.3115479242712576
4,hsa-mir-3620,1.6005409268372845,1.3571626438712807,0.24337828296600383,0.15584535727647222,0.28535065416818856
4,hsa-mir-4767,-1.0080064043619243,-1.2497691635388888,0.24176275917696444,0.00424812437154024,0.042521025793034316
4,hsa-mir-6774,-1.1022877669217979,-1.3440421810820125,0.2417544141602146,0.0025345016275279,0.028966916433027595
4,hsa-mir-6840,-1.0593968355982049,-1.3006750888352647,0.24127825323705987,0.026258071306746254,0.12178684240148535
4,hsa-mir-3677,1.0618505074268256,0.8235240850489117,0.2383264223779139,0.1425808572026331,0.2683388884997584
4,hsa-mir-7109,-0.7195856728904311,-0.957279198729609,0.2376935258391779,0.023473021424888323,0.12178684240148535
4,hsa-mir-6715b,-0.847668686497908,-1.0851789389170126,0.2375102524191045,0.22904511259299357,0.37297533992178494
4,hsa-mir-6746,-0.2892878172366298,-0.5222170526733712,0.23292923543674138,0.13652578337000407,0.26229091386355463
4,hsa-mir-330,5.5566580313217395,5.3249613487064424,0.23169668261529708,0.17915942784502037,0.3115479242712576
4,hsa-mir-6737,0.3223480424739865,0.09120540652561754,0.23114263594836898,0.17723166052050404,0.3099567157085048
4,hsa-mir-149,8.808226564251767,8.581974403973271,0.22625216027849504,0.2667162421192314,0.4237040098839114
4,hsa-mir-1538,0.7833301578805423,0.5582577823640412,0.22507237551650106,0.09148897699489429,0.2007353081744516
4,hsa-mir-3615,5.105062358801575,4.881935451827913,0.2231269069736621,0.08259234212903259,0.18959923939902731
4,hsa-mir-1266,6.201008473413455,5.978156624780526,0.22285184863292873,0.16196797946661284,0.29346114746564
4,hsa-mir-6751,-0.44960587148677866,-0.6717199209065474,0.22211404941976876,0.07787590579994294,0.18186588779627394
4,hsa-mir-874,7.061036521442141,6.839249387803061,0.22178713363907931,0.11330416390106574,0.2306343985001329
4,hsa-mir-193b,8.29419678293083,8.073416404373846,0.2207803785569844,0.03488938628516941,0.12479749942362112
4,hsa-mir-196b,3.7757510246163144,3.5551548201542107,0.2205962044621037,0.715864896633015,0.8133643399471984
4,hsa-mir-4754,0.03694071402209928,-0.18092756568376625,0.21786827970586553,0.0848932063316918,0.19199395385531073
4,hsa-mir-6741,0.5247775438948697,0.30720128617275644,0.2175762577221133,0.12872824969500365,0.25070670352584984
4,hsa-mir-6869,-1.184452420831194,-1.400477990628795,0.216025569797601,0.016252766808105532,0.10264905352487705
4,hsa-mir-4449,3.6510132794112007,3.4370605246563772,0.21395275475482345,0.2740271621301045,0.4304958438297714
4,hsa-mir-6785,-0.9125086964071262,-1.1245245718516932,0.21201587544456701,0.04217915452546295,0.13133628954036367
4,hsa-mir-551a,1.8905547669796128,1.6799265658596625,0.2106282011199503,0.31527070154089776,0.47199836315144
4,hsa-mir-3138,0.329656129660688,0.1204293326646451,0.2092267969960429,0.14744682196723952,0.2748112810858944
4,hsa-mir-6786,-0.4916146177318575,-0.7005594640542909,0.20894484632243343,0.13976928407842104,0.2666581240185357
4,hsa-mir-6715a,-0.024397861100660882,-0.23187421876687075,0.20747635766620987,0.4438314284717205,0.6025909733819704
4,hsa-mir-324,7.507467421977897,7.3003837539247325,0.2070836680531647,0.019308147396054607,0.11033227083459776
4,hsa-mir-6893,-1.061776148306235,-1.2653256994565367,0.20354955115030182,0.053195737731220716,0.1471371469161424
4,hsa-mir-4726,-0.29695778506220954,-0.5001259982286701,0.20316821316646055,0.12010134906317596,0.2409321898187719
4,hsa-mir-6783,0.3434151359964636,0.1417679603638801,0.20164717563258353,0.2710605713202061,0.42755762513601775
4,hsa-mir-3196,-1.2764640431890424,-1.476459083698838,0.19999504050979566,0.0059262562081252405,0.05406409172324781
4,hsa-mir-4469,0.19939105716941233,0.002936866128427538,0.1964541910409848,0.13982458041484758,0.2666581240185357
4,hsa-mir-3074,4.829644979066827,4.633215012479307,0.19642996658751954,0.12549351505222267,0.24656156609756597
4,hsa-mir-4640,1.6243763227435506,1.4283508279375199,0.1960254948060307,0.26310621531769696,0.4192499447350432
4,hsa-mir-3197,-0.5499266828521677,-0.7451855383591779,0.19525885550701017,0.10930962518697294,0.22526157898504334
4,hsa-mir-6880,-0.3303135205004263,-0.5246547401484113,0.194341219647985,0.18399563407661904,0.3171637449276527
4,hsa-mir-490,-0.7356340089460094,-0.9233594437913264,0.187725434845317,0.6236861337643974,0.7467002061952878
4,hsa-mir-505,7.221885823997997,7.034492764834571,0.1873930591634263,0.040198757278104555,0.12694344403611965
4,hsa-mir-371a,-1.1500188219123557,-1.3365914507107608,0.18657262879840508,0.002730664786219911,0.030432647198876756
4,hsa-mir-6773,-0.8161236910025357,-0.9993446006602797,0.18322090965774407,0.30571137885615046,0.46257007857962634
4,hsa-mir-3193,-0.588673168149275,-0.7694532857810898,0.1807801176318149,0.16874026990498703,0.29900732037877614
4,hsa-mir-4709,-0.33818613396673,-0.5177441527431763,0.17955801877644634,0.1684781140343022,0.29900732037877614
4,hsa-mir-3200,5.705841990906589,5.526446752721972,0.17939523818461733,0.3216659847887428,0.47699518656885814
4,hsa-mir-105-1,1.1981543801278567,1.0198718897668309,0.17828249036102584,0.3816372371600126,0.5422168396808922
4,hsa-mir-6782,-0.5858316509478023,-0.7624011826541283,0.17656953170632594,0.12416325100489001,0.24529220039058722
4,hsa-mir-346,-0.1433972773154832,-0.31952092357313505,0.17612364625765184,0.1536634846842754,0.2816862938983192
4,hsa-mir-6892,4.312751082856764,4.139928455651655,0.17282262720510833,0.3294840818140906,0.4849011015377182
4,hsa-mir-584,5.039621394733293,4.867276873949594,0.17234452078369866,0.19379776426569864,0.3296886720332496
4,hsa-mir-526a-1,-1.5272939439141606,-1.6964970670215849,0.16920312310742425,2.699067827198494e-7,7.944426057414435e-6
4,hsa-mir-6744,-1.0284051817258764,-1.196086522266599,0.1676813405407227,0.18565106074959162,0.3193116370114255
4,hsa-mir-18a,3.6585884133184376,3.4909266136513355,0.16766179966710215,0.12005440724522304,0.2409321898187719
4,hsa-mir-590,-0.9280891801946205,-1.094705467766897,0.16661628757227653,0.011749447926636743,0.08686795623484984
4,hsa-mir-2277,1.9871833747276018,1.8228881367941698,0.16429523793343193,0.45441817225594827,0.6126986592215032
4,hsa-mir-3622a,3.557012442553259,3.3945196061524796,0.1624928364007796,0.3244099429141472,0.4793404152939292
4,hsa-mir-3157,0.1320213228156338,-0.02870665710953269,0.1607279799251665,0.1793397666638393,0.3115479242712576
4,hsa-mir-6858,-0.2429665815445049,-0.40304476009658247,0.16007817855207757,0.21050485809551076,0.3500933674083121
4,hsa-mir-7976,-1.17443951058185,-1.3339055288726516,0.15946601829080165,0.09876709143631693,0.21080815136332637
4,hsa-mir-6793,0.7693251512970019,0.6116037122749911,0.15772143902201075,0.19245904999259902,0.32884569330608376
4,hsa-mir-3127,5.358185833413024,5.202323182075604,0.1558626513374195,0.22674766006775662,0.3715612917076684
4,hsa-mir-6779,-0.6204091131062981,-0.7748596056286275,0.15445049252232945,0.2886645793728597,0.4458581621996645
4,hsa-mir-1254-2,2.312268942456745,2.1579087633582676,0.15436017909847743,0.41862283403620987,0.5799747967109125
4,hsa-mir-4799,-1.4035817580012342,-1.5578075278973256,0.15422576989609138,0.016775986541350898,0.10385134525598175
4,hsa-mir-4804,-1.1001320931178271,-1.2497339590161343,0.14960186589830715,0.1503531020874967,0.2787360595002197
4,hsa-mir-7155,0.25042561397953733,0.10164695790274274,0.14877865607679458,0.4411883400366005,0.6010950309668968
4,hsa-mir-4728,4.6401349478039124,4.492106683584135,0.14802826421977766,0.2289096719278447,0.37297533992178494
4,hsa-mir-550a-1,3.1409548656733612,2.9929299408559977,0.1480249248173635,0.31757643145260306,0.4736321539828497
4,hsa-mir-605,0.3435304153877791,0.19631406033650592,0.1472163550512732,0.4451771314204253,0.6038924565355335
4,hsa-mir-6836,-1.0437429708572148,-1.1907306861895801,0.14698771533236532,0.127730606855786,0.2496989306955215
4,hsa-mir-4254,-1.2160020941713223,-1.3629663277205548,0.1469642335492325,0.06970794869421025,0.16859596893483408
4,hsa-mir-6814,0.17814640075267255,0.03268519106867771,0.14546120968399484,0.45408183875723496,0.6126986592215032
4,hsa-mir-4787,2.5371839112042296,2.3924651969405613,0.14471871426366834,0.30463158896546094,0.4618321465365589
4,hsa-mir-6801,-0.9432715524792299,-1.0867375621762831,0.14346600969705325,0.16166308737903065,0.29346114746564
4,hsa-mir-4433a,-0.8966117905878932,-1.0398907414132281,0.14327895082533493,0.1354628420542271,0.2605697085136797
4,hsa-mir-658,0.4603421480251612,0.31750972181426246,0.14283242621089876,0.22098715314387626,0.36326655311322126
4,hsa-mir-6769b,-0.7726771836130252,-0.915422514866095,0.14274533125306987,0.17391185819590732,0.3055208319657831
4,hsa-mir-2355,1.4122828348754937,1.2697523601805454,0.14253047469494828,0.1846297458211976,0.31790552260603555
4,hsa-mir-6720,0.3342097464703051,0.19189268394594602,0.14231706252435908,0.8747507194530938,0.9158463908367962
4,hsa-mir-934,0.38799194864178566,0.24664331070063347,0.14134863794115218,0.6174973964957008,0.7450084598091982
4,hsa-mir-760,5.068743573016596,4.927567591681768,0.14117598133482812,0.42131636379689774,0.5821554716768472
4,hsa-mir-5088,-0.4134870475783183,-0.5530766776890204,0.13958963011070208,0.18666163160264687,0.32029713769166296
4,hsa-mir-1909,-1.258354074011627,-1.3976019753452549,0.13924790133362785,0.02403627522006451,0.12178684240148535
4,hsa-mir-4436b-1,-1.4934457362696942,-1.631467135591154,0.13802139932145985,0.001033540487334273,0.014835081071905667
4,hsa-mir-3150a,-0.3853946770813045,-0.5230415578128378,0.1376468807315333,0.2687151888423095,0.42557938537462214
4,hsa-mir-4716,-1.1816662611829618,-1.3179831952386851,0.13631693405572332,0.3574995030920407,0.5154336643471197
4,hsa-mir-6762,0.2835617960377136,0.14812003710342397,0.1354417589342896,0.37891580104568595,0.5403186925331537
4,hsa-mir-3187,1.6611152659342148,1.5265950027824173,0.13452026315179744,0.50608806796699,0.655728725937296
4,hsa-mir-1181,0.38781730358859584,0.25347588821890016,0.13434141536969568,0.23053578709174283,0.37462065402408207
4,hsa-mir-6763,-0.5339483695875831,-0.6675933829085502,0.13364501332096712,0.1472078910492538,0.27469415076176545
4,hsa-mir-6885,0.6250497008677286,0.49156117566109664,0.13348852520663196,0.29873815634577766,0.45599953414815375
4,hsa-mir-1250,-1.0074614542887796,-1.1401110699836665,0.13264961569488687,0.14139428936848572,0.2673637471695003
4,hsa-mir-4664,1.8775105943584127,1.7450099465271538,0.13250064783125892,0.4927292985395596,0.6446444235898404
4,hsa-mir-6813,-0.5975600929185729,-0.7298043490748748,0.13224425615630186,0.31033298673871024,0.46738502279788513
4,hsa-mir-6772,-0.8141661219670806,-0.9462654461192924,0.13209932415221182,0.25254958443044834,0.40616221825927773
4,hsa-mir-3190,-0.5302592546012147,-0.6614424592598228,0.1311832046586081,0.27527361086694285,0.43175176257343967
4,hsa-mir-2467,-1.2428792879719464,-1.3738146570282028,0.13093536905625647,0.20090861863603024,0.3395638624834314
4,hsa-mir-940,4.049401528864714,3.9189447108958295,0.13045681796888475,0.6608433995001161,0.7745422263111803
4,hsa-mir-664b,4.6467407085825085,4.517720855708382,0.12901985287412643,0.5223890426637616,0.6679728742257937
4,hsa-mir-6848,-1.4995752227144288,-1.6275165084877055,0.12794128577327668,0.0010365537415626396,0.014835081071905667
4,hsa-mir-574,8.471951003534603,8.344151473461492,0.1277995300731103,0.3041917981692161,0.4616140127859699
4,hsa-mir-6766,-0.7713963033558006,-0.8990253754072989,0.12762907205149832,0.3856082848077586,0.5458701672414732
4,hsa-mir-6748,0.30909726393913345,0.18163194399859972,0.12746531994053373,0.31275079781794995,0.4700301007668612
4,hsa-mir-491,2.783664099591057,2.657614535484305,0.12604956410675205,0.2877833724133011,0.4449376223634784
4,hsa-mir-6889,-1.280561268052155,-1.4060573904737248,0.12549612242156982,0.03421423034782178,0.12479749942362112
4,hsa-mir-611,-1.1809336128849857,-1.306251378724689,0.12531776583970333,0.1504460013456314,0.2787360595002197
4,hsa-mir-3194,-0.9864310795066777,-1.1078387508822856,0.12140767137560782,0.5364665411280285,0.684290927358728
4,hsa-mir-6816,-1.2985601020029056,-1.4189788501353022,0.12041874813239661,0.1260118423762904,0.24726852088932455
4,hsa-mir-6781,-0.2573928980407334,-0.3768386674836136,0.11944576944288021,0.5173179790820137,0.6653058923066294
4,hsa-mir-4800,-0.10900033907459031,-0.2281129097424395,0.1191125706678492,0.4989061448382715,0.6502034970323337
4,hsa-mir-6884,-0.6721035627439014,-0.7907737309659474,0.11867016822204601,0.3001043269647302,0.4570224596698911
4,hsa-mir-1291,0.7834132172209018,0.664749163997682,0.11866405322321982,0.2699007563598615,0.4265908611158905
4,hsa-mir-5010,2.060979677016448,1.9427908382468844,0.11818883876956354,0.16736247248856592,0.297702915715123
4,hsa-mir-6749,-0.0010853546264530355,-0.11894870414891091,0.11786334952245787,0.3838113020357901,0.5443142101598478
4,hsa-mir-3161,-0.8165405846564467,-0.9343708150599004,0.11783023040345364,0.38457443131116054,0.5449011015852956
4,hsa-mir-4757,-0.8474252641084572,-0.9649420370175684,0.11751677290911122,0.22761942288874015,0.37211141363501
4,hsa-mir-4750,-1.2074743589526957,-1.3245982675286572,0.11712390857596144,0.08336352143348498,0.19040570049229363
4,hsa-mir-1292,3.1556652210142873,3.039672972986286,0.11599224802800112,0.298075729336883,0.45594140336270433
4,hsa-mir-4674,-0.21229681766932518,-0.3275190114811166,0.11522219381179144,0.48225622424644354,0.6370192293179102
4,hsa-mir-495,0.417936958736713,0.30333841846122267,0.11459854027549032,0.34973738494642376,0.5079984362350289
4,hsa-mir-29b-1,3.5868808084539734,3.4731623724265894,0.11371843602738396,0.1411898582606448,0.26730118796918195
4,hsa-mir-6506,-1.5004303095792553,-1.6140186208577367,0.11358831127848146,0.025791979184666636,0.12178684240148535
4,hsa-mir-551b,-0.8186589684417626,-0.9316002820423138,0.11294131360055126,0.18268179630076875,0.31559645872558056
4,hsa-mir-4523,0.36768785559569656,0.25616956052867107,0.11151829506702549,0.45632785929555003,0.6147421938696529
4,hsa-mir-6807,-0.36067632742211897,-0.47108992238873426,0.11041359496661529,0.2753801306157516,0.43175176257343967
4,hsa-mir-3907,-1.413942222764015,-1.5243383513290338,0.11039612856501879,0.07589671849768197,0.17939224372179374
4,hsa-mir-1910,-0.19793958479201734,-0.3059556064951825,0.10801602170316515,0.5936644621800996,0.730375836751542
4,hsa-mir-3136,-1.397142635157054,-1.5044133921460991,0.1072707569890452,0.09791399240981892,0.20981569802104053
4,hsa-mir-6809,-1.250467810458008,-1.3565336393446241,0.10606582888661609,0.30906133859871376,0.4662820969187558
4,hsa-mir-933,-1.2895886635490024,-1.3932980240800181,0.10370936053101576,0.030511764175829074,0.12178684240148535
4,hsa-mir-33a,1.8640731492833702,1.7613457689221916,0.10272738036117857,0.5196445035893871,0.665554536616949
4,hsa-mir-4422,-1.4810063067183847,-1.5828838436916954,0.1018775369733107,0.00233297175470545,0.027781953720156505
4,hsa-mir-655,-1.192997065175012,-1.2944900707661668,0.10149300559115493,0.03295499415951216,0.12358122809817061
4,hsa-mir-4780,-1.4426783881109217,-1.5431261664723668,0.10044777836144503,0.027950002157841793,0.12178684240148535
4,hsa-mir-4714,-0.9248164783003939,-1.0252250098367963,0.10040853153640239,0.2694141165637837,0.4262535718453373
4,hsa-mir-484,8.116378135885308,8.01816630647617,0.09821182940913786,0.16593010620251075,0.29686781492643094
4,hsa-mir-944,-1.448810573307809,-1.546467720760276,0.09765714745246701,0.04085863665393519,0.12820662480238557
4,hsa-mir-18b,0.21081140984039978,0.11517272422356246,0.09563868561683732,0.6089048511073365,0.7415234720745082
4,hsa-mir-3936,-1.0612698660313256,-1.156525966255228,0.09525610022390252,0.3541021350298135,0.5119548940190075
4,hsa-mir-5006,-1.3289048938698758,-1.4238465089988197,0.09494161512894395,0.037066994401274436,0.12479749942362112
4,hsa-mir-106b,10.325328211647083,10.23210515085756,0.0932230607895228,0.616117287734284,0.7447128550294642
4,hsa-mir-877,5.28424526671979,5.191127719003489,0.0931175477163011,0.7853086742921238,0.8645600083949987
4,hsa-mir-6823,-1.3504046000069743,-1.4425978888637419,0.09219328885676759,0.11722367627771066,0.23687685879951895
4,hsa-mir-455,7.835106714862148,7.74552388031995,0.08958283454219806,0.5025354745580122,0.6527521567947535
4,hsa-mir-4286,-0.13038648355604637,-0.21980167360787928,0.0894151900518329,0.30028719305233226,0.4570224596698911
4,hsa-mir-3937,-1.1310982922340607,-1.2203608236961576,0.08926253146209695,0.20443334407669217,0.3440302230416826
4,hsa-mir-6500,-1.548300613098744,-1.6372111334568908,0.08891052035814684,0.008262306777778198,0.07121104184162425
4,hsa-mir-6738,-0.8742042691990366,-0.9631053841934638,0.08890111499442721,0.3303764151687518,0.48551470901963806
4,hsa-mir-29b-2,5.5169646774961665,5.428483422633028,0.0884812548631384,0.2151167738343749,0.3554895838788399
4,hsa-mir-1236,-0.8441526931349121,-0.9310687019267065,0.0869160087917944,0.7793153692590591,0.8616101885500583
4,hsa-mir-4736,-1.3355741719427685,-1.4216885712308345,0.08611439928806597,0.09921503173056756,0.21086573501319533
4,hsa-mir-373,-1.4411260474541272,-1.5272312780602728,0.08610523060614561,0.03335859503092541,0.1241533924580195
4,hsa-mir-3655,-0.7052510051346533,-0.7907450812152425,0.08549407608058912,0.43356765726893187,0.5938240081997662
4,hsa-mir-4525,-0.3605157996686815,-0.44544478494126266,0.08492898527258114,0.4218655334584836,0.5823984355710039
4,hsa-mir-550a-2,3.1275712408632956,3.0430658349982624,0.08450540586503319,0.7137739394948215,0.8117465717846019
4,hsa-mir-298,-1.5693375042210953,-1.6535735207794706,0.08423601655837532,7.531917306100922e-4,0.011749790997517438
4,hsa-mir-200a,9.493429245086245,9.410782682101969,0.08264656298427653,0.38148587810035883,0.5422168396808922
4,hsa-mir-6846,-0.9769963386000896,-1.059370158424583,0.08237381982449332,0.3783631427151038,0.5400242476080165
4,hsa-mir-579,-0.26630796231011167,-0.34701532732967283,0.08070736501956116,0.5607198075985869,0.7059206197949768
4,hsa-mir-4725,0.20057406413027073,0.12044386949150254,0.08013019463876819,0.3993021641910113,0.5606763061547954
4,hsa-mir-6825,-0.6198666842431968,-0.6998100116469586,0.07994332740376175,0.27388718747746177,0.4304958438297714
4,hsa-mir-561,-1.5695227697536427,-1.6492754387720703,0.07975266901842759,0.007974397008206706,0.06949753817208078
4,hsa-mir-526a-2,-1.615061757841424,-1.6943593908135268,0.0792976329721029,3.610093119950924e-4,0.006327803670925215
4,hsa-mir-6778,-1.3029388185481987,-1.381452830855614,0.07851401230741528,0.14055356226772023,0.266664474786939
4,hsa-mir-4707,0.5792491926818748,0.5013460245030416,0.07790316817883325,0.7828688934698151,0.86279688754454
4,hsa-mir-3654,-1.1922308278519873,-1.2691097419320168,0.07687891408002945,0.5888004013613666,0.7278356783864753
4,hsa-mir-3928,3.323266981139531,3.24640082441149,0.07686615672804065,0.586202137188808,0.7263505432998734
4,hsa-mir-3617,-1.3807860572829347,-1.457459812021577,0.07667375473864224,0.06418480733783831,0.1621241687861861
4,hsa-mir-216a,-1.386678775639602,-1.463238268763803,0.07655949312420107,0.0592037659629616,0.15240573416207936
4,hsa-mir-6795,-0.8526568241460228,-0.9289031737055483,0.07624634955952547,0.6559504595224783,0.7705442144992968
4,hsa-mir-3609,0.049033964486492214,-0.02718077059727563,0.07621473508376785,0.5120930825755153,0.6605223054590821
4,hsa-mir-6788,-0.5389662601939358,-0.6144246740962556,0.07545841390231978,0.7878469609108888,0.865522013395061
4,hsa-mir-4731,-1.4767835802911808,-1.551197441512696,0.07441386122151505,0.022339212749065508,0.12100406905743817
4,hsa-mir-4473,-0.5933876996410241,-0.6677457227427055,0.07435802310168138,0.5421549186316552,0.689854545730328
4,hsa-mir-130a,6.480497682764177,6.406274912689839,0.0742227700743383,0.37140116372271015,0.5310594091727111
4,hsa-mir-1301,6.3738787109737896,6.303124894257479,0.07075381671631042,0.5817095275600066,0.7228725879008516
4,hsa-mir-6826,-0.648106785790678,-0.71880651928717465,0.07069973349649661,0.5841163974962443,0.7249177248163414
4,hsa-mir-3198-1,-1.2398873410974227,-1.3103335514418615,0.07044621034443876,0.3163749541757876,0.47319743865218467
4,hsa-mir-1296,5.776816929025698,5.706610458933635,0.07020647009206371,0.68402566450837,0.7910155942424442
4,hsa-mir-4683,-0.3564831903413235,-0.42650283207848355,0.07001964173716008,0.7500931594418764,0.8366042768470652
4,hsa-mir-1275,1.1401478488213528,1.070491310857723,0.0696565379636298,0.8286157659822775,0.887802606409583
4,hsa-mir-4662a,0.6318049024808496,0.5622963378059973,0.06950856467485234,0.7122705814571502,0.8110526329001125
4,hsa-mir-3155b,-1.6107057378606342,-1.6802092606535584,0.06950352279292416,0.08638866434279234,0.19335196036550367
4,hsa-mir-3162,-1.4085741792677178,-1.4780318906394925,0.0694577113717747,0.09485140049760271,0.20494208417764573
4,hsa-mir-4724,0.6810904111644115,0.6117572792116667,0.06933313195274482,0.817077468100725,0.8821043946277725
4,hsa-mir-6865,-1.3296022703279704,-1.3984228634609852,0.0688205931330148,0.43418858177602637,0.5938903455657366
4,hsa-mir-6792,-1.240328881864946,-1.3088287929335256,0.06849991106857956,0.5678802378547658,0.7121327741587095
4,hsa-mir-4646,0.28982621543628895,0.22377734683672865,0.0660488685995603,0.5467284733576446,0.6945410573598743
4,hsa-mir-5585,-1.5755738509367623,-1.6415506785078813,0.065976827571119,0.002846070413284418,0.03104804087219365
4,hsa-mir-501,7.769378702808688,7.703613182454773,0.06576552035391536,0.8550371185701671,0.9053532982048795
4,hsa-mir-6775,-1.3802176899399854,-1.4447791376073755,0.06456144766739014,0.301459350770373,0.45791293787904763
4,hsa-mir-647,-1.578743570616216,-1.6424780802460108,0.06373450962979477,0.06120807937652716,0.15627594734432468
4,hsa-mir-1260b,0.4439809749103274,0.38159337493178647,0.06238759997854093,0.7713831317203037,0.8558160643928991
4,hsa-mir-663a,-1.6281982666795403,-1.6896588150756595,0.06146054839611925,0.008778622045219966,0.07382925557102242
4,hsa-mir-33b,-0.07586097899221322,-0.13728883256524466,0.06142785357303143,0.3804605713609257,0.5415314701852592
4,hsa-mir-602,-1.56323778017808,-1.6242734523668234,0.061035672188743506,0.015474785397447753,0.10024709631049113
4,hsa-mir-6853,-0.3465003725954262,-0.40722173619258845,0.06072136359716224,0.5523662104946543,0.6995315875158837
4,hsa-mir-7108,-1.4036047948495014,-1.4633143852078998,0.0597095903583984,0.06797173871660062,0.16594039498888413
4,hsa-mir-500a,9.195051756705055,9.13543855244236,0.05961320426269623,0.9444957577815385,0.9636451158529757
4,hsa-mir-3656,-1.5549385249743428,-1.6134067269773709,0.05846820200302805,0.06651235557854762,0.16417606756730108
4,hsa-mir-544a,-1.618903718096695,-1.6769975862449338,0.0580938681482388,0.039210740754993936,0.12586163699133857
4,hsa-mir-3663,-1.5989988728914208,-1.6557859649995241,0.05678709210810329,0.03437901706751178,0.12479749942362112
4,hsa-mir-4684,-1.496139585990379,-1.5526949776363697,0.05655539164599066,0.17073410197639022,0.30182156630695506
4,hsa-mir-589,7.3746004897139725,7.318530274219528,0.056070215494444575,0.5525947335748793,0.6995315875158837
4,hsa-mir-1260a,-1.5537987218140101,-1.6092340809310153,0.055435359117005145,0.006353550225180048,0.05696286408782111
4,hsa-mir-7975,-1.6453090004619841,-1.7005894561455401,0.055280455683555996,0.002762301890191747,0.030560452489901257
4,hsa-mir-1225,-0.7533772784911209,-0.8078451980699198,0.05446791957879893,0.9391692345607381,0.960723938304755
4,hsa-mir-3622b,-0.2658391041455127,-0.3201144243742479,0.05427532022873521,0.8670907555311392,0.9108832179317019
4,hsa-mir-92a-2,15.576352318020636,15.52291960364585,0.05343271437478592,0.6227082586763133,0.7466755446080313
4,hsa-mir-141,6.9963466519475075,6.943050059848435,0.05329659209907245,0.4175488259526344,0.5795161641335494
4,hsa-mir-3168,-1.5867656010177118,-1.6400442225044207,0.05327862148670892,0.005521834236797085,0.05158120604433205
4,hsa-mir-137,-1.5994638231885399,-1.6523347934183785,0.052870970229838665,0.02431783628076671,0.12178684240148535
4,hsa-mir-612,-0.8510192692126852,-0.9034368440853747,0.0524175748726895,0.6458545333120775,0.7612404788477265
4,hsa-mir-92a-1,15.707024583565278,15.654778063528124,0.05224652003715491,0.6108666720036456,0.7416848668041279
4,hsa-mir-6080,-1.5850919902967242,-1.6369626950740537,0.05187070477732947,0.040065718888548235,0.12694344403611965
4,hsa-mir-3667,-1.2676653536376545,-1.3191168727311036,0.05145151909344903,0.33531115544729345,0.49117703614065894
4,hsa-mir-211,0.09566529376797665,0.044581075668273996,0.051084218099702657,0.9898060484872536,0.9949081415206931
4,hsa-mir-6804,-0.7891562603833022,-0.8400766583362789,0.05092039795297665,0.6122915801324963,0.7427487286210686
4,hsa-mir-6862-2,-1.1684363834517384,-1.219320099537166,0.05088371608542763,0.3356658147365393,0.49121826546810626
4,hsa-mir-126,6.701799590986529,6.651270924282324,0.05052866670420553,0.73127518290738025,0.8248657160777391
4,hsa-mir-1227,0.6503128226740563,0.5998306981101263,0.050482124563929975,0.5930682626775978,0.7302182239755742
4,hsa-mir-6787,-0.7692996754551975,-0.8192473524643188,0.04994767700912128,0.5807965081071031,0.7225219718078796
4,hsa-mir-3137,-1.3279713586010522,-1.3777657031245725,0.04979434452352027,0.40754617354696343,0.5686690793678559
4,hsa-mir-3692,-1.5753486642167795,-1.624662326616996,0.049313662400216396,0.030125857594287885,0.12178684240148535
4,hsa-mir-4516,-1.5405910700140877,-1.5897628065851779,0.0491717365710902,0.06948299068831425,0.16831283458659974
4,hsa-mir-4733,-0.8607512010804298,-0.9098401188208725,0.04908891774044266,0.7918679083863136,0.8663452086532096
4,hsa-mir-622,-1.4879403404229734,-1.5370212576319546,0.04908091720898122,0.2464647174549173,0.39760595577008373
4,hsa-mir-122,-1.5366149385414196,-1.5856470495830177,0.0490321110415981,0.06397317780370226,0.1620099957366486
4,hsa-mir-518d,-1.6509694259897816,-1.699248756214413,0.04827933022463138,0.009279477841947843,0.07659251552083934
4,hsa-mir-188,0.5925342616184747,0.5446100722309312,0.0479241893875435,0.558997431387749,0.7043909474675998
4,hsa-mir-6740,-1.1072978609721402,-1.1549183931756832,0.04762053220354301,0.6424231465070409,0.7597251090648752
4,hsa-mir-548au,-1.6211547980963594,-1.6681545488497178,0.04699975075335838,0.036281002700238894,0.12479749942362112
4,hsa-mir-4306,-1.5761013963623665,-1.6222950549939656,0.04619365863159919,0.019729718528994317,0.11232978432566107
4,hsa-mir-4717,-1.0638624858723738,-1.1095706305792798,0.045708144706906095,0.698689763857621,0.8028669849940449
4,hsa-mir-4729,-1.646940537594662,-1.6921373984739052,0.04519686087924324,0.0019403414526389612,0.02441074730739338
4,hsa-mir-1-1,-1.465673585475744,-1.5106290642101536,0.04495547873440975,0.03306797149202817,0.12370751925075286
4,hsa-mir-3173,1.59784240700355,1.5535444876999993,0.04429791930355065,0.3691530430639146,0.5288142765653874
4,hsa-mir-376b,-1.546649743977484,-1.5901715774602598,0.04352183348277583,0.013624366587102235,0.0952375016878404
4,hsa-mir-5192,-1.6242365262058927,-1.6673029368528545,0.04306641064696182,0.011457930334601242,0.08511605391418066
4,hsa-mir-4489,-1.2452464732790096,-1.288184457797513,0.04293798451850339,0.16605249118692114,0.29686781492643094
4,hsa-mir-4258,-1.6324463694405118,-1.674562960864708,0.042116591424196104,0.008636359969885057,0.07382925557102242
4,hsa-mir-3650,-1.167181881658962,-1.2088656774764985,0.04168379581753645,0.30521748077855543,0.46227113593645286
4,hsa-mir-6076,-1.5600815802465837,-1.6015858140643486,0.04150423381776491,0.06422611301914295,0.1621241687861861
4,hsa-mir-6821,-0.9866530211678545,-1.0279486434557985,0.041295622287944034,0.46353786679090025,0.6191087946864764
4,hsa-mir-511,1.9935715600969297,1.9532457735777777,0.040325786519151974,0.9236879826945527,0.9511242594082523
4,hsa-mir-548ar,-1.641697791124233,-1.6815153887680907,0.03981759764385773,0.03018773468594616,0.12178684240148535
4,hsa-mir-6886,-1.1188987941516075,-1.1571297105352862,0.038230916383678704,0.8594986549403144,0.9071839659721856
4,hsa-mir-3180-3,-1.6188383739461594,-1.6570321596298858,0.038193785683726444,0.018487751379390502,0.10924580360548933
4,hsa-mir-3943,-1.336227373161646,-1.3739333091949528,0.03770593603330674,0.15068433255838523,0.2788464517094673
4,hsa-mir-7978,-1.631222959858751,-1.6681419112365587,0.03691895137780765,0.009185042891266594,0.07621631335306323
4,hsa-mir-4436b-2,-1.5901484974403977,-1.6270443955251508,0.03689589808475313,0.07776879270346042,0.18186588779627394
4,hsa-mir-3927,-1.6594617473362419,-1.6963251877934724,0.036863440457230556,0.004759670414904646,0.04611854563510091
4,hsa-mir-764,-1.6442909571546094,-1.6807280247114766,0.036437067556867264,0.026863954505674664,0.12178684240148535
4,hsa-mir-7847,-1.6264823373701784,-1.662612751003031,0.03613041363285263,0.03626649250847849,0.12479749942362112
4,hsa-mir-1281,-1.5970073890364331,-1.631991948632188,0.03498455959575497,0.01800988505631648,0.10805931033789887
4,hsa-mir-5189,-1.5704901822423043,-1.6048052682562142,0.03431508601390987,0.05585251674601122,0.14901124683878786
4,hsa-mir-6859-4,-1.6642841988620833,-1.698589446279377,0.03430524741729357,0.011279041145118855,0.08459280858839141
4,hsa-mir-4689,-1.195390114151442,-1.2293589290556353,0.033968814904193234,0.4896017990744317,0.6429114533300618
4,hsa-mir-6861,-1.4899598016044189,-1.5238454195213964,0.03388561791697753,0.33370198903142484,0.4897225803283375
4,hsa-mir-644a,-1.6656213913417524,-1.6992377115995891,0.033616320257836785,0.011279041145118855,0.08459280858839141
4,hsa-mir-4539,-1.6407982732072957,-1.6742536411134057,0.033455367906110034,0.058956162595410394,0.15240573416207936
4,hsa-mir-3652,2.6854123302801884,2.6520389342007182,0.03337339607947021,0.9014565212081692,0.9360278472265419
4,hsa-mir-4496,-1.6442802689459806,-1.6776484382277685,0.033368169281787985,0.013302180771266504,0.0951899174457603
4,hsa-mir-1178,-1.6386848822044926,-1.671860080211376,0.03317519800688351,0.01757966142858627,0.10796957412832513
4,hsa-mir-6501,0.5067617377420083,0.47368049462933637,0.03308124311267191,0.6899246924762334,0.794304442998468
4,hsa-mir-638,-1.6218606066082975,-1.6549156345836908,0.03305502797539339,0.05956034178372962,0.1530710596089262
4,hsa-mir-1273h,-1.590729469711936,-1.623526604627373,0.03279713491543701,0.05554981484424032,0.148896410922706
4,hsa-mir-573,-1.6234611185357333,-1.6556877032961832,0.03222658476044993,0.020558714474577976,0.11578192989293012
4,hsa-mir-4721,-1.6071965055005812,-1.638583328245427,0.03138682274484572,0.030011478987516427,0.12178684240148535
4,hsa-mir-2114,-1.0331673828733274,-1.0644571336536863,0.031289750780358894,0.7932643360244469,0.8663452086532096
4,hsa-mir-4440,-1.6615791086820244,-1.692463291170718,0.030884182488693623,0.014220847967459156,0.09652488274855088
4,hsa-mir-621,-1.6497296595568103,-1.6805728547457097,0.03084319518889944,0.0190765347218047,0.11003912747146324
4,hsa-mir-552,-1.414975070761464,-1.445766081861388,0.030791011099924104,0.4156661530976973,0.5779315497615043
4,hsa-mir-548s,-1.2987805619732935,-1.3285802444047847,0.029799682431491226,0.12644477731588336,0.24780634750349
4,hsa-mir-3939,-0.9247367113026577,-0.9540336431163161,0.029296931813658444,0.8492486248913932,0.9006307646706821
4,hsa-mir-4429,-1.5926463664734853,-1.6217275955170758,0.02908122904359045,0.07137119175757144,0.17102774061722187
4,hsa-mir-6862-1,-1.2024337272145178,-1.231320353009961,0.02888662579544321,0.4673275635673301,0.6231034180897734
4,hsa-mir-548j,-1.4004185491349086,-1.4285776632645322,0.028159114129623575,0.11798191670473546,0.23810063397074682
4,hsa-mir-1469,-1.669316947731034,-1.6965072141440687,0.02719026641303479,0.014220847967459156,0.09652488274855088
4,hsa-mir-3618,-1.503697461532967,-1.5305985465742358,0.026901085041268757,0.4592086251886523,0.6175564269778427
4,hsa-mir-4661,3.824329575899419,3.798322503680247,0.026007072219171867,0.7946639912485218,0.8663452086532096
4,hsa-mir-711,-1.6746158790444654,-1.7005894561455401,0.02597357710107473,0.00885004537934692,0.07382925557102242
4,hsa-mir-4508,-1.6727999087169403,-1.6986779926172622,0.02587808390032187,0.011279041145118855,0.08459280858839141
4,hsa-mir-550b-2,-1.6670446762384934,-1.6927713618244344,0.025726685585941045,0.02350246123991722,0.12178684240148535
4,hsa-mir-4687,-0.4335500319309826,-0.4588790930363541,0.025329061105371475,0.5687323708487453,0.712628512870717
4,hsa-mir-4749,-0.34699742370775266,-0.3721626727893867,0.025165249081634034,0.7873869670832777,0.865522013395061
4,hsa-mir-7111,-0.9347299277991544,-0.9597432198812568,0.025013292082102345,0.5410313888663618,0.6889869115359383
4,hsa-mir-670,-1.6494712702003107,-1.6743320407856201,0.024860770585309444,0.04310663322414377,0.13317008990709334
4,hsa-mir-6870,-1.048659515694383,-1.0735057200913078,0.024846204396924865,0.5099948414670117,0.6602422843888285
4,hsa-mir-3180-2,-1.6298498374861112,-1.6539712299982399,0.024121392512128637,0.025821217993556612,0.12178684240148535
4,hsa-mir-3160-1,-1.651398868812776,-1.6754225273888563,0.024023658576080242,0.002562457992152441,0.028966916433027595
4,hsa-mir-6866,-1.6287929061064494,-1.652792716465714,0.023999810359264462,0.03536019312616946,0.12479749942362112
4,hsa-mir-936,-1.6767588357668344,-1.7005894561455401,0.023830620378705758,0.023244412967385237,0.12178684240148535
4,hsa-mir-4769,-1.4686309138830629,-1.4919694269734964,0.023338513090433555,0.12797265030914798,0.24985899184264185
4,hsa-mir-4485,-1.671585780711511,-1.6947801648631597,0.02319438415164865,0.014220847967459156,0.09652488274855088
4,hsa-mir-3929,-1.648468046294038,-1.6716389392650073,0.023170892970969303,0.022817954552579484,0.12178684240148535
4,hsa-mir-3529,-1.6621154723771638,-1.685218809606218,0.02310333722905411,0.010299653349938218,0.08218064453742935
4,hsa-mir-4506,-1.6524079735795076,-1.6748450870691192,0.022437113489611527,0.013083643543090042,0.09449298114453919
4,hsa-mir-19b-2,-0.37218201380733823,-0.39454748261917216,0.022365468811833933,0.2560042622248078,0.41044876574583783
4,hsa-mir-4476,-1.6578980928603073,-1.6800003315501737,0.022102238689866383,0.012634119295568826,0.09209918738825873
4,hsa-mir-6776,-0.9542216012699097,-0.976138585176325,0.021916983906415277,0.8357977050214281,0.8912128638642706
4,hsa-mir-604,-1.653732291439091,-1.6756203774490428,0.021888086009951735,0.01580880403696449,0.10107268154780576
4,hsa-mir-4321,-1.672897928081569,-1.6946675189396496,0.021769590858080612,0.014287776405792868,0.09652488274855088
4,hsa-mir-224,5.051100659944201,5.029395602029844,0.021705057914357617,0.7489174042030694,0.8366042768470652
4,hsa-mir-5705,-1.676653192536031,-1.6982837601255905,0.02163056758955939,0.011279041145118855,0.08459280858839141
4,hsa-mir-4793,-1.2344687540865933,-1.2558891066714184,0.02142035258482511,0.28010336533654423,0.4356542870638176
4,hsa-mir-4424,-1.672311715064782,-1.69264663739953,0.020334922334747985,0.014991142602249641,0.09909399347249763
4,hsa-mir-4312,-1.675368117717086,-1.695562265840393,0.020194148123307,0.03496955474385566,0.12479749942362112
4,hsa-mir-3117,-1.5525341261406607,-1.5727008732706702,0.020166747130009544,0.3223863972947859,0.477156337552055
4,hsa-mir-1199,-1.6005050810558263,-1.6206522272694057,0.02014714621357938,0.11041704501247294,0.226645513446655
4,hsa-mir-1253,-1.6807407268083474,-1.7005894561455401,0.019848729337192728,0.00885004537934692,0.07382925557102242
4,hsa-mir-5093,-1.6244626194597331,-1.6443093971415694,0.019846777681836292,0.08394839815566574,0.19120168296496015
4,hsa-mir-6515,-1.1597764476789167,-1.1793138300707793,0.019537382391862534,0.6762199911494515,0.7861633827540091
4,hsa-mir-5587,-1.587175999966299,-1.6067050132277656,0.0195290132614665,0.06237635707955136,0.15873917951729222
4,hsa-mir-4748,-1.3335481823109094,-1.352392368617995,0.01884418630708562,0.07376465935192793,0.1756837688381795
4,hsa-mir-671,5.553082692988467,5.534726051809912,0.0183566411785554,0.86899142102038,0.9122655563874783
4,hsa-mir-378b,-1.5927596960670902,-1.6104529302239297,0.017693234156839432,0.16541495529422273,0.29660612673446834
4,hsa-mir-4537,-1.670508518144934,-1.6879395142108724,0.017430996065938453,0.01007587516187143,0.08186648569020537
4,hsa-mir-3176,-1.1119051438131768,-1.1290793262506111,0.017174182437434293,0.8696525227220965,0.912345618995609
4,hsa-mir-4457,-1.6760785736246993,-1.6931571806276002,0.01707860700290098,0.02350246123991722,0.12178684240148535
4,hsa-mir-4300,-1.6835697092818125,-1.7005894561455401,0.017019746863727647,0.00885004537934692,0.07382925557102242
4,hsa-mir-4779,-1.5579873941184805,-1.574996252639526,0.0170088585210455,0.09106286432863649,0.2004451768670784
4,hsa-mir-2681,-1.6257671673936378,-1.6425881639937,0.016820996600062088,0.04018421490335591,0.12694344403611965
4,hsa-mir-3646,-1.6634372877317305,-1.679771611640619,0.01633432390888845,0.015486891160787412,0.10024709631049113
4,hsa-mir-4740,-1.51629300549414,-1.5326172880346576,0.016324282540517654,0.22737585256378687,0.37211141363501
4,hsa-mir-8066,-1.6746158790444654,-1.6906115449130257,0.01599566586856027,0.021936001845210735,0.1208969377832592
4,hsa-mir-2117,-1.629695356288224,-1.645407581064671,0.01571222477644718,0.10354797485049755,0.21711672146072067
4,hsa-mir-4511,-1.6515350286322794,-1.667236115888825,0.01570108725654551,0.03204981856164133,0.12220133612771329
4,hsa-mir-6850,-0.6187279196192474,-0.6342183524630214,0.015490432843773938,0.4860223299751114,0.6399394231617025
4,hsa-mir-3678,-0.34320513503596195,-0.35856462611243056,0.015359491076468612,0.8134025504512115,0.8804206824152684
4,hsa-mir-6872,-1.1019611622082752,-1.1171201655110439,0.015159003302768648,0.7481957060496959,0.8366042768470652
4,hsa-mir-3180-5,-1.6472662642957523,-1.6621562887996228,0.014890024503870558,0.04772941617231471,0.1353779804160199
4,hsa-mir-1289-1,-1.4537799696904454,-1.468395173994135,0.014615204303689566,0.3633493558661495,0.5224193503697634
4,hsa-mir-5580,-1.60289538465693,-1.6171860717805078,0.014290687123577728,0.029158053503061835,0.12178684240148535
4,hsa-mir-7158,-1.608413711052314,-1.6221859624460295,0.013772251393715518,0.03274064794816826,0.12347249727630853
4,hsa-mir-1908,-0.3403021090204665,-0.35396167378643867,0.013659564765972187,0.7204007507237011,0.8156471543430951
4,hsa-mir-6815,0.8209546701858728,0.8074345279103795,0.013520142275493252,0.9470901331690037,0.9654042725975202
4,hsa-mir-5690,-1.0536408197487284,-1.0671565121659132,0.013515692417184866,0.678489495657363,0.7875324503165821
4,hsa-mir-376a-2,-1.584817654304445,-1.5980413558916335,0.013223701587188552,0.08959796754955308,0.1982593324500749
4,hsa-mir-3144,-1.216497903439035,-1.229706451211432,0.013208547772396884,0.22779897437271446,0.37211141363501
4,hsa-mir-5092,-1.2792256259372496,-1.2923107952660164,0.0130851693287668,0.6666074878478048,0.7789595429459812
4,hsa-mir-6760,-1.6371767011373601,-1.6502495460599296,0.013072844922569438,0.04772941617231471,0.1353779804160199
4,hsa-mir-548at,-1.6596872932468842,-1.672628060270647,0.012940767023762678,0.08516654876145835,0.19199395385531073
4,hsa-mir-661,-1.6477112386368644,-1.6604834797553727,0.012772241118508276,0.17665860427627583,0.3093012600123348
4,hsa-mir-4284,-1.636304709488695,-1.6490193987060493,0.012714689217354191,0.12015720748654138,0.2409321898187719
4,hsa-mir-3163,-1.6194353375853845,-1.6320719803680552,0.012636642782670737,0.3282669680658654,0.4835660719383853
4,hsa-mir-6851,-0.4527335813605958,-0.4653144532942797,0.012580871933683846,0.8283102384464531,0.887802606409583
4,hsa-mir-6507,-1.135204311118603,-1.147740912664033,0.012536601545430015,0.5040239443607348,0.6537255615145494
4,hsa-mir-6819,-1.3806851370097033,-1.3931724186516663,0.012487281641963,0.43039653311340303,0.5908384586952196
4,hsa-mir-3185,-1.6835697092818125,-1.696003334776159,0.012433625494346456,0.01460174442622851,0.09734496284152341
4,hsa-mir-378e,-1.6576724008491308,-1.6699844837993763,0.01231208295024544,0.04507126247950944,0.13370476502656428
4,hsa-mir-4467,-1.534802721045254,-1.5467023296272464,0.01189960858199246,0.3942104950744168,0.5550256067834749
4,hsa-mir-4633,-1.3204492939108758,-1.3323039104667842,0.01185461655590836,0.46186023271260296,0.6179262118624876
4,hsa-mir-371b,-1.5620461813220696,-1.5736798041292477,0.011633622807178057,0.1928380737939266,0.3291328174163298
4,hsa-mir-1265,-1.6766102533988505,-1.6881389437391203,0.01152869034026982,0.014739027382272046,0.0978420541121038
4,hsa-mir-450a-1,-1.199132286285177,-1.2102408129291802,0.011108526644003192,0.6725998197312818,0.7830266558065669
4,hsa-mir-4279,-1.6855512502311056,-1.6955032322756052,0.009951982044499541,0.019105750910177743,0.11003912747146324
4,hsa-mir-3202-2,-1.418154917181254,-1.4280399770512475,0.009885059869993551,0.702477493670912,0.8028669849940449
4,hsa-mir-3148,-1.6716753769856125,-1.6814456855939948,0.009770308608382239,0.046893303145846596,0.13473558836548125
4,hsa-mir-8077,-1.6295823533071188,-1.6392070104700625,0.009624657162943695,0.0666879100824385,0.16434935186193375
4,hsa-mir-4450,-1.6008676932893455,-1.6104886101434284,0.00962091685408284,0.09304995393671348,0.20245178262381175
4,hsa-mir-4532,-1.65120456644671,-1.6607142756351398,0.009509709188429749,0.04540973323091906,0.13370476502656428
4,hsa-mir-554,-1.689661390883477,-1.6991087624761723,0.009447371592695264,0.011279041145118855,0.08459280858839141
4,hsa-mir-3945,-1.6543359490460265,-1.6634376801328135,0.009101731086786913,0.15193179907510537,0.27982716240515276
4,hsa-mir-7704,-1.4916024005442738,-1.4998559882222569,0.00825358767798301,0.6164257609788486,0.7447128550294642
4,hsa-mir-5572,-1.680338453393895,-1.6881543433959834,0.007815890002088377,0.018454987564227122,0.10924580360548933
4,hsa-mir-4441,-1.688547574888274,-1.6962275861490879,0.007680011260813968,0.011333989338771493,0.08459819793532788
4,hsa-mir-7641-2,1.4934985711953317,1.4859274035633467,0.007571167631984954,0.587148315903405,0.7263690506021505
4,hsa-mir-3915,-1.6876564700719368,-1.6949762646392657,0.007319794567328897,0.014354982562605003,0.09652488274855088
4,hsa-mir-6132,-0.7589513515490323,-0.7661248842162655,0.007173532667233196,0.6298671280155876,0.7500707784002417
4,hsa-mir-548ba,-1.687824041079502,-1.6949241655508884,0.007100124471386415,0.009412663807697291,0.07687830125658521
4,hsa-mir-3688-2,-1.6641544378670443,-1.671024327528507,0.006869889661462736,0.040583487116920246,0.1276416127064427
4,hsa-mir-548ab,-1.6884161039301542,-1.6952366763254323,0.006820572395278113,0.01782854958352855,0.10805931033789887
4,hsa-mir-3916,-1.4936061259767741,-1.5003598454330265,0.006753719456252361,0.08000811061759304,0.18470773466995147
4,hsa-mir-3153,-1.6114040904305815,-1.6181407536295713,0.006736663198989801,0.08613364517289351,0.193335951754984
4,hsa-mir-6838,-1.6471306581564003,-1.6536884998227894,0.006557841666389175,0.08790189012632374,0.1956337637869197
4,hsa-mir-657,-1.6434134858767946,-1.6499711634841285,0.006557677607333945,0.1309133385197068,0.25306667669237004
4,hsa-mir-5584,-1.6631341915122257,-1.669213628877402,0.0060794373651762434,0.034818887702576996,0.12479749942362112
4,hsa-mir-4494,-1.5948348442880684,-1.6001259114731814,0.005291067185112963,0.0935268937141688,0.2031983222540264
4,hsa-mir-6073,-1.6497701682599517,-1.6550384965685552,0.005268328308603465,0.15127768979391407,0.2792818888503029
4,hsa-mir-5586,-1.430084784752265,-1.435352688462264,0.005267903709998967,0.04990546836911935,0.1392710745184726
4,hsa-mir-4659a,-1.580720354891884,-1.5858047274131153,0.005084372521231284,0.2524030397825479,0.40616221825927773
4,hsa-mir-4686,-1.672897928081569,-1.6778934549173887,0.004995526835819719,0.05579166744573731,0.14901124683878786
4,hsa-mir-4310,-1.6648417006682186,-1.6697803179696757,0.004938617301457171,0.037326473426158406,0.12479749942362112
4,hsa-mir-1290,-1.6279427103985817,-1.6327064440927055,0.004763733694123751,0.04880651804983292,0.13768204006824478
4,hsa-mir-7856,-1.6896247128216464,-1.6942731563207103,0.004648443499063903,0.014354982562605003,0.09652488274855088
4,hsa-mir-5682,-1.6359616202782807,-1.6405678964930202,0.004606276214739413,0.11558791734625255,0.23448264117055137
4,hsa-mir-7160,-1.6722232626272988,-1.6768230216575446,0.004599759030245787,0.08395714925063956,0.19120168296496015
4,hsa-mir-6512,-1.6821499523157148,-1.686501064564054,0.004351112248339062,0.033505498862068085,0.1241533924580195
4,hsa-mir-6827,-0.6984635581075067,-0.7026008885263115,0.004137330418804819,0.9743837566607767,0.9842605371837139
4,hsa-mir-4453,-1.1039457036955729,-1.1079925762209188,0.004046872525345968,0.6328845702003534,0.7519420636043802
4,hsa-mir-3145,-1.688547574888274,-1.6921870837375432,0.003639508849269335,0.01790956716175036,0.10805931033789887
4,hsa-mir-4521,0.7569805961119531,0.7535149369084108,0.0034656592035423595,0.8083623866152952,0.8779799094897799
4,hsa-mir-4437,-1.659784816218251,-1.6632340176459484,0.003449201427697446,0.09701119962646426,0.2084538173791794
4,hsa-mir-4425,-1.687777320863453,-1.6911693257725167,0.0033920049090636617,0.018371820507694852,0.10924580360548933
4,hsa-mir-215,-1.4018872466458738,-1.405184985917887,0.003297739272013267,0.06222462848082951,0.15861179808838893
4,hsa-mir-1273c,-1.676536275879352,-1.6793885352902511,0.0028522594108990607,0.013385658507708542,0.0952375016878404
4,hsa-mir-6852,-0.03247854706253582,-0.03532673199856938,0.00284818493603356,0.7940380072562343,0.8663452086532096
4,hsa-mir-3129,-0.7413029791507109,-0.7441241000868954,0.0028211209361845846,0.9564600737552177,0.971404762407643
4,hsa-mir-648,-1.6884161039301542,-1.6910441785557013,0.00262807462554715,0.015202310200401414,0.10006583929378148
4,hsa-mir-630,-1.6797098909792834,-1.682329799953158,0.0026199089738745407,0.0610048974081057,0.15601252451908998
4,hsa-mir-5681a,-1.688221913317889,-1.6907273966452994,0.002505483327410296,0.017990907094955922,0.10805931033789887
4,hsa-mir-3918,-1.080770079710198,-1.0832420819048774,0.002472002194679357,0.5915752071347715,0.7295314807353704
4,hsa-mir-4794,-1.6457903284207152,-1.648221826395677,0.0024314979749617827,0.040408811335945885,0.12734898117995067
4,hsa-mir-4774,-1.6807407268083474,-1.6831352584032064,0.0023945315948590284,0.04119767197266976,0.12879432520513995
4,hsa-mir-3938,-1.535270148066114,-1.5373406654614115,0.002070517395297511,0.12228178260224229,0.2428378023130152
4,hsa-mir-7152,-0.5869242648494503,-0.5889272771106201,0.0020030122611698342,0.9222201928526927,0.9502400930318367
4,hsa-mir-3164,-1.674404041390525,-1.6762856237304922,0.0018815823399671583,0.12180701347880761,0.24247830199010162
4,hsa-mir-208a,-1.6043437721823444,-1.60608644005496,0.0017426678726155664,0.06901373606863569,0.16769692876490913
4,hsa-mir-3146,-1.6297312531593562,-1.631446950633501,0.001715697474144795,0.11012475627473747,0.2263433725804881
4,hsa-mir-3160-2,-1.6622545310076526,-1.6635026686834296,0.001248137675776917,0.0677451367505941,0.1656464158791956
4,hsa-mir-3621,-1.6896247128216464,-1.6908150690960424,0.0011903562743960094,0.017990907094955922,0.10805931033789887
4,hsa-mir-3189,-1.390705157021599,-1.3917589517871827,0.0010537947655837598,0.3682159827730741,0.5279567400055106
4,hsa-mir-4796,-1.6560624685646543,-1.6568448478053175,7.823792406631558e-4,0.05873181312698182,0.15219539614300936
4,hsa-mir-580,-1.6618351653930377,-1.6624912052169976,6.560398239598975e-4,0.03550218558954282,0.12479749942362112
4,hsa-mir-3914-2,-1.6567640708791271,-1.6571564727811305,3.924019020034031e-4,0.06824917765045001,0.1663573705229719
4,hsa-mir-6728,-0.051570462533307965,-0.05189788989448994,3.2742736118197835e-4,0.8195518553077662,0.8841638273029843
4,hsa-mir-4775,-1.6884161039301542,-1.688693320695663,2.7721676550873653e-4,0.018454987564227122,0.10924580360548933
4,hsa-mir-422a,-1.6884161039301542,-1.6886212878365523,2.051839063981209e-4,0.02232365621817178,0.12100406905743817
4,hsa-mir-4526,-1.4425128080708767,-1.442656861914098,1.4405384322135895e-4,0.6205458178150038,0.7453576857484154
4,hsa-mir-1245b,-1.6851548044104252,-1.6851846282985667,2.9823888141544685e-5,0.03957325188803955,0.1264312435063456
4,hsa-mir-6844,-1.6821980716066716,-1.68217722291509,-2.084869158158753e-5,0.022226188328848897,0.12100406905743817
4,hsa-mir-7107,-1.6792473274323025,-1.679183336988677,-6.399044362548345e-5,0.07465866247418224,0.1772819102346198
4,hsa-mir-4680,-1.6167573248361837,-1.6164350945738344,-3.222302623493434e-4,0.1097815845677261,0.22593571494149436
4,hsa-mir-1282,-1.688547574888274,-1.6881994103536135,-3.481645346603557e-4,0.02732251043922281,0.12178684240148535
4,hsa-mir-6867,-1.6228363738946021,-1.6224446088806102,-3.917650139919626e-4,0.12454721231096155,0.24547585099345026
4,hsa-mir-596,-1.6736849798395925,-1.6731665229813306,-5.184568582619065e-4,0.029696202608661137,0.12178684240148535
4,hsa-mir-3198-2,-1.1279290156521986,-1.1271725326079454,-7.564830442532422e-4,0.8485567344267513,0.9005091875549198
4,hsa-mir-7706,4.3430936187083695,4.343949533670557,-8.559149621873985e-4,0.7903423933880265,0.8663452086532096
4,hsa-mir-4278,-1.700589456145549,-1.6995977389416703,-9.917172038786948e-4,0.031227395487560348,0.12178684240148535
4,hsa-mir-4756,-1.6849029131088575,-1.683849047444444,-0.0010538656644134559,0.03377964601431844,0.12457741792514601
4,hsa-mir-3122,-1.700589456145549,-1.6994607735388227,-0.0011286826067262723,0.025948415030716352,0.12178684240148535
4,hsa-mir-1184-3,-1.700589456145549,-1.6993834472199347,-0.001206008925614288,0.031227395487560348,0.12178684240148535
4,hsa-mir-4527,-1.700589456145549,-1.6993834472199347,-0.001206008925614288,0.031227395487560348,0.12178684240148535
4,hsa-mir-3134,-1.700589456145549,-1.6993223109033782,-0.001267145242170864,0.031227395487560348,0.12178684240148535
4,hsa-mir-4301,-1.700589456145549,-1.6993223109033782,-0.001267145242170864,0.031227395487560348,0.12178684240148535
4,hsa-mir-4759,-1.700589456145549,-1.6993223109033782,-0.001267145242170864,0.031227395487560348,0.12178684240148535
4,hsa-mir-4744,-1.6884161039301542,-1.6870693581887248,-0.0013467457414293449,0.02232365621817178,0.12100406905743817
4,hsa-mir-6881,-1.4031905648787422,-1.4016993822488262,-0.001491182629915988,0.486107831055524,0.6399394231617025
4,hsa-mir-8057,-1.700589456145549,-1.6990454138319098,-0.001544042313639249,0.031227395487560348,0.12178684240148535
4,hsa-mir-3978,-1.700589456145549,-1.6989004467057824,-0.0016890094397665756,0.025948415030716352,0.12178684240148535
4,hsa-mir-5591,-1.700589456145549,-1.6988654715195797,-0.0017239846259693437,0.031227395487560348,0.12178684240148535
4,hsa-mir-548ag-1,-1.6851548044104252,-1.6834196866692475,-0.0017351177411777385,0.02864671779753014,0.12178684240148535
4,hsa-mir-8079,-1.700589456145549,-1.698844248493688,-0.001745207651860925,0.025948415030716352,0.12178684240148535
4,hsa-mir-4718,-1.700589456145549,-1.6988334227884627,-0.0017560333570862952,0.031227395487560348,0.12178684240148535
4,hsa-mir-4698,-1.700589456145549,-1.6988311921124293,-0.0017582640331197386,0.031227395487560348,0.12178684240148535
4,hsa-mir-3714,-1.700589456145549,-1.6988208457414613,-0.0017686104040877115,0.031227395487560348,0.12178684240148535
4,hsa-mir-586,-1.700589456145549,-1.6988155459938459,-0.0017739101517031397,0.031227395487560348,0.12178684240148535
4,hsa-mir-4314,-1.700589456145549,-1.698747735674513,-0.0018417204710359236,0.031227395487560348,0.12178684240148535
4,hsa-mir-1206,-1.700589456145549,-1.6987429788837276,-0.001846477261821411,0.025948415030716352,0.12178684240148535
4,hsa-mir-499a,-1.60188996465832,-1.5999980952395607,-0.0018918694187592955,0.12186089023092286,0.24247830199010162
4,hsa-mir-587,-1.700589456145549,-1.6986893728227161,-0.0019000833228328684,0.031227395487560348,0.12178684240148535
4,hsa-mir-1184-1,-1.700589456145549,-1.6986607880188698,-0.001928668126679245,0.031227395487560348,0.12178684240148535
4,hsa-mir-4514,-1.700589456145549,-1.6986524637203402,-0.0019369924252088389,0.031227395487560348,0.12178684240148535
4,hsa-mir-208b,-1.700589456145549,-1.6986314076513165,-0.001958048494232534,0.031227395487560348,0.12178684240148535
4,hsa-mir-4327,-1.700589456145549,-1.6985931855665921,-0.0019962705789569046,0.031227395487560348,0.12178684240148535
4,hsa-mir-429,3.5925392812270323,3.59459560357761,-0.002056322350577844,0.8940615825766576,0.9298240458797239
4,hsa-mir-5191,-1.700589456145549,-1.6985285135584187,-0.002060942587130299,0.031227395487560348,0.12178684240148535
4,hsa-mir-1268a,-1.700589456145549,-1.6985100728129214,-0.0020793833326275823,0.031227395487560348,0.12178684240148535
4,hsa-mir-548i-2,-1.700589456145549,-1.698453273520796,-0.0021361826247530136,0.031227395487560348,0.12178684240148535
4,hsa-mir-557,-1.700589456145549,-1.6984281487139745,-0.0021613074315744996,0.031227395487560348,0.12178684240148535
4,hsa-mir-3686,-1.700589456145549,-1.698419629699492,-0.0021698264460570105,0.031227395487560348,0.12178684240148535
4,hsa-mir-4650-1,-1.700589456145549,-1.6984059581279762,-0.0021834980175727825,0.031227395487560348,0.12178684240148535
4,hsa-mir-1302-3,-1.700589456145549,-1.6983770713672266,-0.002212384778322418,0.031227395487560348,0.12178684240148535
4,hsa-mir-3919,-1.700589456145549,-1.6983770713672266,-0.002212384778322418,0.031227395487560348,0.12178684240148535
4,hsa-mir-1297,-1.700589456145549,-1.698374326132026,-0.0022151300135229146,0.025948415030716352,0.12178684240148535
4,hsa-mir-4463,-1.700589456145549,-1.6982921376007274,-0.002297318544821625,0.031227395487560348,0.12178684240148535
4,hsa-mir-4505,-0.9863836340307709,-0.9840443597516711,-0.0023392742790997456,0.8281830478364383,0.887802606409583
4,hsa-mir-4534,-1.700589456145549,-1.6982388904059704,-0.0023505657395785917,0.038159235400684145,0.12479749942362112
4,hsa-mir-645,-1.700589456145549,-1.6981864070095565,-0.002403049135992541,0.031227395487560348,0.12178684240148535
4,hsa-mir-921,-1.700589456145549,-1.6981864070095565,-0.002403049135992541,0.031227395487560348,0.12178684240148535
4,hsa-mir-4292,-1.700589456145549,-1.6981735465741599,-0.002415909571389152,0.031227395487560348,0.12178684240148535
4,hsa-mir-4263,-1.700589456145549,-1.698140343789922,-0.002449112355626948,0.031227395487560348,0.12178684240148535
4,hsa-mir-302b,-1.700589456145549,-1.6980955191216915,-0.002493937023857473,0.031227395487560348,0.12178684240148535
4,hsa-mir-4495,-1.700589456145549,-1.6980955191216915,-0.002493937023857473,0.031227395487560348,0.12178684240148535
4,hsa-mir-5583-1,-1.700589456145549,-1.6980856414156218,-0.002503814729927223,0.031227395487560348,0.12178684240148535
4,hsa-mir-4458,-1.6518513218583921,-1.6493410894928342,-0.0025102323655579184,0.099541877983452,0.21098550224753412
4,hsa-mir-374c,-1.6884161039301542,-1.6858738034106862,-0.0025423005194680215,0.04004455238277584,0.12694344403611965
4,hsa-mir-4252,-1.700589456145549,-1.697979411941146,-0.002610044204403028,0.031227395487560348,0.12178684240148535
4,hsa-mir-7515,-1.700589456145549,-1.6979623461213849,-0.0026271100241641587,0.031227395487560348,0.12178684240148535
4,hsa-mir-4277,-1.700589456145549,-1.6979004464611844,-0.002689009684364585,0.031227395487560348,0.12178684240148535
4,hsa-mir-5186,-1.700589456145549,-1.697875238840422,-0.002714217305127109,0.031227395487560348,0.12178684240148535
4,hsa-mir-4289,-1.700589456145549,-1.6978608797019552,-0.002728576443593811,0.031227395487560348,0.12178684240148535
4,hsa-mir-7843,-1.6628766313194985,-1.6601309469430612,-0.0027456843764372962,0.04968540704292395,0.13890543904473363
4,hsa-mir-6828,-1.700589456145549,-1.6978254206123662,-0.0027640355331828292,0.031227395487560348,0.12178684240148535
4,hsa-mir-3649,-1.700589456145549,-1.697821642981896,-0.0027678131636530434,0.025948415030716352,0.12178684240148535
4,hsa-mir-553,-1.700589456145549,-1.6978127521367503,-0.0027767040087987027,0.031227395487560348,0.12178684240148535
4,hsa-mir-3674,-1.700589456145549,-1.697765753356401,-0.002823702789148008,0.031227395487560348,0.12178684240148535
4,hsa-mir-4317,-1.700589456145549,-1.697729822538081,-0.002859633607467993,0.031227395487560348,0.12178684240148535
4,hsa-mir-4501,-1.5779282657393745,-1.5750482503862855,-0.002880015353089016,0.23682554476916615,0.3836931029740517
4,hsa-mir-1204,-1.700589456145549,-1.6977040155771594,-0.0028854405683895745,0.031227395487560348,0.12178684240148535
4,hsa-mir-4308,-1.700589456145549,-1.6977023031441394,-0.002887153001409626,0.031227395487560348,0.12178684240148535
4,hsa-mir-4540,-1.700589456145549,-1.697592647420274,-0.0029968087252749687,0.031227395487560348,0.12178684240148535
4,hsa-mir-5692c-2,-1.700589456145549,-1.697577622278162,-0.003011833867387015,0.031227395487560348,0.12178684240148535
4,hsa-mir-1182,-1.700589456145549,-1.6975019245713794,-0.003087531574169633,0.031227395487560348,0.12178684240148535
4,hsa-mir-4504,-1.700589456145549,-1.6974727850123348,-0.0031166711332142327,0.031227395487560348,0.12178684240148535
4,hsa-mir-3170,1.0730641159505647,1.076194374121917,-0.0031302581713523736,0.8601671057112489,0.9072756490260638
4,hsa-mir-7853,-1.700589456145549,-1.6974052536735291,-0.0031842024720198925,0.031227395487560348,0.12178684240148535
4,hsa-mir-5195,-1.700589456145549,-1.6973641188391455,-0.0032253373064035085,0.038159235400684145,0.12479749942362112
4,hsa-mir-4524b,-1.700589456145549,-1.6973524168406573,-0.00323703930489172,0.031227395487560348,0.12178684240148535
4,hsa-mir-920,-1.700589456145549,-1.6973184067918932,-0.0032710493536558527,0.031227395487560348,0.12178684240148535
4,hsa-mir-6864,-1.6864971151216885,-1.6830763076740392,-0.0034208074476493877,0.047614596099846335,0.1353779804160199
4,hsa-mir-548ak,-1.700589456145549,-1.6971661612950104,-0.003423294850538605,0.031227395487560348,0.12178684240148535
4,hsa-mir-4315-2,-1.700589456145549,-1.6971594367693574,-0.0034300193761915843,0.038159235400684145,0.12479749942362112
4,hsa-mir-1268b,-1.700589456145549,-1.6971106212902978,-0.003478834855251245,0.031227395487560348,0.12178684240148535
4,hsa-mir-558,-1.700589456145549,-1.697071316173634,-0.0035181399719150797,0.038159235400684145,0.12479749942362112
4,hsa-mir-6768,-1.6821499523157148,-1.6786203878851804,-0.0035295644305344265,0.05716409876687533,0.1493960369369542
4,hsa-mir-4438,-1.700589456145549,-1.6970162029114166,-0.0035732532341323786,0.038159235400684145,0.12479749942362112
4,hsa-mir-4471,-1.700589456145549,-1.6969168776802164,-0.003672578465332643,0.038159235400684145,0.12479749942362112
4,hsa-mir-3960,-1.6835697092818125,-1.6798825802584256,-0.0036871290233868592,0.055997793636026374,0.14901124683878786
4,hsa-mir-8073,-1.700589456145549,-1.6968993708669007,-0.0036900852786483362,0.038159235400684145,0.12479749942362112
4,hsa-mir-4782,-1.6809703052172877,-1.6772461152052751,-0.0037241900120126292,0.051996478665696046,0.14407550038807432
4,hsa-mir-8086,-1.700589456145549,-1.6968618364823334,-0.0037276196632156644,0.031227395487560348,0.12178684240148535
4,hsa-mir-642b,-1.5783351742830087,-1.5745505980112673,-0.0037845762717414466,0.1720995786567664,0.3037051388060583
4,hsa-mir-7973-1,-1.700589456145549,-1.69675444452492,-0.0038350116206289364,0.03432826192460021,0.12479749942362112
4,hsa-mir-548n,-1.700589456145549,-1.6967266323680188,-0.003862823777530222,0.038159235400684145,0.12479749942362112
4,hsa-mir-5188,-1.64730965603563,-1.6434364256631122,-0.003873230372517744,0.03276770120025111,0.12347249727630853
4,hsa-mir-4790,-1.645388871718714,-1.6414739055986536,-0.00391496612006037,0.050127646418635034,0.13964130073762615
4,hsa-mir-3119-2,-1.700589456145549,-1.6966364326325858,-0.003953023512963227,0.031227395487560348,0.12178684240148535
4,hsa-mir-3606,-1.700589456145549,-1.6965823499445136,-0.004007106201035393,0.031227395487560348,0.12178684240148535
4,hsa-mir-8052,-1.700589456145549,-1.6965603687529016,-0.004029087392647401,0.031227395487560348,0.12178684240148535
4,hsa-mir-626,-1.700589456145549,-1.6965553250480288,-0.004034131097520266,0.031227395487560348,0.12178684240148535
4,hsa-mir-548c,-1.700589456145549,-1.6965068455199241,-0.004082610625624872,0.038159235400684145,0.12479749942362112
4,hsa-mir-4260,-1.700589456145549,-1.6964970670215849,-0.004092389123964146,0.025948415030716352,0.12178684240148535
4,hsa-mir-6070,-1.700589456145549,-1.6964529035553368,-0.0041365525902121725,0.031227395487560348,0.12178684240148535
4,hsa-mir-548am,-1.700589456145549,-1.6964526956226302,-0.004136760522918781,0.038159235400684145,0.12479749942362112
4,hsa-mir-3671,-1.700589456145549,-1.6964299690338986,-0.004159487111650373,0.038159235400684145,0.12479749942362112
4,hsa-mir-4465,-1.645870943379561,-1.6416587240200642,-0.004212219359496894,0.04415034391952062,0.13370476502656428
4,hsa-mir-4259,-1.700589456145549,-1.6963758652798546,-0.004213590865694394,0.038159235400684145,0.12479749942362112
4,hsa-mir-4650-2,-1.700589456145549,-1.696368912188848,-0.004220543956700906,0.038159235400684145,0.12479749942362112
4,hsa-mir-4643,-1.700589456145549,-1.6963656491417405,-0.004223807003808533,0.04619671048033215,0.13370476502656428
4,hsa-mir-4635,-1.700589456145549,-1.6961868709058205,-0.004402585239728474,0.038159235400684145,0.12479749942362112
4,hsa-mir-4268,-1.700589456145549,-1.6961661107649115,-0.004423345380637489,0.031227395487560348,0.12178684240148535
4,hsa-mir-3183,-1.3644232268844445,-1.3599596352546703,-0.004463591629774166,0.7025237013239573,0.8028669849940449
4,hsa-mir-578,-1.6221786182148925,-1.617639547630954,-0.004539070583938543,0.37975993885381437,0.5410278580931054
4,hsa-mir-9500,-1.700589456145549,-1.6960390531793816,-0.004550402966167377,0.031227395487560348,0.12178684240148535
4,hsa-mir-198,-1.6490471615053952,-1.6444714325226504,-0.004575728982744831,0.143820690024758,0.2693400677534484
4,hsa-mir-4704,-1.700589456145549,-1.6959802230199867,-0.004609233125562273,0.03199210166492675,0.12220133612771329
4,hsa-mir-2052,-1.700589456145549,-1.6959667517087396,-0.004622704436809455,0.025948415030716352,0.12178684240148535
4,hsa-mir-6071,-1.700589456145549,-1.6959461626817218,-0.004643293463827192,0.025948415030716352,0.12178684240148535
4,hsa-mir-663b,-1.6817832997715052,-1.6771241167150446,-0.004659183056460625,0.05641194895583949,0.14901124683878786
4,hsa-mir-6502,-1.5328225803674642,-1.5281252122974018,-0.00469736807006238,0.1904371062309656,0.32610525326048995
4,hsa-mir-595,-1.700589456145549,-1.6958689525488297,-0.004720503596719272,0.031227395487560348,0.12178684240148535
4,hsa-mir-384,-1.700589456145549,-1.6958643639184756,-0.004725092227073402,0.031227395487560348,0.12178684240148535
4,hsa-mir-5692a-1,-1.700589456145549,-1.695835226779112,-0.004754229366437102,0.031227395487560348,0.12178684240148535
4,hsa-mir-875,-1.700589456145549,-1.6957896433847497,-0.004799812760799327,0.03199210166492675,0.12220133612771329
4,hsa-mir-571,-1.700589456145549,-1.69571353047008,-0.004875925675468906,0.038159235400684145,0.12479749942362112
4,hsa-mir-4795,-1.675368117717086,-1.6704318586173699,-0.004936259099716178,0.1512552218793461,0.2792818888503029
4,hsa-mir-8059,-1.700589456145549,-1.6955701210751482,-0.0050193350704008655,0.03199210166492675,0.12220133612771329
4,hsa-mir-3665,-1.6780943157327877,-1.6730326576419106,-0.005061658090877108,0.0848429420092529,0.19199395385531073
4,hsa-mir-890,-1.700589456145549,-1.69546694598463,-0.005122510160918914,0.038159235400684145,0.12479749942362112
4,hsa-mir-5692a-2,-1.700589456145549,-1.6953450466806375,-0.005244409464911559,0.038159235400684145,0.12479749942362112
4,hsa-mir-1205,-1.700589456145549,-1.695274914873993,-0.005314541271556061,0.038159235400684145,0.12479749942362112
4,hsa-mir-4507,-1.6720588625005632,-1.6666591300151496,-0.005399732485413589,0.16687797666875345,0.297702915715123
4,hsa-mir-3180-1,-1.663326236459811,-1.6578925337363084,-0.00543370272350252,0.19348900772760577,0.32952276425225435
4,hsa-mir-4711,-1.700589456145549,-1.6951175194744916,-0.005471936671057387,0.03199210166492675,0.12220133612771329
4,hsa-mir-4480,-1.700589456145549,-1.6949274028791044,-0.005662053266444644,0.04951668827449622,0.1388378292684393
4,hsa-mir-1267,-1.6884161039301542,-1.6827221560577792,-0.0056939478723749826,0.028096277344446523,0.12178684240148535
4,hsa-mir-2861,-1.6775833173559547,-1.6717771348436994,-0.005806182512255287,0.05856337263292853,0.15201141648480618
4,hsa-mir-548f-4,-1.700589456145549,-1.6947752183645741,-0.005814237780974896,0.038159235400684145,0.12479749942362112
4,hsa-mir-1203,-1.700589456145549,-1.6947446558353283,-0.005844800310220721,0.04951668827449622,0.1388378292684393
4,hsa-mir-5095,-1.700589456145549,-1.6947266920832207,-0.0058627640623283295,0.031227395487560348,0.12178684240148535
4,hsa-mir-8083,-1.700589456145549,-1.6946727624143207,-0.005916693731228273,0.038159235400684145,0.12479749942362112
4,hsa-mir-4637,-1.700589456145549,-1.694561936712681,-0.006027519432868056,0.05543447759562701,0.14884300352698474
4,hsa-mir-548al,-1.700589456145549,-1.6945285713147813,-0.006060884830767721,0.04619671048033215,0.13370476502656428
4,hsa-mir-4320,-1.700589456145549,-1.694387736765903,-0.006201719379645976,0.038159235400684145,0.12479749942362112
4,hsa-mir-3156-3,-1.700589456145549,-1.6942615477959122,-0.006327908349636813,0.03905824104828815,0.1257212701682646
4,hsa-mir-147a,-1.700589456145549,-1.6942377755645412,-0.006351680581007768,0.031227395487560348,0.12178684240148535
4,hsa-mir-4770,-1.700589456145549,-1.6941419593136577,-0.006447496831891275,0.04619671048033215,0.13370476502656428
4,hsa-mir-3921,-1.700589456145549,-1.6940581135597583,-0.006531342585790689,0.04619671048033215,0.13370476502656428
4,hsa-mir-4510,-1.700589456145549,-1.6940131816155946,-0.006576274529954462,0.04619671048033215,0.13370476502656428
4,hsa-mir-6090,-1.700589456145549,-1.6939057964778035,-0.006683659667745534,0.038159235400684145,0.12479749942362112
4,hsa-mir-5694,-1.700589456145549,-1.6938645155702952,-0.006724940575253857,0.04619671048033215,0.13370476502656428
4,hsa-mir-129-1,3.7544864651397405,3.7612264413312095,-0.006739976191469044,0.7824362743046647,0.86279688754454
4,hsa-mir-6077,-1.700589456145549,-1.6938381848941744,-0.0067512712513746465,0.038159235400684145,0.12479749942362112
4,hsa-mir-5011,-1.700589456145549,-1.6938198556019501,-0.006769600543598875,0.038159235400684145,0.12479749942362112
4,hsa-mir-640,-1.700589456145549,-1.6937564146236042,-0.00683304152194486,0.04619671048033215,0.13370476502656428
4,hsa-mir-4752,-1.6615791086820244,-1.6547424616308684,-0.006836647051156053,0.11096571586401838,0.22717390649326596
4,hsa-mir-6789,-1.2086655808508038,-1.2018212336274685,-0.006844347223335268,0.9218288714935832,0.9502400930318367
4,hsa-mir-4666a,-1.6716753769856125,-1.6648057702713441,-0.006869606714268395,0.1064973361138133,0.220631931391167
4,hsa-mir-5681b,-1.700589456145549,-1.6936568098236335,-0.006932646321915481,0.038159235400684145,0.12479749942362112
4,hsa-mir-378j,-1.700589456145549,-1.693647835488461,-0.006941620657088032,0.03905824104828815,0.1257212701682646
4,hsa-mir-4662b,-1.700589456145549,-1.6935627257982642,-0.007026730347284849,0.04619671048033215,0.13370476502656428
4,hsa-mir-302c,-1.700589456145549,-1.6935207030027102,-0.007068753142838835,0.04619671048033215,0.13370476502656428
4,hsa-mir-5685,-1.700589456145549,-1.6934253034511348,-0.007164152694414172,0.038159235400684145,0.12479749942362112
4,hsa-mir-6072,-1.700589456145549,-1.6933670918443473,-0.007222364301201711,0.03199210166492675,0.12220133612771329
4,hsa-mir-1184-2,-1.700589456145549,-1.693365938236758,-0.007223517908790944,0.03905824104828815,0.1257212701682646
4,hsa-mir-606,-1.700589456145549,-1.6933656801487602,-0.007223775996788806,0.04724382489481938,0.13473558836548125
4,hsa-mir-3675,-1.700589456145549,-1.6933473656613431,-0.007242090484205876,0.04619671048033215,0.13370476502656428
4,hsa-mir-7973-2,-1.700589456145549,-1.69327566956109,-0.0073137865844590255,0.038159235400684145,0.12479749942362112
4,hsa-mir-5697,-1.6896247128216464,-1.6823104482166844,-0.007314264604961984,0.044938463599851604,0.13370476502656428
4,hsa-mir-6129,-1.700589456145549,-1.693102689158735,-0.007486766986813942,0.04092749945614616,0.12820662480238557
4,hsa-mir-4313,-1.688709628094747,-1.681181029056363,-0.007528599038383987,0.03405570903763776,0.12479749942362112
4,hsa-mir-1244-2,-1.689661390883477,-1.6819193694367078,-0.007742021446769165,0.035266240157736155,0.12479749942362112
4,hsa-mir-603,-1.700589456145549,-1.6928319710010062,-0.007757485144542775,0.04619671048033215,0.13370476502656428
4,hsa-mir-3128,-1.700589456145549,-1.6927826511528838,-0.007806804992665173,0.04619671048033215,0.13370476502656428
4,hsa-mir-4285,-1.700589456145549,-1.6924962330698248,-0.008093223075724243,0.038159235400684145,0.12479749942362112
4,hsa-mir-4681,-1.700589456145549,-1.6924868148345409,-0.00810264131100813,0.056643377804744356,0.14901124683878786
4,hsa-mir-3167,-1.700589456145549,-1.69245374952005,-0.008135706625499006,0.04619671048033215,0.13370476502656428
4,hsa-mir-3658,-1.700589456145549,-1.692330406906294,-0.008259049239254912,0.04619671048033215,0.13370476502656428
4,hsa-mir-7150,-1.700589456145549,-1.6923074440690604,-0.008282012076488598,0.038159235400684145,0.12479749942362112
4,hsa-mir-4670,-1.6746158790444654,-1.6663130846774195,-0.008302794367045951,0.10495189413695823,0.21917664639043488
4,hsa-mir-4705,-1.700589456145549,-1.6921459204940614,-0.008443535651487588,0.04619671048033215,0.13370476502656428
4,hsa-mir-302a,-1.700589456145549,-1.692132374319584,-0.008457081825965052,0.04619671048033215,0.13370476502656428
4,hsa-mir-1537,-1.700589456145549,-1.691956413236432,-0.008633042909117039,0.038159235400684145,0.12479749942362112
4,hsa-mir-4493,-1.700589456145549,-1.691865630279578,-0.00872382586597098,0.04619671048033215,0.13370476502656428
4,hsa-mir-8076,-1.700589456145549,-1.6916900375048873,-0.008899418640661683,0.03199210166492675,0.12220133612771329
4,hsa-mir-6089-1,-1.700589456145549,-1.6916675080756403,-0.008921948069908758,0.05543447759562701,0.14884300352698474
4,hsa-mir-7114,-0.7703258753366325,-0.761366165226738,-0.008959710109894603,0.7718802580774418,0.8558160643928991
4,hsa-mir-3935,-1.700589456145549,-1.691629381233486,-0.008960074912063076,0.038159235400684145,0.12479749942362112
4,hsa-mir-4771-1,-1.6760785736246993,-1.6670489240011674,-0.00902964962353181,0.10495189413695823,0.21917664639043488
4,hsa-mir-610,-1.700589456145549,-1.6914928603915318,-0.009096595754017223,0.05543447759562701,0.14884300352698474
4,hsa-mir-3689b,-1.700589456145549,-1.6913826166754005,-0.009206839470148553,0.04619671048033215,0.13370476502656428
4,hsa-mir-548ah,-1.700589456145549,-1.6912732284612744,-0.009316227684274647,0.05543447759562701,0.14884300352698474
4,hsa-mir-1470,-1.700589456145549,-1.6912460832589067,-0.009343372886642332,0.038159235400684145,0.12479749942362112
4,hsa-mir-3192,-0.8765842979047626,-0.8672061959220474,-0.009378101982715159,0.910275119350948,0.940634387027801
4,hsa-mir-489,-1.583305693467457,-1.5738888191006537,-0.009416874366803274,0.1315218568819622,0.25392833754438243
4,hsa-mir-3688-1,-1.651684580595726,-1.6421027755584547,-0.009581805037271351,0.09686522367772757,0.20842723991345516
4,hsa-mir-7-1,3.3393156866168665,3.348903625660126,-0.009587939043259386,0.9776341683952864,0.9846471562477549
4,hsa-mir-3910-2,-1.700589456145549,-1.6909045630417074,-0.009684893103841574,0.07058972993089682,0.16970853815501188
4,hsa-mir-1825,-1.616456008321984,-1.6065946991604787,-0.009861309161505405,0.26779544275833567,0.4249420281982682
4,hsa-mir-217,0.1298927004069339,0.13978818016802452,-0.00989547976109062,0.6194009207907235,0.7450597088628499
4,hsa-mir-8075,-1.700589456145549,-1.6906790887511036,-0.009910367394445396,0.05543447759562701,0.14884300352698474
4,hsa-mir-563,-1.700589456145549,-1.6906654993758818,-0.009923956769667175,0.038159235400684145,0.12479749942362112
4,hsa-mir-4678,-1.700589456145549,-1.6906317134552569,-0.009957742690292148,0.04619671048033215,0.13370476502656428
4,hsa-mir-6719,-1.700589456145549,-1.690409454655091,-0.010180001490458057,0.04724382489481938,0.13473558836548125
4,hsa-mir-6824,-1.201815779386835,-1.1915823204313827,-0.010233458955452246,0.9296718200408937,0.9560237569306488
4,hsa-mir-4281,-1.700589456145549,-1.690303048918848,-0.010286407226701044,0.04619671048033215,0.13370476502656428
4,hsa-mir-6820,1.8278985203417146,1.8383170062448997,-0.01041848590318506,0.9970174995541674,0.9995805265453092
4,hsa-mir-941-1,-1.6486692381960182,-1.6382198025839654,-0.010449435612052804,0.14296981888792307,0.2683388884997584
4,hsa-mir-4778,-1.6454680816464866,-1.6346362002253916,-0.010831881421095035,0.1028523824692853,0.21653133151428483
4,hsa-mir-3689e,-1.700589456145549,-1.6896650636511994,-0.010924392494349622,0.05543447759562701,0.14884300352698474
4,hsa-mir-4671,-1.700589456145549,-1.6896489895799331,-0.01094046656561587,0.05543447759562701,0.14884300352698474
4,hsa-mir-3680-2,-1.0237515877582624,-1.0127125543856266,-0.011039033372635787,0.7284030511615057,0.822815901384467
4,hsa-mir-2682,-1.6767588357668344,-1.6657168715759156,-0.01104196419091874,0.12939234051536994,0.25163440786388597
4,hsa-mir-3591,-1.700589456145549,-1.689510396440124,-0.01107905970542511,0.05543447759562701,0.14884300352698474
4,hsa-mir-378h,-1.700589456145549,-1.6893664528632484,-0.011223003282300636,0.04951668827449622,0.1388378292684393
4,hsa-mir-591,-1.700589456145549,-1.689285891760347,-0.01130356438520197,0.04724382489481938,0.13473558836548125
4,hsa-mir-548as,-1.700589456145549,-1.6891834954661349,-0.011405960679414129,0.056643377804744356,0.14901124683878786
4,hsa-mir-4452,-1.700589456145549,-1.6890712601889144,-0.011518195956634614,0.0659633098223984,0.16309298850055967
4,hsa-mir-378g,-1.6467168033045476,-1.6351025658992213,-0.0116142374053263,0.2564170788714523,0.4106885452150571
4,hsa-mir-4468,-1.700589456145549,-1.6888943307096416,-0.01169512543590745,0.04619671048033215,0.13370476502656428
4,hsa-mir-1972-1,-1.700589456145549,-1.6888352504290582,-0.011754205716490773,0.07552817119545828,0.17906374933877647
4,hsa-mir-5194,-1.6472114492331484,-1.6351914220177477,-0.012020027215400741,0.1991182950381883,0.3369029720819671
4,hsa-mir-1303,-1.6539390583348685,-1.6419033246493429,-0.012035733685525685,0.08602645205155195,0.193335951754984
4,hsa-mir-593,-1.700589456145549,-1.688499606178914,-0.012089849966635091,0.04619671048033215,0.13370476502656428
4,hsa-mir-623,-1.700589456145549,-1.6884707174496483,-0.012118738695900744,0.056643377804744356,0.14901124683878786
4,hsa-mir-6887,-1.2112621988499415,-1.1989763640518605,-0.012285834798080986,0.8902887203005673,0.9283759382813401
4,hsa-mir-5692c-1,-1.700589456145549,-1.6882737666211673,-0.012315689524381668,0.05543447759562701,0.14884300352698474
4,hsa-mir-582,2.4554262205447994,2.4677550148034424,-0.012328794258642972,0.9720442129731027,0.9827537085146082
4,hsa-mir-4418,-1.700589456145549,-1.6880270142064588,-0.012562441939090174,0.0659633098223984,0.16309298850055967
4,hsa-mir-4538,-1.700589456145549,-1.6879494141453164,-0.01264004200023261,0.0659633098223984,0.16309298850055967
4,hsa-mir-637,-1.700589456145549,-1.6878942379646722,-0.012695218180876822,0.04724382489481938,0.13473558836548125
4,hsa-mir-564,-1.2496251924890773,-1.2366448807078159,-0.012980311781261467,0.6781048427404608,0.7875324503165821
4,hsa-mir-8089,-1.700589456145549,-1.687585665082626,-0.013003791062923042,0.039974213067814145,0.12694344403611965
4,hsa-mir-3910-1,-1.700589456145549,-1.6875556974559691,-0.0130337586895799,0.07786848753136207,0.18186588779627394
4,hsa-mir-7844,-1.4399358813468415,-1.4268657058818734,-0.013070175464968026,0.49995185254666924,0.6510224457202036
4,hsa-mir-4653,-1.586503945283979,-1.5733843985388944,-0.013119546745084643,0.4613109836876894,0.6178756820444982
4,hsa-mir-3165,-1.6899575923975638,-1.676701810051786,-0.013255782345777734,0.04957222493751326,0.1388378292684393
4,hsa-mir-1244-1,-1.6876564700719368,-1.6743306402612417,-0.013325829810695078,0.07831883828737714,0.1826268874862606
4,hsa-mir-4766,-1.6567928561991077,-1.643343395941082,-0.013449460258025736,0.13009058111772345,0.2521010019175759
4,hsa-mir-4434,-1.700589456145549,-1.6871235049541398,-0.013465951191409253,0.0659633098223984,0.16309298850055967
4,hsa-mir-1272,-1.700589456145549,-1.6869949441390664,-0.01359451200648265,0.06734731694679062,0.1649322047676505
4,hsa-mir-1264,-1.700589456145549,-1.6869755220434701,-0.013613934102078895,0.0659633098223984,0.16309298850055967
4,hsa-mir-6770-1,-1.6726182641574934,-1.6589881431235765,-0.01363012103391692,0.0378822682336112,0.12479749942362112
4,hsa-mir-4789,-1.700589456145549,-1.6869224780046541,-0.013666978140894903,0.04619671048033215,0.13370476502656428
4,hsa-mir-3156-2,-1.700589456145549,-1.6868661856697058,-0.013723270475843208,0.05787295347212917,0.15072088049502755
4,hsa-mir-3156-1,-1.700589456145549,-1.6867322114937122,-0.013857244651836798,0.06734731694679062,0.1649322047676505
4,hsa-mir-5702,-1.700589456145549,-1.6867118964500778,-0.01387755969547122,0.04619671048033215,0.13370476502656428
4,hsa-mir-892c,-1.700589456145549,-1.686561559553007,-0.014027896592542,0.04724382489481938,0.13473558836548125
4,hsa-mir-1270,4.00755567665127,4.021688242699487,-0.014132566048217221,0.8138247590018058,0.8804206824152684
4,hsa-mir-3149,-1.6741900610865226,-1.6600381775060997,-0.014151883580422853,0.07046732434869464,0.16970853815501188
4,hsa-mir-4520-1,-1.700589456145549,-1.686382857440191,-0.01420659870535812,0.12074091873594983,0.24117264177731335
4,hsa-mir-6830,-1.6253464836115565,-1.610985620188409,-0.014360863423147574,0.1789057455954963,0.3115479242712576
4,hsa-mir-767,1.731760477017083,1.7461833791601533,-0.014422902143070404,0.847633244856121,0.9005091875549198
4,hsa-mir-5693,-1.700589456145549,-1.686066010673643,-0.014523445471906093,0.06734731694679062,0.1649322047676505
4,hsa-mir-548aq,-1.700589456145549,-1.6860339742210504,-0.014555481924498626,0.0659633098223984,0.16309298850055967
4,hsa-mir-5007,-1.700589456145549,-1.68566064486006,-0.014928811285489063,0.07944034126344192,0.18386785218244717
4,hsa-mir-1263,-1.700589456145549,-1.6855817780044784,-0.015007678141070624,0.056643377804744356,0.14901124683878786
4,hsa-mir-548x,-1.700589456145549,-1.685444255152191,-0.015145200993357921,0.05543447759562701,0.14884300352698474
4,hsa-mir-3689a,-1.700589456145549,-1.6852917263895753,-0.015297729755973766,0.07786848753136207,0.18186588779627394
4,hsa-mir-1285-1,-1.700589456145549,-1.6852326912062605,-0.015356764939288503,0.07786848753136207,0.18186588779627394
4,hsa-mir-650,-1.689661390883477,-1.6741861476028759,-0.015475243280601125,0.05063287456455297,0.14054676925391926
4,hsa-mir-609,-1.700589456145549,-1.6849801318004947,-0.015609324345054354,0.07786848753136207,0.18186588779627394
4,hsa-mir-548ao,-1.700589456145549,-1.6845843359125097,-0.01600512023303935,0.0659633098223984,0.16309298850055967
4,hsa-mir-4459,-1.700589456145549,-1.6844565628504924,-0.016132893295056627,0.04724382489481938,0.13473558836548125
4,hsa-mir-3611,-1.700589456145549,-1.6843820567029957,-0.01620739944255334,0.05543447759562701,0.14884300352698474
4,hsa-mir-4445,-1.700589456145549,-1.6842616303817737,-0.01632782576377534,0.038159235400684145,0.12479749942362112
4,hsa-mir-4771-2,-1.6851548044104252,-1.6687923993689981,-0.016362405041427053,0.08264582230214011,0.18959923939902731
4,hsa-mir-4642,-1.6586326311639283,-1.6422262272497445,-0.016406403914183798,0.16195440665731187,0.29346114746564
4,hsa-mir-4431,-1.700589456145549,-1.6841805601110857,-0.01640889603446327,0.059123460470135815,0.15240573416207936
4,hsa-mir-4765,-1.700589456145549,-1.6840539646298214,-0.01653549151572764,0.09299989035595344,0.20245178262381175
4,hsa-mir-4436a,-1.700589456145549,-1.6838570039774,-0.016732452168149115,0.08325040463203058,0.19040570049229363
4,hsa-mir-1278,-1.700589456145549,-1.6838283280995385,-0.016761128046010487,0.0659633098223984,0.16309298850055967
4,hsa-mir-6770-3,-1.6644112008864738,-1.6476349951807023,-0.01677620570577143,0.11941582937578386,0.24037250816286815
4,hsa-mir-4315-1,-1.700589456145549,-1.6837315275676499,-0.01685792857789914,0.07944034126344192,0.18386785218244717
4,hsa-mir-1289-2,-1.700589456145549,-1.683703489877325,-0.016885966268223918,0.08492178289232893,0.19199395385531073
4,hsa-mir-3171,-1.700589456145549,-1.6836928805075342,-0.016896575638014832,0.0659633098223984,0.16309298850055967
4,hsa-mir-4417,-1.679887646644988,-1.6629678622527668,-0.016919784392221082,0.04413744217481461,0.13370476502656428
4,hsa-mir-572,-1.1173979900013122,-1.1003336866457618,-0.017064303355550425,0.5504942148662303,0.6981877847083896
4,hsa-mir-6863,-1.700589456145549,-1.6835072695185798,-0.017082186626969253,0.09122825357411901,0.2004451768670784
4,hsa-mir-4669,-1.5074509990121976,-1.4902710829104289,-0.017179916101768722,0.2979179701891471,0.45594140336270433
4,hsa-mir-3659,-1.700589456145549,-1.6833462045090235,-0.017243251636525514,0.09299989035595344,0.20245178262381175
4,hsa-mir-4519,-0.9613408879239568,-0.9440448963795499,-0.017295991544406863,0.7911639985064408,0.8663452086532096
4,hsa-mir-3150b,1.4486963487602973,1.466028295852288,-0.017331947091990818,0.6890700903484146,0.7939064556451453
4,hsa-mir-6499,0.5907299073009568,0.6081912241123043,-0.01746131681134755,0.9495311433354312,0.9662547838247049
4,hsa-mir-4448,-1.700589456145549,-1.6830237180594185,-0.01756573808613049,0.09122825357411901,0.2004451768670784
4,hsa-mir-3141,-1.671000018451317,-1.653396195749231,-0.017603822702086047,0.12235289270386535,0.2428378023130152
4,hsa-mir-762,-1.700589456145549,-1.6829230953111858,-0.017666360834363237,0.05787295347212917,0.15072088049502755
4,hsa-mir-4536-1,-1.6896247128216464,-1.6717990573750388,-0.017825655446607636,0.10576492394143151,0.22012672458461421
4,hsa-mir-3914-1,-1.669316947731034,-1.6514815793696518,-0.01783536836138211,0.2680403562481384,0.4249420281982682
4,hsa-mir-548a-3,-1.687824041079502,-1.6697086488384587,-0.018115392241043304,0.11289015647171864,0.23050869646057734
4,hsa-mir-5009,-1.642700855673514,-1.6242675170029384,-0.018433338670575727,0.10165347061980733,0.2145864873706352
4,hsa-mir-548ay,-1.6424047596554956,-1.62389842825092,-0.018506331404575693,0.11331718926002514,0.2306343985001329
4,hsa-mir-4735,-1.6757766420211346,-1.6569294765104128,-0.018847165510721853,0.12866342525384952,0.25070670352584984
4,hsa-mir-6752,-1.559767166197475,-1.5407530692066662,-0.019014096990808804,0.3607576054025904,0.5191714616494844
4,hsa-mir-548l,-1.6080436357403318,-1.5888204735172327,-0.019223162223099166,0.21662862641648026,0.3572311386994812
4,hsa-mir-3116-2,-1.6759028824528521,-1.6566761871659137,-0.019226695286938433,0.08277832873504193,0.18962436538423702
4,hsa-mir-3923,-1.673983294190745,-1.6545824242865348,-0.019400869904210305,0.10786160409871277,0.22286636078674427
4,hsa-mir-1295b,-1.4252716643160643,-1.4058646316069852,-0.019407032709079175,0.5994485574721,0.7340186418025715
4,hsa-mir-4656,-1.6686154636843173,-1.6491402092307599,-0.019475254453557467,0.20613124759289952,0.3448859602440884
4,hsa-mir-301a,-0.42133070396479017,-0.4018505090395527,-0.01948019492523745,0.45090970015349835,0.6100773046309258
4,hsa-mir-6759,-1.614411212436495,-1.5948970038724184,-0.019514208564076707,0.32613077553681386,0.48132829691336765
4,hsa-mir-6811,-1.575055750678346,-1.5547787756262434,-0.020276975052102575,0.5533159768652376,0.6995315875158837
4,hsa-mir-6722,-1.700589456145549,-1.6802208508528171,-0.02036860529273188,0.06734731694679062,0.1649322047676505
4,hsa-mir-922,-1.6524079735795076,-1.631754507553193,-0.020653466026314682,0.16718794049454755,0.297702915715123
4,hsa-mir-6742,-1.579197699506847,-1.5585298384286945,-0.02066786107815255,0.3013679804407721,0.45791293787904763
4,hsa-mir-4536-2,-1.6896247128216464,-1.6688764029267555,-0.02074830989489085,0.09378384104031988,0.2031983222540264
4,hsa-mir-5087,-1.6284394033902518,-1.6076828250191542,-0.020756578371097678,0.09878253759396896,0.21080815136332637
4,hsa-mir-6504,-1.700589456145549,-1.6798228846925172,-0.020766571453031846,0.10611236979976275,0.22012672458461421
4,hsa-mir-5695,-1.6779157111402887,-1.657126514774764,-0.020789196365524676,0.0973684742232747,0.208933727356683
4,hsa-mir-1322,-1.700589456145549,-1.6797851952661333,-0.02080426087941567,0.09122825357411901,0.2004451768670784
4,hsa-mir-6873,-1.1842329729036292,-1.1632175457661182,-0.021015427137510923,0.9062613676377795,0.9381338643098448
4,hsa-mir-4666b,-1.700589456145549,-1.6790218332663671,-0.021567622879181902,0.09299989035595344,0.20245178262381175
4,hsa-mir-6878,-1.5506333826601315,-1.5287709340005222,-0.02186244865960929,0.44794775442874324,0.6065959174555898
4,hsa-mir-4773-1,-1.610952930625431,-1.588890264643554,-0.022062665981877005,0.5394319149352205,0.6875112641331241
4,hsa-mir-6829,-1.244766741907217,-1.2224683161328298,-0.02229842577438723,0.8925321088811656,0.9288526283219602
4,hsa-mir-499b,-1.688221913317889,-1.6658321765896356,-0.022389736728253506,0.14939564090819368,0.27777973756469865
4,hsa-mir-7855,-1.700589456145549,-1.6777929917212844,-0.02279646442426464,0.07944034126344192,0.18386785218244717
4,hsa-mir-5706,-1.6418966730907583,-1.6189390761157048,-0.022957596975053507,0.17461643389805367,0.30641353979860936
4,hsa-mir-20b,1.7050552704852653,1.7280900337375646,-0.02303476325229936,0.8785379138642027,0.9186040003578674
4,hsa-mir-125a,12.045688063679274,12.068984547049517,-0.023296483370243593,0.9616151159819007,0.9747365698062151
4,hsa-mir-5691,-1.6823329339344402,-1.6589701352585449,-0.023362798675895302,0.1405697952386932,0.266664474786939
4,hsa-mir-6081,-1.6739451847152909,-1.6502714898969555,-0.023673694818335367,0.12310702683350111,0.24371441860439305
4,hsa-mir-632,0.46055211586533745,0.484480894469792,-0.023928778604454526,0.9377632845546265,0.960286143844621
4,hsa-mir-4688,-1.6717538050982568,-1.6477216068135274,-0.024032198284729356,0.14497268258245702,0.27117192425495557
4,hsa-mir-5089,-1.689661390883477,-1.6650830343156282,-0.02457835656784879,0.09378384104031988,0.2031983222540264
4,hsa-mir-4737,-1.687824041079502,-1.6632329922723788,-0.02459104880712326,0.12117008927957523,0.241720382706058
4,hsa-mir-3139,-1.689661390883477,-1.664814004835166,-0.024847386048310938,0.09614767187023313,0.20716901673696642
4,hsa-mir-4645,-1.4047511747510966,-1.3798577152888394,-0.024893459462257184,0.6130060754850629,0.7430376672546217
4,hsa-mir-5687,-1.700589456145549,-1.6751862982356154,-0.025403157909933638,0.1306196961952143,0.2528123152165438
4,hsa-mir-1305,-1.700589456145549,-1.6751007628206789,-0.025488693324870138,0.10611236979976275,0.22012672458461421
4,hsa-mir-2113,-1.6721857020646562,-1.6465389818380558,-0.025646720226600417,0.15778775800602055,0.2882305649758689
4,hsa-mir-548ai,-1.700589456145549,-1.6748649585876279,-0.025724497557921167,0.10809471006831707,0.22305257633144795
4,hsa-mir-3681,-1.6817832997715052,-1.6559511301867869,-0.025832169584718345,0.13720848492283272,0.2626321919995326
4,hsa-mir-6736,-0.9229293581999056,-0.8969148966890054,-0.026014461510900255,0.6254459317291627,0.7473703225908621
4,hsa-mir-3920,-1.700589456145549,-1.6743129558714382,-0.02627650027411077,0.1497255762884342,0.2780617845356635
4,hsa-mir-2278,-1.4034859492819338,-1.3768646358850978,-0.026621313396836044,0.5533474224324362,0.6995315875158837
4,hsa-mir-4659b,-1.700589456145549,-1.6738545546065877,-0.026734901538961298,0.16045489788221973,0.2919450910230816
4,hsa-mir-4520-2,-1.700589456145549,-1.6736414917279399,-0.02694796441760916,0.15229255797760577,0.2798308485807597
4,hsa-mir-575,-1.700589456145549,-1.6736267091733268,-0.02696274697222223,0.20509572056868552,0.34440185585269045
4,hsa-mir-6800,-0.8682165134991038,-0.8408226986624315,-0.027393814836672248,0.7035379285172175,0.8028669849940449
4,hsa-mir-550b-1,-1.700589456145549,-1.673081379926302,-0.027508076219247002,0.14311407386653782,0.2683388884997584
4,hsa-mir-607,-1.5351872329790228,-1.507508187953093,-0.027679045025929883,0.858120618424896,0.9069567511807843
4,hsa-mir-3121,-1.700589456145549,-1.672861220879946,-0.027728235265602974,0.16312184557348736,0.2938453569222174
4,hsa-mir-5589,-1.6817832997715052,-1.6538620555637797,-0.02792124420772546,0.057037960505774095,0.1493960369369542
4,hsa-mir-4513,-1.700589456145549,-1.6719872472071577,-0.02860220893839127,0.16312184557348736,0.2938453569222174
4,hsa-mir-4517,-1.6786966475595744,-1.6500943539820394,-0.028602293577534965,0.10096790374541566,0.21371767956967222
4,hsa-mir-4764,-1.700589456145549,-1.6718363405399668,-0.028753115605582247,0.22073509140810552,0.3632349605449838
4,hsa-mir-614,-1.6783815506805912,-1.6493396716664808,-0.029041879014110483,0.10732106494497819,0.22204358264478247
4,hsa-mir-3184,-1.700589456145549,-1.6712224067147712,-0.029367049430777836,0.15229255797760577,0.2798308485807597
4,hsa-mir-1912,-1.5673642285579326,-1.5379517022288396,-0.02941252632909297,0.07466295834881104,0.1772819102346198
4,hsa-mir-1286,-1.6835697092818125,-1.6540870059961468,-0.029482703285665712,0.11083318948995509,0.22717390649326596
4,hsa-mir-7849,-1.700589456145549,-1.6709951123647253,-0.029594343780823706,0.14068260432669924,0.266664474786939
4,hsa-mir-3926-1,-1.4854434956972846,-1.4557367887731059,-0.02970670692417876,0.46319809117384897,0.6191087946864764
4,hsa-mir-3689f,-1.700589456145549,-1.6708745203533704,-0.029714935792178654,0.12478355758833722,0.24547585099345026
4,hsa-mir-4761,-1.6826818703603288,-1.6529416462618454,-0.029740224098483425,0.12288939355696606,0.24359269879144477
4,hsa-mir-205,9.65547126169988,9.68528419895739,-0.02981293725751044,0.6792275386565532,0.7878029444641063
4,hsa-mir-4296,-1.700589456145549,-1.6706546234990496,-0.029934832646499432,0.14068260432669924,0.266664474786939
4,hsa-mir-4706,-1.370766026681807,-1.3402453702572839,-0.030520656424523063,0.6831331192479666,0.7905694851831068
4,hsa-mir-181a-1,10.825677443736327,10.85624615502062,-0.03056871128429428,0.783154097925044,0.86279688754454
4,hsa-mir-190b,-1.1298163676056283,-1.098969230067957,-0.03084713753767132,0.6158950897682257,0.7447128550294642
4,hsa-mir-4451,-1.700589456145549,-1.6696845091371175,-0.030904947008431494,0.14311407386653782,0.2683388884997584
4,hsa-mir-4634,-1.700589456145549,-1.6693908129573602,-0.031198643188188768,0.12478355758833722,0.24547585099345026
4,hsa-mir-559,-1.700589456145549,-1.6692228349461087,-0.03136662119944034,0.10611236979976275,0.22012672458461421
4,hsa-mir-4708,-1.6659234112540888,-1.6345180387711649,-0.031405372482923966,0.28261573132482715,0.4382510346587777
4,hsa-mir-3147,-1.700589456145549,-1.6688974644611922,-0.03169199168435677,0.14311407386653782,0.2683388884997584
4,hsa-mir-4636,-1.3633334242721027,-1.3316196251852335,-0.03171379908686922,0.6592440006758488,0.7732486022964842
4,hsa-mir-548d-1,-1.6103790174729062,-1.5786228206429047,-0.031756196830001526,0.4149102617011823,0.5779107216552182
4,hsa-mir-4470,-1.4447859619344485,-1.4128661353746121,-0.031919826559836384,0.8921841494616203,0.9288526283219602
4,hsa-mir-3942,-1.6652602097672757,-1.633331417621508,-0.031928792145767826,0.07746342872332264,0.18186588779627394
4,hsa-mir-6799,-1.104022852942818,-1.0720515220718492,-0.03197133087096882,0.6460915645615468,0.7612404788477265
4,hsa-mir-6721,-0.26333260768034467,-0.2311430984633627,-0.032189509216981965,0.9485050560061425,0.9658406575519467
4,hsa-mir-3116-1,-1.6446070113824582,-1.6123605953422941,-0.032246416040164094,0.469194978916687,0.623993322344443
4,hsa-mir-6874,-0.3172154693527432,-0.28492078735071846,-0.03229468200202473,0.6105804908402604,0.7416848668041279
4,hsa-mir-6084,-1.362718320200716,-1.3303719785012005,-0.03234634169951556,0.8223963082020124,0.8866193785730057
4,hsa-mir-4484,-1.5804546784037066,-1.5480917036564197,-0.03236297474728689,0.5773719890149285,0.7194875540353158
4,hsa-mir-744,7.081334988690079,7.1138159289586165,-0.03248094026853732,0.7932227511497809,0.8663452086532096
4,hsa-mir-548az,-1.454546418934734,-1.4218177602045,-0.032728658730234006,0.41703926158451515,0.579324352690867
4,hsa-mir-5003,-0.8970603085170192,-0.8642672046493912,-0.032793103867628015,0.864195037485761,0.9092120952672879
4,hsa-mir-6784,-0.3465622875774002,-0.31365864480267863,-0.032903642774721575,0.8268055056501846,0.8876920776423181
4,hsa-mir-4420,-1.6832197269120075,-1.6501766921914864,-0.03304303472052106,0.22403039662531887,0.3676111820958435
4,hsa-mir-6839,-1.700589456145549,-1.6671261588486919,-0.03346329729685715,0.16312184557348736,0.2938453569222174
4,hsa-mir-5582,-1.700589456145549,-1.6666657835373428,-0.03392367260820617,0.2082470536970959,0.34713403718649394
4,hsa-mir-448,-1.700589456145549,-1.666400993081987,-0.03418846306356205,0.07944034126344192,0.18386785218244717
4,hsa-mir-4783,-1.592930323197821,-1.5582832716609487,-0.0346470515368722,0.48290130638051676,0.6373316733956058
4,hsa-mir-4512,-1.2927800613109968,-1.2577063698707776,-0.03507369144021921,0.6763020895230001,0.7861633827540091
4,hsa-mir-4663,-1.700589456145549,-1.6655077125417401,-0.03508174360380889,0.19311868840393412,0.3292515343280188
4,hsa-mir-124-3,-1.6549911990875685,-1.6198692487130117,-0.03512195037455679,0.1205810131886534,0.24117264177731335
4,hsa-mir-7161,-1.6697154330408719,-1.6341879684963405,-0.03552746454453137,0.1967173597652427,0.33355428109818525
4,hsa-mir-3175,-1.4653307801777082,-1.4296708213332923,-0.03565995884441597,0.9358704493386419,0.960286143844621
4,hsa-mir-130b,5.86903942680921,5.9047349839936905,-0.035695557184480364,0.4122012091051914,0.5746504791815001
4,hsa-mir-5571,-1.4506607546240187,-1.414947458515115,-0.035713296108903725,0.3201621634915491,0.4761229504736097
4,hsa-mir-3126,-1.2979702189997808,-1.2621901652320149,-0.03578005376776594,0.9410646195344183,0.9619920951918824
4,hsa-mir-4524a,-1.3792069087535321,-1.34299199373739,-0.03621491501614216,0.8318951701381492,0.8894814460331285
4,hsa-mir-1179,-1.6682965721366199,-1.631937976050719,-0.03635859608590075,0.20599708991597077,0.3448859602440884
4,hsa-mir-888,-1.700589456145549,-1.6641984231777416,-0.036391032967807435,0.14311407386653782,0.2683388884997584
4,hsa-mir-423,9.459405759126572,9.496055932205984,-0.036650173079411985,0.4960073977365969,0.6476398941509122
4,hsa-mir-3151,-1.4323576948937098,-1.3956058162846299,-0.03675187860907991,0.6468861265273216,0.7612404788477265
4,hsa-mir-891b,-1.700589456145549,-1.663256854501442,-0.03733260164410712,0.18192217411907158,0.3146325849509442
4,hsa-mir-5094,-1.6625555434541388,-1.6251336566363126,-0.03742188681782621,0.3368070652598852,0.4919653762223042
4,hsa-mir-631,-1.700589456145549,-1.6631285857913811,-0.0374608703541679,0.22073509140810552,0.3632349605449838
4,hsa-mir-3664,-1.589990826665233,-1.5522706504405634,-0.0377201762246695,0.5445439525442868,0.6923297196162082
4,hsa-mir-4419b,-1.6077151408221537,-1.5699915013529615,-0.037723639469192216,0.32211296472613726,0.477156337552055
4,hsa-mir-6745,-1.6619451330683621,-1.6240141192666897,-0.03793101380167241,0.3894440870782765,0.5493063072713484
4,hsa-mir-1185-2,-1.6315381295323041,-1.59335012234416,-0.03818800718814419,0.584940237048025,0.7253630920468355
4,hsa-mir-548y,-1.700589456145549,-1.6620777810536713,-0.038511675091877695,0.06875383219624423,0.16732601907354291
4,hsa-mir-4668,-1.6298702079452239,-1.5912777065737114,-0.03859250137151249,0.22410143216227382,0.3676111820958435
4,hsa-mir-4497,-1.700589456145549,-1.6619830805257907,-0.038606375619758326,0.16312184557348736,0.2938453569222174
4,hsa-mir-4785,-0.40613551815675225,-0.3672008924208297,-0.038934625735922546,0.9988711095239429,0.9997148069620687
4,hsa-mir-5047,-1.700589456145549,-1.661441028038901,-0.03914842810664809,0.16045489788221973,0.2919450910230816
4,hsa-mir-5190,-1.700589456145549,-1.661293440243361,-0.03929601590218801,0.19617631677810393,0.33300876406294033
4,hsa-mir-4773-2,-1.6356039084259737,-1.5962126870404059,-0.03939122138556783,0.49118377522694806,0.6441597722798734
4,hsa-mir-653,-1.1436845889834018,-1.1041509716490536,-0.039533617334348126,0.794528601491047,0.8663452086532096
4,hsa-mir-6723,-1.2222732265495206,-1.1825838561835493,-0.03968937036597131,0.730208790525493,0.8242588373514972
4,hsa-mir-3133,-1.700589456145549,-1.6606643006460433,-0.039925155499505705,0.26018040266365694,0.4154364668938637
4,hsa-mir-1257,-1.700589456145549,-1.6606126683463842,-0.039976787799164804,0.14557582877958422,0.2719740034684448
4,hsa-mir-7845,0.5213542074762046,0.5618158994423644,-0.040461691966159785,0.9474576547094893,0.9654042725975202
4,hsa-mir-3158-1,0.5859253731968558,0.6265398355620788,-0.040614462365223036,0.6661934191959904,0.7789595429459812
4,hsa-mir-624,-0.45638839732566905,-0.4150965954000753,-0.04129180192559373,0.8117086098513948,0.87996207878261
4,hsa-mir-548d-2,-1.6548962037465094,-1.613102833620144,-0.041793370126365303,0.3599112306466812,0.5184316895741669
4,hsa-mir-4802,-1.700589456145549,-1.6586335933337581,-0.04195586281179087,0.26018040266365694,0.4154364668938637
4,hsa-mir-5698,1.9281031179685775,1.9702201420260768,-0.042117024057499286,0.984342698783335,0.9900545519677645
4,hsa-mir-4322,-1.6799163211336994,-1.6370976845100709,-0.0428186366236285,0.22840562688493662,0.37271211081642375
4,hsa-mir-548f-1,-1.700589456145549,-1.657590784457103,-0.042998671688446066,0.16045489788221973,0.2919450910230816
4,hsa-mir-4478,-1.552157102478724,-1.5090406189157801,-0.04311648356294384,0.35677685111656365,0.5148676112320437
4,hsa-mir-3166,-1.669780407339875,-1.6265101912324573,-0.04327021610741766,0.25536914106693126,0.41010828457750154
4,hsa-mir-7854,0.40338472280064075,0.4470725395953644,-0.043687816794723666,0.9381256943712836,0.960286143844621
4,hsa-mir-876,-1.700589456145549,-1.6566218304958904,-0.043967625649658615,0.18192217411907158,0.3146325849509442
4,hsa-mir-3660,-1.4319668751549792,-1.386685815188601,-0.04528105996637821,0.5991427436860961,0.7340186418025715
4,hsa-mir-548k,-1.6350392630716437,-1.5895941965722244,-0.04544506649941926,0.3544496409585168,0.5119828147178576
4,hsa-mir-581,-1.6497042477845478,-1.6041584175679486,-0.04554583021659919,0.34273288773954813,0.4992187720576051
4,hsa-mir-6796,-1.0929946720418304,-1.0473983660916144,-0.04559630595021602,0.9777041314280592,0.9846471562477549
4,hsa-mir-6758,-1.3180229100301009,-1.2723289070137853,-0.04569400301631554,0.8867339243073776,0.9252875731903071
4,hsa-mir-4529,-1.6440978683619392,-1.5983765573150095,-0.04572131104692967,0.2781656933776298,0.4347685804798563
4,hsa-mir-5196,-1.3666350531895248,-1.3208769041310477,-0.04575814905847708,0.8153852437548899,0.8814975608160972
4,hsa-mir-376a-1,-1.4111926312005938,-1.3653917943166074,-0.045800836883986396,0.6571065650752452,0.7713214759348251
4,hsa-mir-135b,2.5477358458829262,2.593744949635887,-0.046009103752960634,0.8316376092293424,0.8894814460331285
4,hsa-mir-7848,-1.5782923782833986,-1.5320361337886619,-0.046256244494736753,0.3103915920632109,0.46738502279788513
4,hsa-mir-5579,-1.1324975484423183,-1.0862212935592819,-0.04627625488303644,0.61093913707904135,0.7416848668041279
4,hsa-mir-4655,-1.6861347156623718,-1.6398410192500887,-0.04629369641228309,0.20626833391521443,0.3448859602440884
4,hsa-mir-548aw,-1.5771564706374988,-1.5306304835002424,-0.04652598713725631,0.31711444845195413,0.47339573166033344
4,hsa-mir-4712,-1.700589456145549,-1.6538606373268354,-0.0467288188187136,0.35035949886094964,0.5083052238079631
4,hsa-mir-6765,-1.4098530415215447,-1.3630489440415512,-0.04680409747999348,0.589685323843363,0.7283524189989281
4,hsa-mir-4730,-1.553524608786059,-1.5066554680478002,-0.046869140738258874,0.4245799243799673,0.5851101431384708
4,hsa-mir-4533,-0.5375123007083104,-0.4906162009146818,-0.046896099793628576,0.5015253296170386,0.6525267007527774
4,hsa-mir-30b,5.905549755413945,5.953265419023084,-0.04771566360913848,0.9378034121494243,0.960286143844621
4,hsa-mir-4700,-0.8828156968100843,-0.8350116606909808,-0.047804036119103555,0.8630117663737755,0.9090468302114043
4,hsa-mir-641,-1.2825572588171936,-1.2343781385247394,-0.04817912029245419,0.9416422624089773,0.9619920951918824
4,hsa-mir-887,2.145902121901595,2.194629677059572,-0.04872755515797689,0.6256831033997858,0.7473703225908621
4,hsa-mir-3610,2.0299093569992657,2.0786405068306615,-0.048731149831395815,0.8922138417660287,0.9288526283219602
4,hsa-mir-150,9.16015962252718,9.209003951504364,-0.04884432897718405,0.6805971165934134,0.7888049791127228
4,hsa-mir-938,-1.6828853344078456,-1.633363159613603,-0.0495221747942427,0.2735282618464871,0.4304958438297714
4,hsa-mir-4474,-1.6490157364766878,-1.5984556693465295,-0.05056006713015826,0.5023101555101197,0.6527521567947535
4,hsa-mir-4667,-1.026184561123664,-0.9752944230386249,-0.05089013808503906,0.7048822506326813,0.8038130928267418
4,hsa-mir-4691,-0.9274732625887625,-0.8763393950858928,-0.051133867502869745,0.8467041545472885,0.9003806960421064
4,hsa-mir-26b,7.069657611114253,7.1208171160672995,-0.051159504953046664,0.9378034121494243,0.960286143844621
4,hsa-mir-4743,-1.2742600945242428,-1.2226422328281368,-0.05161786169610605,0.7006280184311908,0.8028669849940449
4,hsa-mir-6822,-1.2531467342962592,-1.2009347233993226,-0.05221201089693661,0.8554427958679438,0.9053532982048795
4,hsa-mir-8072,0.22391070449921185,0.2761586225991939,-0.05224791809998203,0.7017419896547799,0.8028669849940449
4,hsa-mir-2116,1.1130172467002575,1.1655540103303952,-0.052536763630137706,0.7368974705234254,0.827617029529549
4,hsa-mir-6503,-1.0617521317636056,-1.0088475038736524,-0.052904627889953204,0.9819678358970475,0.9883031122576735
4,hsa-mir-124-1,-1.6759442130287,-1.622958801566556,-0.05298541146214397,0.17807855334882697,0.3107410998033222
4,hsa-mir-6739,-1.616533458588759,-1.5626101487307158,-0.05392330985804317,0.8252297774769302,0.8876920776423181
4,hsa-mir-555,-1.5812479690583419,-1.5273147686693136,-0.05393320038902827,0.8059902536302928,0.8761984638768339
4,hsa-mir-4428,-1.630224165947702,-1.575976224762086,-0.05424794118561582,0.46142639075758995,0.6178756820444982
4,hsa-mir-1246,-1.352404510204456,-1.2976400051803674,-0.05476450502408858,0.966196535703228,0.9781094066820478
4,hsa-mir-3180-4,-1.3705032375102124,-1.315689212650886,-0.054814024859326516,0.6387532875363444,0.757184748143387
4,hsa-mir-466,-1.6578108278443768,-1.6023440586123603,-0.055466769232016544,0.47451773828611316,0.6289832322017499
4,hsa-mir-3195,-1.6821980716066716,-1.6265267347911445,-0.05567133681552705,0.28389375747824575,0.43979569182330025
4,hsa-mir-4673,-1.6236923466109947,-1.5677440774403413,-0.05594826917065343,0.9984211673984392,0.9997148069620687
4,hsa-mir-6888,-1.6555246788950722,-1.5993923682972104,-0.05613231059786172,0.6969506246562371,0.8018016035868215
4,hsa-mir-4487,-1.700589456145549,-1.6444438061056004,-0.05614565003994865,0.4180028507304545,0.5796306196795636
4,hsa-mir-3909,0.5529870303071044,0.6095528679696604,-0.05656583766255596,0.8395526606168371,0.8946052940999084
4,hsa-mir-4723,-1.0071191241590112,-0.9503849742881402,-0.056734149870871,0.81032045554488,0.8790680880737223
4,hsa-mir-598,3.1005986716709075,3.15743202166378,-0.056833349992872595,0.736200128543711,0.827617029529549
4,hsa-mir-4502,-1.6740928344050967,-1.6169193851536994,-0.057173449251397335,0.43063033816440044,0.5908384586952196
4,hsa-mir-3607,3.940724995941057,3.9982083105121196,-0.05748331457106248,0.8620088832073206,0.9086039579752838
4,hsa-mir-4741,0.6219743936214341,0.679531468796963,-0.05755707517552888,0.7334476239377057,0.8261575717142132
4,hsa-mir-1231,-1.6302111503244432,-1.572554410814819,-0.05765673950962413,0.30684025421752814,0.4633792803285033
4,hsa-mir-3685,-1.6780777643467617,-1.6202810088158603,-0.057796755530901356,0.39635553066653717,0.557542495797834
4,hsa-mir-7977,-1.6851548044104252,-1.6272813261467403,-0.05787347826368494,0.3424773804023302,0.4992187720576051
4,hsa-mir-4777,-1.700589456145549,-1.6425731635397698,-0.05801629260577923,0.31704462169935005,0.47339573166033344
4,hsa-mir-1256,-1.700589456145549,-1.642368053248539,-0.058221402897010055,0.32706846851198396,0.4822559649137004
4,hsa-mir-3202-1,-1.4738576371609946,-1.415453628665176,-0.058404008495818616,0.5114386898287953,0.6605223054590821
4,hsa-mir-4762,-1.6418592830418497,-1.583347390101758,-0.058511892940091625,0.8799412201285944,0.9194295401209693
4,hsa-mir-216b,-1.49572247762952,-1.4367982726146906,-0.05892420501482931,0.44289331031230866,0.6025909733819704
4,hsa-mir-6876,-1.700589456145549,-1.6416473315929319,-0.05894212455261716,0.49610876507073076,0.6476398941509122
4,hsa-mir-1276,-0.28763202273024263,-0.2285655771966518,-0.05906644553359083,0.9104858489820382,0.940634387027801
4,hsa-mir-155,7.661017995600148,7.720232791232015,-0.059214795631866934,0.5734090854348437,0.7161874886135757
4,hsa-mir-656,-1.5998389350652018,-1.5403792600583894,-0.059459675006812374,0.8260270398435299,0.8876920776423181
4,hsa-mir-4747,-1.5781181193575384,-1.518633565643232,-0.0594845537143065,0.561116390093443,0.7059206197949768
4,hsa-mir-3152,-1.6861347156623718,-1.6261688708639792,-0.05996584479839262,0.4008593425680962,0.5618513696372238
4,hsa-mir-4699,-1.6895679687786231,-1.6295358043240369,-0.060032164454586256,0.43282905214963935,0.593333322806184
4,hsa-mir-3186,-1.679490284129749,-1.6193747426536031,-0.06011554147614584,0.46027014524364945,0.6178756820444982
4,hsa-mir-5680,-1.2718686670471218,-1.211430617352035,-0.060438049695086704,0.7495581887910461,0.8366042768470652
4,hsa-mir-101-1,5.776382344343903,5.83703768971586,-0.06065534537195738,0.6167750055756844,0.7447128550294642
4,hsa-mir-4701,-0.6081488677227433,-0.5474380373963539,-0.060710830326389464,0.7925553061427664,0.8663452086532096
4,hsa-mir-548ag-2,-1.669625584702083,-1.608515281763131,-0.061110302938952143,0.5320035308880009,0.6791534436868097
4,hsa-mir-4682,-1.700589456145549,-1.6393115213422413,-0.061277934803307677,0.2965147929066959,0.45572716939354246
4,hsa-mir-6817,-1.5238557736767557,-1.4621549632899233,-0.061700810386832394,0.6430622449659658,0.7597251090648752
4,hsa-mir-664a,5.939181481606187,6.001010131252291,-0.06182864964610335,0.6233690335680704,0.7467002061952878
4,hsa-mir-4482,-1.6429037552855197,-1.5805861147321576,-0.062317640553362086,0.8167965924141957,0.8821043946277725
4,hsa-mir-4498,-1.3607360494403624,-1.2982234076454318,-0.06251264179493066,0.901826829731726,0.9360278472265419
4,hsa-mir-7851,-1.6284720624535929,-1.5656845674409263,-0.06278749501266656,0.6101492893147549,0.7416848668041279
4,hsa-mir-4658,0.4931526646728602,0.5565484102638378,-0.06339574559097766,0.9529067469234729,0.969057708735735
4,hsa-mir-4430,-1.5715038492396554,-1.5078261035223486,-0.06367774571730678,0.7368152582124696,0.827617029529549
4,hsa-mir-153-1,-1.6775833173559547,-1.6138345737218691,-0.06374874363408556,0.2788614936086699,0.4347685804798563
4,hsa-mir-2115,-1.5060604057798925,-1.4422439082273282,-0.06381649755256436,0.4301534005465357,0.5908384586952196
4,hsa-mir-3159,-1.6543879919820506,-1.5901292225779224,-0.06425876940412811,0.4355175255257489,0.5944071214524658
4,hsa-mir-4727,-1.3292608946206488,-1.2644267350902765,-0.0648341595303723,0.7979633685703719,0.8680773047209066
4,hsa-mir-7157,-1.61434408510457,-1.5493976446723263,-0.06494644043224373,0.3658938627667533,0.5251098674481464
4,hsa-mir-6835,-1.6631374673868051,-1.5978166974419483,-0.0653207699448568,0.4820844073492649,0.6370192293179102
4,hsa-mir-556,-1.6422927591002103,-1.5761866013666108,-0.06610615773359951,0.20609414208506086,0.3448859602440884
4,hsa-mir-3140,-1.60182200844581,-1.535654561732497,-0.06616744671331287,0.9443150382379781,0.9636451158529757
4,hsa-mir-3941,-1.3909164255741855,-1.3240359595505313,-0.06688046602365416,0.8592762388528689,0.9071839659721856
4,hsa-mir-6516,-0.4021506601104698,-0.3351948283188116,-0.0669558317916582,0.5633684123232838,0.7076124985703082
4,hsa-mir-365a,6.8824396056135475,6.949429550635385,-0.0669899450218372,0.49246579316616046,0.6446444235898404
4,hsa-mir-3115,-1.675782159822227,-1.6084077320337298,-0.06737442778849712,0.3305234749864459,0.48551470901963806
4,hsa-mir-3182,-1.700589456145549,-1.6320958909603647,-0.06849356518518435,0.49298769060428177,0.6446444235898404
4,hsa-mir-147b,-1.6230817521382492,-1.5544876400372416,-0.06859411210100763,0.6321969396449004,0.7516975806753389
4,hsa-mir-615,3.8216690590789106,3.89069026166516,-0.06902120258624933,0.426189519043694,0.5868099291334181
4,hsa-mir-600,-1.5185901458244022,-1.4495495694285796,-0.06904057639582262,1,1
4,hsa-mir-5001,1.6983079974024557,1.7678126359201427,-0.06950463851768696,0.8970180721954522,0.9322772768986711
4,hsa-mir-873,-0.7876324247040997,-0.7180859525216242,-0.06954647218247545,0.9766591738389242,0.9846471562477549
4,hsa-mir-6770-2,-1.700589456145549,-1.6309912916896463,-0.06959816445590272,0.47410887258818907,0.6289832322017499
4,hsa-mir-101-2,5.79176389709488,5.861595565644453,-0.06983166854957368,0.7425504988625178,0.8321686625183389
4,hsa-mir-4530,-1.680338453393895,-1.610086376156769,-0.07025207723712601,0.6037592488534318,0.7364069024326455
4,hsa-mir-892b,-1.5828170911354382,-1.5122605526654904,-0.0705565384699478,0.8483666617162778,0.9005091875549198
4,hsa-mir-6871,-0.6774539275799767,-0.6063928032984711,-0.07106112428150557,0.7690583505523756,0.8539010867343102
4,hsa-mir-548b,-1.3741019599931996,-1.3030223558304446,-0.07107960416275505,0.619450283586613,0.7450597088628499
4,hsa-mir-548e,-1.700589456145549,-1.629118563890577,-0.07147089225497205,0.4437200834303266,0.6025909733819704
4,hsa-mir-7151,-1.6291760047102248,-1.5568214638500906,-0.07235454086013426,0.6862581514822634,0.792392708117671
4,hsa-mir-6818,-1.4677931686968946,-1.3948352984750274,-0.07295787022186717,0.776958264694416,0.8596133992363751
4,hsa-mir-124-2,-1.6896247128216464,-1.6164327707378507,-0.07319194208379565,0.5117330072339119,0.6605223054590821
4,hsa-mir-133b,-0.8845191125447083,-0.811022079672091,-0.07349703287261733,0.646055006923877,0.7612404788477265
4,hsa-mir-3925,-1.576171513227648,-1.5025950443261686,-0.07357646890147929,0.5867439536115613,0.7263690506021505
4,hsa-mir-6790,-1.6288166969405922,-1.5545957147209422,-0.07422098221965001,0.794705124091502,0.8663452086532096
4,hsa-mir-3174,-1.5975837487207323,-1.5230805741453812,-0.07450317457535105,0.5236069296545219,0.66898182658563
4,hsa-mir-6855,-0.561000482570069,-0.48626645346838876,-0.0747340291016802,0.7416589134329403,0.8321568476974224
4,hsa-mir-1255a,-1.5611582168102753,-1.4858319871143058,-0.07532622969596958,0.933449749179063,0.9586449036993668
4,hsa-mir-1224,1.4439100223024774,1.5192973161390535,-0.07538729383657605,0.904017683456449,0.9364326601540905
4,hsa-mir-4639,-1.6369472081424663,-1.560954025547892,-0.07599318259457433,0.8265273017185728,0.8876920776423181
4,hsa-mir-570,-1.6525482728179242,-1.5765398309248264,-0.07600844189309774,0.35180293106748833,0.5091025718601871
4,hsa-mir-548q,-1.3120138368863474,-1.23585333045616,-0.07616050643018735,0.8863360366681211,0.9252875731903071
4,hsa-mir-4710,-0.8779603871642361,-0.8016905242236769,-0.07626986294055915,0.42343526696935746,0.5840486440956655
4,hsa-mir-4444-1,-1.346681977712929,-1.2703792616424807,-0.07630271607044836,0.9085095609882476,0.9398374768843942
4,hsa-mir-942,2.393685197044667,2.470725906376581,-0.07704070933191431,0.7767001024203009,0.8596133992363751
4,hsa-mir-7705,-1.341691505213689,-1.2642358891071905,-0.07745561610649854,0.9038208029011314,0.9364326601540905
4,hsa-mir-5004,-1.5187288002556139,-1.4409603671173048,-0.07776843313830906,0.7969711255931197,0.8677988613784614
4,hsa-mir-6757,-1.353490980051003,-1.275636812376196,-0.07785416767480702,0.9307076677259851,0.956458472761882
4,hsa-mir-3135a,-1.675782159822227,-1.5975830230696089,-0.07819913675261803,0.6628487764641484,0.7763093778408946
4,hsa-mir-191,10.245052723419192,10.323331540958394,-0.07827881753920174,0.5991260045668187,0.7340186418025715
4,hsa-mir-4768,-1.4620892909414631,-1.3837367557335267,-0.07835253520793639,0.7420065225302017,0.8321568476974224
4,hsa-mir-4672,-1.6868214808665698,-1.607721913371191,-0.07909956749537872,0.7435543266721872,0.8326954412122125
4,hsa-mir-1180,7.43401087215939,7.5135872553933085,-0.07957638323391869,0.4349336521146014,0.5941300326609266
4,hsa-mir-1539,-1.533219720041984,-1.4532768050830975,-0.07994291495888639,0.63590461829098,0.75495525459203106
4,hsa-mir-1277,-1.6826818703603288,-1.6010150931317104,-0.08166677722861837,0.28152045384855645,0.4374222191272391
4,hsa-mir-6831,-1.6317907235305193,-1.5500870547609538,-0.081703668769565585,0.7512322168318528,0.8366042768470652
4,hsa-mir-599,-1.6174744357107582,-1.534931794905279,-0.08254264080547924,0.826041503991828,0.8876920776423181
4,hsa-mir-6877,1.4973305027599038,1.5798890586079954,-0.08255855584809169,0.994034969655777,0.9982472659226731
4,hsa-mir-1243,-1.6725353702811976,-1.5898279522445056,-0.08270741803669202,0.6498562997511887,0.7639606839576899
4,hsa-mir-5683,-1.502725446568509,-1.4181527031427061,-0.08457274342580279,0.5632618224216462,0.7076124985703082
4,hsa-mir-6856,-1.5314399672594385,-1.4468671724061537,-0.08457279485328484,0.7028289990752332,0.8028669849940449
4,hsa-mir-4715,-1.623088950582557,-1.5384414931492696,-0.08464745743328739,0.6267347466331834,0.7478723980540707
4,hsa-mir-585,-0.5611231046806536,-0.47599095271490116,-0.08513215196575247,0.8242488975797335,0.8876920776423181
4,hsa-mir-544b,-1.6797098909792834,-1.593905277711562,-0.08580461326772126,0.8324634046207484,0.8894814460331285
4,hsa-mir-3682,0.21021987412936383,0.2967524479382371,-0.08653257380887325,0.8573783359014775,0.9067865789873253
4,hsa-mir-3684,-1.6825458224059218,-1.5954471234808996,-0.0870986989250222,0.6148295221207098,0.7446692969784995
4,hsa-mir-452,3.0017639578746462,3.0895943811023017,-0.08783042322765544,0.42890578381266475,0.5900291205888509
4,hsa-mir-6505,-1.5146536743002665,-1.4266126117090479,-0.08804106259121869,0.7139207028772268,0.8117465717846019
4,hsa-mir-4654,-0.8783699436609944,-0.7901510893752715,-0.08821885428572296,0.716422490028413,0.8134054471938313
4,hsa-mir-181a-2,11.750127228842356,11.840002621790559,-0.08987539294820301,0.4749629791882444,0.6289832322017499
4,hsa-mir-1271,2.0401961740432983,2.130467277601961,-0.09027110355866252,0.4746740788201466,0.6289832322017499
4,hsa-mir-4791,-1.6454357589809276,-1.5549725170586035,-0.09046324192232413,0.5993760754664765,0.7340186418025715
4,hsa-mir-3917,4.01758474341872,4.109251935330449,-0.09166719191172934,0.3860783073292091,0.5460400357511933
4,hsa-mir-4753,-1.1616552447632715,-1.06991158118337,-0.0917436635799016,0.7000878442492953,0.8028669849940449
4,hsa-mir-222,6.884049925670075,6.975892736038145,-0.09184281036807018,0.6010756699591683,0.734281946073847
4,hsa-mir-139,6.617747889932531,6.709680095246562,-0.09193220531403146,0.40162859195187406,0.562424240076233
4,hsa-mir-6832,-0.9515456042397601,-0.8594279348073564,-0.09211766943240374,0.5041229810910275,0.6537255615145494
4,hsa-mir-4722,-1.688547574888274,-1.5960612875798614,-0.09248628730841246,0.7181028354476642,0.8141282146063634
4,hsa-mir-4675,-1.700589456145549,-1.6076166893994541,-0.09297276674609489,0.7504180671053481,0.8366042768470652
4,hsa-mir-365b,6.843878404380925,6.937804769430495,-0.09392636504956986,0.47207940559766687,0.6272946105045658
4,hsa-mir-146b,10.440764604620204,10.534801026974442,-0.09403642235423781,0.4042563731694644,0.5650895538927997
4,hsa-mir-6753,-1.3648079391494152,-1.269404543136542,-0.09540339601287329,0.8351996910815356,0.8911843488968506
4,hsa-mir-718,-1.5502821513768,-1.4548243709920132,-0.0954577803847867,0.5127516101993259,0.6605223054590821
4,hsa-mir-7106,-1.483944412501582,-1.3877710045805547,-0.09617340792102724,0.9990739641370932,0.9997148069620687
4,hsa-mir-6755,0.06776020340336919,0.16400274598306477,-0.09624254257969558,0.7914648586435737,0.8663452086532096
4,hsa-mir-4446,-1.2162830962113989,-1.1193840791979424,-0.09689901701345649,0.6316547457446506,0.7516257844101105
4,hsa-mir-6883,-1.433155265455653,-1.3350952543186745,-0.09806001113697849,0.5820051092329934,0.7228725879008516
4,hsa-mir-92b,10.889447258729314,10.987830461512182,-0.09838320278286794,0.672395599373651,0.7830266558065669
4,hsa-mir-219b,-1.4857328210610836,-1.3870793203906782,-0.09865350067040546,0.6192332598151158,0.7450597088628499
4,hsa-mir-4479,-0.151134443990637,-0.052473988471368305,-0.09866045551926869,0.8087545704723165,0.8779799094897799
4,hsa-mir-492,-1.6632464477039852,-1.5643032991101586,-0.09894314859382658,0.9556322356871856,0.971196278613687
4,hsa-mir-576,2.1485368511125107,2.2491228202054523,-0.1005859690929416,0.8785622875217551,0.9186040003578674
4,hsa-mir-1913,-1.2543473066056086,-1.1537552123832857,-0.10059209422232285,0.43437748992981123,0.5938903455657366
4,hsa-mir-6791,-1.3734763727579256,-1.2726947073653736,-0.10078166539255196,0.786151245642442,0.8648772519056485
4,hsa-mir-4742,0.6375946437107509,0.7386273991974945,-0.10103275548674362,0.6009727496649938,0.734281946073847
4,hsa-mir-6794,-0.7694619062984326,-0.668255894139026,-0.10120601215940661,0.4191627654046988,0.5799917704413367
4,hsa-mir-4461,-0.6134061028431318,-0.5106400590376926,-0.10276604380543919,0.6884908172183062,0.7938253324911735
4,hsa-mir-421,0.8504375285345378,0.953263962011676,-0.10282643347713816,0.26627010040701127,0.42342645936283135
4,hsa-mir-6767,-1.2223523992888417,-1.1191122251579346,-0.10324017413090703,0.724016579641257,0.8190470371576221
4,hsa-mir-4751,-1.2575757289128626,-1.1542915676180485,-0.1032841612948141,0.7121341767786133,0.8110526329001125
4,hsa-mir-548o,-1.3451556005908245,-1.2412108937916715,-0.10394470679915302,0.5913198988965573,0.7295314807353704
4,hsa-mir-708,4.062204289455453,4.166187791462029,-0.10398350200657624,0.9188671662287038,0.9480375524581865
4,hsa-mir-3155a,-0.8637604214415174,-0.759536727346926,-0.10422369409459142,0.595619613899914,0.7322037806807453
4,hsa-mir-4797,-0.9345009911406184,-0.8299738809320841,-0.10452711020853422,0.5791219745625116,0.7210137911552419
4,hsa-mir-3912,-1.6039495014316252,-1.4994029650056868,-0.10454653642593836,0.9686050788052246,0.9799117528768809
4,hsa-mir-7850,-1.5366518738264237,-1.4317761953770667,-0.10487567844935697,0.8733624109795142,0.9150069584473083
4,hsa-mir-320d-2,0.3655352830120311,0.47071553639344715,-0.10518025338141607,0.7513349947838066,0.8366042768470652
4,hsa-mir-2110,4.612388155534712,4.717583284307795,-0.10519512877308301,0.36990284950754226,0.5294022433318953
4,hsa-mir-4442,0.2540089805297972,0.36046751920372566,-0.10645853867392846,0.6690096434970167,0.7805946476105805
4,hsa-mir-1-2,-1.6036479076030883,-1.4970398063461527,-0.10660810125693554,0.8440599381160878,0.898794200314742
4,hsa-mir-4644,-1.6600304210360408,-1.553111485278269,-0.10691893575777178,0.9757960932233045,0.9846325390869048
4,hsa-mir-548v,-1.5954371968525478,-1.4884152960746033,-0.10702190077794449,0.7829270590230075,0.86279688754454
4,hsa-mir-548o-2,-1.3207956135478633,-1.2135212143443037,-0.10727439920355963,0.9747964935569474,0.9842605371837139
4,hsa-mir-6857,-1.5729354096283927,-1.4654812841411038,-0.10745412548728894,0.727098204168678,0.8219371003645924
4,hsa-mir-19a,-1.1512636354598937,-1.0436711287151452,-0.10759250674474852,0.8123233554720344,0.8800169684280372
4,hsa-mir-6508,-1.4695622795473557,-1.361599686628614,-0.10796259291874177,0.620653611402046,0.7453576857484154
4,hsa-mir-488,-1.2075332076127145,-1.0995583162755518,-0.10797489133716276,0.5774348831103945,0.7194875540353158
4,hsa-mir-4466,-1.1654570109353863,-1.0560739060482034,-0.10938310488718295,0.6017752539911874,0.7345613429000409
4,hsa-mir-6087,-0.9677146764138429,-0.8582539000871695,-0.10946077632667339,0.6470544070205675,0.7612404788477265
4,hsa-mir-652,6.77172944045749,6.8815529339182415,-0.10982349346075182,0.6220477875323793,0.7464573450388552
4,hsa-mir-5708,-1.337886903239919,-1.2264815219412726,-0.11140538129864641,0.5990151676904084,0.7340186418025715
4,hsa-mir-6771,-1.6059282953733642,-1.4940305322615974,-0.1118977631117668,0.7625128706966251,0.8484451342986699
4,hsa-mir-6717,-1.227959121823176,-1.1153988426814363,-0.11256027914173972,0.2972877246563592,0.45594140336270433
4,hsa-mir-6780a,-1.5628120230699374,-1.4496164500855715,-0.11319557298436589,0.3180947354465467,0.4739520413530208
4,hsa-mir-628,-0.3892007219486126,-0.27516631554020154,-0.11403440640841106,0.7334796389898623,0.8261575717142132
4,hsa-mir-676,0.5514947647809592,0.6665153881076152,-0.11502062332665608,0.6854065672168426,0.7920253665616847
4,hsa-mir-5581,-0.36578136023263663,-0.249829122919923,-0.11595223731271362,0.48917391227042506,0.6428907355870793
4,hsa-mir-129-2,3.643273942466681,3.7593546943743466,-0.11608075190766565,0.666609608867234,0.7789595429459812
4,hsa-mir-1193,-1.5147761441106171,-1.3978839319424434,-0.11689221216817369,0.9573419414731352,0.9716678130761816
4,hsa-mir-8085,-1.6766102533988505,-1.5597072441148743,-0.11690300928397623,0.7486070295498242,0.8366042768470652
4,hsa-mir-337,2.783497741015179,2.90069502624859,-0.11719728523341111,0.45780683269950156,0.6162024667913912
4,hsa-mir-411,0.13643355092558965,0.25398319565706473,-0.11754964473147508,0.9033022058712625,0.9364326601540905
4,hsa-mir-320b-1,3.13810344766234,3.2557449570376815,-0.11764150937534135,0.48192282472280934,0.6370192293179102
4,hsa-mir-532,10.433770233119908,10.552642677227206,-0.11887244410729814,0.1114014725596717,0.22776709985987922
4,hsa-mir-892a,-1.546866002639922,-1.4279382312169506,-0.11892777142297128,0.7031616524790331,0.8028669849940449
4,hsa-mir-3130-1,2.7190975770828008,2.8385298298678574,-0.11943225278505665,0.9593809787947905,0.9731042437710489
4,hsa-mir-6733,-1.4920877158211239,-1.372299419529871,-0.11978829629125287,0.4885435782449014,0.6426036948246595
4,hsa-mir-3614,2.9598869951870053,3.0799551407744623,-0.12006814558745704,0.8455147652677285,0.8997292181566551
4,hsa-mir-2276,-0.42330624483332807,-0.30307550858538734,-0.12023073624794073,0.36479146299981774,0.5240098363533294
4,hsa-mir-7113,-1.307332544829663,-1.1870948549224656,-0.12023768990719752,0.558280980931583,0.7040568554998136
4,hsa-mir-342,7.6608531592709,7.7814728214984275,-0.12061966222752751,0.29764203275033424,0.45594140336270433
4,hsa-mir-1293,-1.2096420984621088,-1.0883905992265335,-0.12125149923557532,0.6994020480871774,0.8028669849940449
4,hsa-mir-3191,-0.2740060789334378,-0.1506712678858612,-0.12333481104757663,0.5477752421278003,0.695304619787932
4,hsa-mir-4648,-1.4537070738925009,-1.329990902819569,-0.12371617107293176,0.4843261691905053,0.638671871460007
4,hsa-mir-549a,-1.3654879816952001,-1.2416000606395488,-0.12388792105565138,0.7734305460359797,0.8569258890739547
4,hsa-mir-6777,0.7192916628168518,0.843266095254124,-0.12397443243727224,0.8322786184647979,0.8894814460331285
4,hsa-mir-4695,-1.5389951320933621,-1.4147949440455931,-0.124200188047769,0.5211206243782109,0.66689759969648
4,hsa-mir-454,-0.36439148762351414,-0.2391565993408001,-0.12523488828271404,0.7971511335611123,0.8677988613784614
4,hsa-mir-592,-1.5047503023871014,-1.3794292601328388,-0.12532104225426255,0.5923072717631642,0.7298573016986858
4,hsa-mir-5699,-1.048477880493097,-0.922804551530148,-0.12567332896294903,0.7650740695800111,0.8506882028117017
4,hsa-mir-3125,-1.4053084458274745,-1.278442840634913,-0.1268656051925614,0.8523032278308837,0.9032561381903387
4,hsa-mir-4491,-1.5553159852370795,-1.4282332255566568,-0.1270827596804227,0.9285212931058096,0.955470459924184
4,hsa-mir-320c-2,1.0583125490252459,1.185456350228526,-0.12714380120328017,0.686740347035315,0.792392708117671
4,hsa-mir-943,-1.02484458498615,-0.8972252890905816,-0.12761929589556842,0.642872462043161,0.7597251090648752
4,hsa-mir-1247,5.2271096409028575,5.354950104510648,-0.12784046360779033,0.4471243111858464,0.6060068857080108
4,hsa-mir-6868,-1.5745362010887594,-1.4466313762125977,-0.12790482487616162,0.720488319669734,0.8156471543430951
4,hsa-mir-362,3.9255271962840146,4.053788097949822,-0.12826090166580784,0.2727992117521825,0.4298654245791967
4,hsa-mir-4781,0.10805434876031371,0.23800070783312582,-0.1299463590728121,0.6685656151940688,0.7805946476105805
4,hsa-mir-223,4.848853885269325,4.979333233980931,-0.1304793487116065,0.46121029362947347,0.6178756820444982
4,hsa-mir-4426,-1.4862566585022188,-1.3547590176197315,-0.13149764088248728,0.7676863961259979,0.8529848845844421
4,hsa-mir-380,-1.5030829819922087,-1.3708545068125912,-0.13222847517961744,0.8335081112369868,0.8899881269881584
4,hsa-mir-1294,-1.093673355585614,-0.9608386145842731,-0.13283474100134085,0.5191832069966127,0.6655101092150499
4,hsa-mir-5684,-1.6227439500867424,-1.4896867259141535,-0.13305722417258892,0.6006470165555636,0.734281946073847
4,hsa-mir-335,5.0499959631352995,5.183406287019043,-0.1334103238837434,0.45160500315187196,0.6104885657858927
4,hsa-mir-4454,-1.4105973963530436,-1.2768770447537943,-0.13372035159924933,0.41565001996216544,0.5779315497615043
4,hsa-mir-6125,0.2603599544175271,0.3947545517865703,-0.13439459736904324,0.5581244045761682,0.7040568554998136
4,hsa-mir-1185-1,-1.5850386117414557,-1.4503369495859235,-0.13470166215553214,0.5674499919225704,0.7121327741587095
4,hsa-mir-3690-1,0.08580094900043625,0.22129655873536794,-0.1354956097349317,0.6270622414453362,0.7478723980540707
4,hsa-mir-6509,2.6464581064382937,2.7821733875915213,-0.13571528115322762,0.2785607603540874,0.4347685804798563
4,hsa-let-7i,8.561885221512675,8.6976335709664,-0.13574834945372416,0.29850984786130014,0.45599953414815375
4,hsa-mir-6761,0.3476614641563027,0.4841265860196145,-0.13646512186331178,0.5118218445231607,0.6605223054590821
4,hsa-mir-4676,0.8837542385798582,1.0206512491521609,-0.13689701057230264,0.6249712891950436,0.7473703225908621
4,hsa-mir-643,-1.5012996771625127,-1.3643763557385873,-0.13692332142392538,0.96257143787636,0.975072365640988
4,hsa-mir-138-1,-1.5186453121387191,-1.3814196030260708,-0.1372257091126483,0.866009318950685,0.9103602005141971
4,hsa-mir-5696,-1.4699762129165994,-1.3318410580735038,-0.13813515484309558,0.5164061539472395,0.6646811882489222
4,hsa-mir-28,12.171295310794067,12.310005044810238,-0.13870973401617093,0.16337474535474591,0.29396147953103074
4,hsa-mir-3616,-1.046272431289937,-0.9069544735343371,-0.13931795775559985,0.2336748862107309,0.37932655826091594
4,hsa-mir-4492,-0.6471269457903102,-0.5070066091150218,-0.14012033667528834,0.38910237566841277,0.5493063072713484
4,hsa-mir-378f,-1.5752096378198057,-1.4339668674009542,-0.14124277041885147,0.6417560803479863,0.7597251090648752
4,hsa-mir-618,-1.1047692466664134,-0.9630361790843499,-0.1417330675820635,0.6821770986834139,0.7900492011478291
4,hsa-mir-3188,0.7588624896600639,0.9007699173640599,-0.141907427703996,0.44339156872644686,0.6025909733819704
4,hsa-mir-4788,-0.2931026420151168,-0.1496913850910402,-0.1434112569240766,0.3117160980525083,0.4689268205997231
4,hsa-mir-629,5.628383894281669,5.773354006828469,-0.14497011254680015,0.17795264404686612,0.3107410998033222
4,hsa-mir-627,-1.5845639806991567,-1.4357818392127908,-0.14878214148636593,0.3367500843817643,0.4919653762223042
4,hsa-mir-3944,0.7553065494655236,0.905135853221317,-0.1498293037557934,0.3514383485507425,0.509047190101354
4,hsa-mir-4326,3.7662646451758417,3.9173023458494787,-0.15103770067363698,0.6187217454887206,0.7450597088628499
4,hsa-mir-3199-1,-1.2701544797823912,-1.118889854622084,-0.15126462516030714,0.27067706562566496,0.42738484046157627
4,hsa-mir-4641,-1.5035767511960745,-1.352121849653653,-0.15145490154242158,0.4913782878288778,0.6441597722798734
4,hsa-mir-203a,9.622090436194116,9.773716206228785,-0.15162577003466993,0.5187495570562484,0.6655010764866345
4,hsa-mir-625,9.951670431676208,10.10463655274389,-0.15296612106768315,0.26152031538017206,0.41714896931806583
4,hsa-mir-4443,0.779245680827213,0.9332338625926601,-0.15398818176544704,0.5695403111652451,0.713068126338509
4,hsa-mir-1245a,-1.1157892284303048,-0.9617083799927284,-0.1540808484375764,0.512459732113227,0.6605223054590821
4,hsa-mir-597,-1.6732590086653372,-1.5181935376657294,-0.15506547099960777,0.28180676127779214,0.43743139064015496
4,hsa-mir-662,-0.7635151266033455,-0.6081731867557268,-0.15534193984761868,0.3135957573464742,0.4708463729167467
4,hsa-mir-3691,0.07698518743255872,0.23314276113089175,-0.15615757369833302,0.6067211402221502,0.7394413896457456
4,hsa-mir-3679,-0.4027960212088438,-0.24556190913286574,-0.15723411207597804,0.4981336407642667,0.6497395314316522
4,hsa-mir-4776-1,-1.2977210820082739,-1.1392959032540815,-0.15842517875419238,0.4003062082730633,0.5615806518938657
4,hsa-mir-5090,1.0174285429790586,1.1762560164577562,-0.15882747347869763,0.4056948238758203,0.5665925919841357
4,hsa-mir-4647,-0.6816754850551267,-0.5210404236816452,-0.1606350613734815,0.46522283626927446,0.620827737023155
4,hsa-mir-7-2,-1.498530125077856,-1.3347413417447684,-0.16378878333308755,0.45373054454411876,0.6126986592215032
4,hsa-mir-577,-1.144989854406126,-0.9797195914049291,-0.16527026300119696,0.8643343187701205,0.9092120952672879
4,hsa-mir-4649,-1.189935251124113,-1.0240956611237915,-0.16583959000032156,0.2768249577544734,0.43314637321662836
4,hsa-mir-1254-1,2.054112231989563,2.220016373724412,-0.16590414173484902,0.5550977250448514,0.701176073740865
4,hsa-mir-7-3,-1.479749643825777,-1.3132743360238706,-0.16647530780190634,0.6296469770927211,0.7500707784002417
4,hsa-mir-1269b,2.004282884394714,2.171088598770809,-0.16680571437609526,0.9955188169714375,0.9987198421063939
4,hsa-mir-3661,-1.4917895841171174,-1.323517951327247,-0.16827163278987034,0.24210560727136968,0.3909779993202243
4,hsa-mir-5002,-0.8078243260745251,-0.6377702138716016,-0.17005411220292355,0.15681675066956807,0.2867926506969826
4,hsa-mir-190a,-0.6984579438031416,-0.5282976226105807,-0.17016032119256097,0.7342331824284007,0.8264096425601047
4,hsa-mir-30d,13.534149095485729,13.704611483944348,-0.17046238845861872,0.1868399969868034,0.32029713769166296
4,hsa-mir-4435-1,-1.555373591609035,-1.3833441191294773,-0.1720294724795577,0.28767153696211956,0.4449376223634784
4,hsa-mir-378i,-1.2832572929115373,-1.1092211886524266,-0.17403610425911076,0.46070525539418755,0.6178756820444982
4,hsa-mir-9-3,4.053825968657631,4.230093527012601,-0.17626755835496954,0.7824362690903497,0.86279688754454
4,hsa-mir-125b-1,10.317670298611215,10.494598398656704,-0.17692810004548853,0.5727729228697587,0.7159661535871984
4,hsa-mir-133a-2,1.0371784282876642,1.2158801737225569,-0.1787017454348927,0.41937866478065877,0.5799917704413367
4,hsa-mir-138-2,-1.4504715015104974,-1.2710376526955853,-0.1794338488149121,0.39774023046970447,0.5589862698493144
4,hsa-mir-4690,-0.948075861351266,-0.7673128448341399,-0.18076301651712612,0.2299092144305068,0.3739920485000945
4,hsa-mir-4784,0.3335888292860969,0.5143994039967631,-0.1808105747106662,0.3144395070046255,0.47120617764381917
4,hsa-mir-23c,-1.2773876972566085,-1.095885594890443,-0.1815021023661656,0.8728678062059674,0.9150069584473083
4,hsa-mir-3064,-0.7806555311931124,-0.5991023190363876,-0.18155321215672482,0.35060026975472325,0.5083052238079631
4,hsa-mir-200c,16.082110717342907,16.265835698355094,-0.18372498101218682,0.048048356505215925,0.13603527431603785
4,hsa-mir-187,5.774855304832196,5.959512790185115,-0.18465748535291926,0.7033443445348434,0.8028669849940449
4,hsa-mir-206,0.2554114208325102,0.44016382618233535,-0.18475240534982512,0.46836303749983693,0.6239507587529852
4,hsa-mir-203b,2.587666802763106,2.7725724191790846,-0.1849056164159788,0.5181325239512103,0.6655010764866345
4,hsa-mir-6854,-1.0641103628759652,-0.8756946739724887,-0.18841568890347649,0.2139366954411781,0.3542900688834797
4,hsa-mir-4435-2,-1.4845085092325663,-1.2960142445616545,-0.1884942646709118,0.4690292437337126,0.623993322344443
4,hsa-mir-3926-2,-0.9882010926122247,-0.7994378447537367,-0.18876324785848797,0.19127340029428094,0.3271781847139016
4,hsa-mir-5100,-1.588607613900645,-1.3990278481590874,-0.18957976574155766,0.33532278428833445,0.49117703614065894
4,hsa-mir-361,9.598938174485616,9.788691720606671,-0.18975354612105555,0.03239163885481034,0.12264795294539838
4,hsa-mir-3181,-1.6311161393333231,-1.4410811210079268,-0.19003501832539627,0.3830410351851474,0.5437161190981165
4,hsa-mir-6731,-0.28860420003814646,-0.09810150128916463,-0.19050269874898185,0.4019937308722099,0.5624306907270381
4,hsa-mir-765,-0.5456438787263492,-0.35473927363360225,-0.19090460509274698,0.32129033938346346,0.47689146473663463
4,hsa-mir-27a,9.065146945288694,9.258040811087035,-0.19289386579834122,0.20828042231189636,0.34713403718649394
4,hsa-mir-548t,-1.562099017865296,-1.3687143731798794,-0.1933846446854166,0.2634419647854119,0.4193565970053495
4,hsa-mir-9-2,4.040185409712607,4.235508050868221,-0.19532264115561393,0.6379820028532168,0.7568455699247286
4,hsa-mir-185,4.6679704692758,4.8633799177861645,-0.19540944851036457,0.13449578175816573,0.25902891301572656
4,hsa-mir-6847,-1.0491808159742824,-0.8536993876687694,-0.19548142830551296,0.29010948270654163,0.4476466795471859
4,hsa-mir-193a,10.775511499956483,10.973066098677744,-0.19755459872126124,0.0333872411684539,0.1241533924580195
4,hsa-mir-338,3.913640923613964,4.11174845830365,-0.19810753468968567,0.643331326329936,0.7597251090648752
4,hsa-mir-3143,-1.205051022212935,-1.0057829730480798,-0.19926804916485508,0.19692531595604398,0.33355428109818525
4,hsa-mir-1284,-1.087342084749879,-0.8876836462862614,-0.19965843846361753,0.2510973734340366,0.4046610563606375
4,hsa-mir-320e,-1.4272911419483976,-1.2262571065618202,-0.20103403538657738,0.2981155329679221,0.45594140336270433
4,hsa-mir-1197,-1.2012916437688954,-0.9996819739110107,-0.20160966985788475,0.7171450283074612,0.8136336321161014
4,hsa-mir-4421,-1.3653710222502764,-1.1623805814339354,-0.202990440816341,0.9183194242696754,0.9480375524581865
4,hsa-mir-6890,-1.2318601963151063,-1.0239604041792825,-0.20789979213582388,0.18591246546568616,0.3194090816370819
4,hsa-mir-301b,-0.6079965371896673,-0.3995483319652066,-0.20844820522446067,0.5187113786106223,0.6655010764866345
4,hsa-mir-1238,-1.0480847200173324,-0.8373958288426551,-0.21068889117467737,0.20893228352685211,0.3478488391695723
4,hsa-mir-6875,1.7382680725704245,1.9501059297857255,-0.21183785721530102,0.33789367712586854,0.493090866526057
4,hsa-mir-186,6.820929882058697,7.033411009455768,-0.21248112739707103,0.2911871932505634,0.44856371257143196
4,hsa-mir-545,-1.1110690892541015,-0.8951837803674693,-0.21588530888663227,0.20136878507589454,0.339973273504757
4,hsa-mir-5193,-0.360137464519384,-0.14367119609527573,-0.21646626842410827,0.31442722745246976,0.47120617764381917
4,hsa-mir-3130-2,2.6584196712218953,2.8753301020550746,-0.2169104308331793,0.994407853361432,0.9982472659226731
4,hsa-mir-378d-1,-1.0442821222299414,-0.8258456575773936,-0.21843646465254785,0.1042293843768172,0.21825213372863736
4,hsa-mir-3124,-0.9100100214039617,-0.6907287665968606,-0.21928125480710114,0.1369918770688225,0.26253971526703085
4,hsa-mir-1287,5.316340677385259,5.535640113238371,-0.2192994358531113,0.20226360162858728,0.34111483085469857
4,hsa-mir-183,13.184278737008116,13.404039979476329,-0.21976124246821271,0.29332826614004703,0.4512742556000724
4,hsa-mir-1298,-1.4335848710740833,-1.2134499935834138,-0.2201348774906695,0.6723682882435478,0.7830266558065669
4,hsa-mir-15b,10.46438554076805,10.685037724130483,-0.2206521833624322,0.16252958469278883,0.2938453569222174
4,hsa-mir-3680-1,-0.7909920245302469,-0.5702878618995544,-0.22070416263069248,0.1637081731143032,0.2942220622791624
4,hsa-mir-6805,-0.577161201180627,-0.3563999242216989,-0.22076127695892805,0.24002606295882933,0.38802140747748576
4,hsa-mir-125b-2,10.402662234589002,10.623772817998583,-0.22111058340958145,0.3435783970287654,0.4999834882135019
4,hsa-mir-6860,0.3584642148700834,0.5801351486971128,-0.2216709338270294,0.32447658881435204,0.4793404152939292
4,hsa-mir-10a,12.91704760146708,13.13908542611897,-0.22203782465188837,0.21236307837652674,0.35243234283764013
4,hsa-mir-1248,3.322998508601275,3.545483793689913,-0.22248528508863785,0.34740097788379,0.5050750470631057
4,hsa-mir-4786,0.6063079454381615,0.8303789467298812,-0.22407100129171975,0.37334659162656636,0.5333522737522377
4,hsa-mir-3158-2,-0.1849883969337044,0.03964825828550897,-0.22463665521921336,0.16613179642998346,0.29686781492643094
4,hsa-mir-369,0.7957078883775814,1.0220409397037917,-0.2263330513262103,0.10311922174380772,0.21680052010827497
4,hsa-mir-6513,-1.4788984156725642,-1.2478391599682876,-0.23105925570427654,0.08911030422419208,0.197460333224062
4,hsa-mir-4776-2,-1.3208412780927936,-1.0864537971570503,-0.23438748093574335,0.1032881522995779,0.21686341532616626
4,hsa-mir-6735,0.14382783940610422,0.3790641726073928,-0.23523633320128856,0.1737080134278297,0.30550676544240624
4,hsa-mir-4755,-0.5373862333677556,-0.3019291978006181,-0.23545703556713748,0.17273137570082386,0.30433277795745045
4,hsa-mir-5000,-1.2493434902161253,-1.0131517289489007,-0.23619176126722463,0.11670627161627703,0.23613720327028814
4,hsa-mir-9-1,4.010858806166664,4.24897617628362,-0.23811737011695566,0.5702316282968003,0.7133611388476412
4,hsa-mir-23b,10.169642298235377,10.407915902325046,-0.23827360408966847,0.08510190292723731,0.19199395385531073
4,hsa-mir-1295a,1.3484253940966493,1.5914797901679578,-0.24305439607130852,0.0995236955539736,0.21098550224753412
4,hsa-mir-96,1.0173193120130843,1.2603867243450697,-0.24306741233198537,0.3188268159753348,0.47458953523046016
4,hsa-mir-3177,0.1429545459615944,0.3877695201330911,-0.24481497417149667,0.25960469961085886,0.4153675193773742
4,hsa-mir-374b,2.4151478166697564,2.6627328246100785,-0.24758500794032212,0.07933977575171784,0.18386785218244717
4,hsa-mir-4738,-0.40861050198141924,-0.1568832725968125,-0.25172722938460673,0.12421848609523327,0.24529220039058722
4,hsa-mir-4651,-1.11649588804887,-0.864424895835125,-0.25207099221374496,0.07576779535074454,0.17935927275745295
4,hsa-mir-29c,5.7925811819824355,6.046244285067052,-0.2536631030846168,0.2789765058079078,0.4347685804798563
4,hsa-mir-1915,0.5728427818026666,0.8267611772589422,-0.2539183954562756,0.388052543317623,0.5483351155575108
4,hsa-mir-769,5.051669184042793,5.306948322010158,-0.25527913796736534,0.013926878352051242,0.0961324346424776
4,hsa-mir-148b,7.553945695984639,7.809239950316021,-0.25529425433138186,0.016635637782998456,0.10339280853178323
4,hsa-mir-4515,-0.9369108293805402,-0.680936757036019,-0.2559740723445212,0.14176825331908471,0.2677463379876176
4,hsa-mir-507,-1.4655455723298236,-1.2093396745024947,-0.25620589782732894,0.21536615121240787,0.35552507501730823
4,hsa-mir-639,0.7771043656957332,1.0337551256081627,-0.2566507599124296,0.08035188175584176,0.18488043589839698
4,hsa-mir-770,-1.3471818199769323,-1.090180741476838,-0.25700107850009424,0.11398952172261419,0.23154121599906008
4,hsa-mir-3154,-0.47179014342014575,-0.21472295555508192,-0.25706718786506383,0.15182356912616599,0.27982716240515276
4,hsa-mir-378d-2,-0.9062821437356006,-0.6459407913203601,-0.2603413524152405,0.08549526741487906,0.192456879029165
4,hsa-mir-22,12.518241678646147,12.778588282013093,-0.26034660336694593,0.08732640999780987,0.1948915587933954
4,hsa-mir-425,8.149023714970626,8.409489195434531,-0.26046548046390505,0.024579615286249787,0.12178684240148535
4,hsa-mir-320a,10.770940972877128,11.0318148078729,-0.2608738349957722,0.06001454757831639,0.1537318460134213
4,hsa-mir-200b,9.511430128823582,9.774595282715849,-0.2631651538922668,0.1379354936171656,0.26370020838575775
4,hsa-mir-3131,-1.495763535233352,-1.2309101449653936,-0.2648533902679584,0.32058857721785905,0.4763030290093906
4,hsa-mir-7641-1,1.8485105852919912,2.113518233785018,-0.2650076484930268,0.39225240220666263,0.5527676128657576
4,hsa-mir-128-1,6.996457945259866,7.262859746024394,-0.2664018007645277,0.026936610229980378,0.12178684240148535
4,hsa-mir-4792,-1.6379422057240451,-1.3699486154573914,-0.2679935902666537,0.12061844544472011,0.24117264177731335
4,hsa-mir-4652,1.6559358357353966,1.9254105484320656,-0.269474712696669,0.2991628052311985,0.4562013452205959
4,hsa-mir-3065,3.339790138493355,3.609464284850253,-0.26967414635689835,0.4410046187612602,0.6010950309668968
4,hsa-mir-4423,-0.4505092451213327,-0.17938308044636259,-0.27112616467497014,0.17284541107070583,0.30433277795745045
4,hsa-mir-500b,3.1115011476905763,3.3893108739761373,-0.277809726285561,0.08014310655715948,0.18470773466995147
4,hsa-mir-363,3.1122679920641416,3.39187630093919,-0.2796083088750483,0.20475464404049204,0.34419961713703406
4,hsa-mir-4444-2,-1.310164880669034,-1.0288532066345089,-0.28131167403452517,0.038340492423405315,0.12512796690483743
4,hsa-mir-4734,-0.9623623512203143,-0.6804151130281281,-0.28194723819218626,0.09232399787974387,0.20228291670280957
4,hsa-mir-3612,-1.1818849862425762,-0.8963338047988723,-0.28555118144370395,0.3068097605454213,0.4633792803285033
4,hsa-mir-651,-1.5742966024264269,-1.28575052169095,-0.28854608073547694,0.0711385754391295,0.17073258105391081
4,hsa-mir-6764,-0.21611694493341171,0.07402394289092613,-0.29014088782433783,0.12952719840685925,0.25163440786388597
4,hsa-mir-3178,-0.9952346246394103,-0.7010493962370103,-0.2941852284023999,0.04247338560961529,0.13172660348111304
4,hsa-mir-3922,-0.4073760481034977,-0.11087274590111927,-0.2965033022023784,0.11339524592923202,0.2306343985001329
4,hsa-mir-6514,0.9532362648734909,1.2514342607524478,-0.2981979958789569,0.09462431051144882,0.20473498529522904
4,hsa-mir-3613,0.47130577833303944,0.7700683003673303,-0.2987625220342909,0.15360204577012768,0.2816862938983192
4,hsa-mir-30a,12.747592137897296,13.0473808032819,-0.2997886653846038,0.018925073299521696,0.11003912747146324
4,hsa-mir-31,2.223163318529427,2.524185681985307,-0.3010223634558802,0.2368567039512896,0.3836931029740517
4,hsa-mir-1258,-0.8990871567639277,-0.5968479476269251,-0.30223920913700264,0.08797923925087157,0.1956337637869197
4,hsa-mir-320d-1,0.3584313119861668,0.6611021512427159,-0.3026708392565491,0.27593902684740834,0.43219365650798897
4,hsa-mir-4657,-1.0960329612408612,-0.7920837570336471,-0.30394920420721416,0.07060310337346327,0.16970853815501188
4,hsa-mir-320b-2,3.6214273321940413,3.9278445413600735,-0.3064172091660322,0.13669931389095155,0.2623012665066229
4,hsa-mir-93,12.179085099713612,12.485867037596266,-0.3067819378826542,0.021698423774546737,0.12003383364642876
4,hsa-mir-3662,-1.200411046937216,-0.8907023660242954,-0.3097086809129206,0.05504814481397295,0.14884300352698474
4,hsa-mir-4660,-0.013678779453917479,0.30683662428366604,-0.3205154037375835,0.11924571715948214,0.24034020512763843
4,hsa-mir-24-1,9.075540186743648,9.39775993171047,-0.32221974496682115,0.0025446861707967183,0.028966916433027595
4,hsa-mir-383,-0.8815653728734237,-0.5579477491668327,-0.3236176237065911,0.05917882194705063,0.15240573416207936
4,hsa-mir-323a,2.3167772792783143,2.6412457282815587,-0.32446844900324434,0.1489212262196526,0.27722805835639386
4,hsa-mir-6756,-1.5291424275492518,-1.2019504748985337,-0.3271919526507181,0.010192445693557007,0.08218064453742935
4,hsa-mir-181b-1,7.481369655212805,7.8087734792261925,-0.32740382401338763,0.015445386482417897,0.10024709631049113
4,hsa-mir-6510,0.2887377823722185,0.6199924171184419,-0.3312546347462234,0.1403879408960602,0.266664474786939
4,hsa-mir-7156,-0.17172795985686715,0.16113271757556774,-0.33286067743243486,0.16886246747032166,0.29900732037877614
4,hsa-mir-510,-1.4366047082568612,-1.1035532572647861,-0.333051450992075,0.2133732651273825,0.35373251179459797
4,hsa-mir-1288,-0.4985377440371507,-0.1654859364548989,-0.3330518075822518,0.09891775978929446,0.21080834053456196
4,hsa-mir-30e,11.87748002579979,12.21154161447865,-0.3340615886788605,0.17083874554425724,0.30182156630695506
4,hsa-mir-25,13.64341753681811,13.978284079583723,-0.3348665427656137,0.015564939611540332,0.10033597435538395
4,hsa-mir-320c-1,1.7279191552727462,2.063526320071853,-0.3356071647991068,0.18127987346043883,0.31421844733142734
4,hsa-mir-5588,-0.9716797131645118,-0.6355214027551388,-0.33615831040937305,0.032877391837506466,0.12358122809817061
4,hsa-mir-3913-2,-1.0507351621648724,-0.7111104515341751,-0.3396247106306973,0.07711404513491914,0.18186588779627394
4,hsa-mir-4739,-1.3689282649082029,-1.0292416024384867,-0.3396866624697161,0.013662459120739592,0.0952375016878404
4,hsa-mir-30c-1,8.43789284498077,8.7779061482459,-0.34001330326513113,0.03239163885481034,0.12264795294539838
4,hsa-mir-133a-1,0.9146645964531416,1.2574621238904962,-0.3427975274373546,0.10201679203650574,0.2150624264553364
4,hsa-mir-29a,12.422406260967273,12.767468059157014,-0.34506179818974125,0.03876688568982948,0.1257212701682646
4,hsa-mir-95,0.7494025080283157,1.0980210903582266,-0.34861858232991094,0.027784320489757843,0.12178684240148535
4,hsa-mir-4999,-1.4458949376097603,-1.0955747878379969,-0.3503201497717634,0.057039163085134584,0.1493960369369542
4,hsa-mir-181b-2,7.475297796053197,7.826919391200963,-0.35162159514776636,0.01074990595534337,0.08384926645167828
4,hsa-mir-668,-1.190532489842786,-0.8384182994243633,-0.35211419041842273,0.037532996022880724,0.12479749942362112
4,hsa-mir-6834,0.33819549972981916,0.6905425368762729,-0.3523470371464537,0.17576029932789744,0.30807423252979776
4,hsa-mir-27b,9.45182700502409,9.804308662551293,-0.3524816575272034,0.029977876901829893,0.12178684240148535
4,hsa-mir-16-1,4.975194526490699,5.328893078655065,-0.3536985521643654,0.021591691667857932,0.11986846619878425
4,hsa-mir-659,0.7460151388058012,1.0997854347727882,-0.35377029596698706,0.019206473017694393,0.1101547717191296
4,hsa-mir-182,11.587395467916334,11.944133564926444,-0.35673809701011017,0.08629395187415444,0.19335196036550367
4,hsa-mir-7846,-0.657138984988462,-0.2998605411710435,-0.3572784438174185,0.04488397564302296,0.13370476502656428
4,hsa-mir-24-2,8.939154260402864,9.297292314791177,-0.3581380543883128,0.0016237276031337003,0.02128584084780313
4,hsa-mir-4746,2.865985096168782,3.225042533140146,-0.35905743697136394,0.04868572199126721,0.13759008388836386
4,hsa-mir-4522,-1.0587327754322948,-0.6994590075748527,-0.35927376785744214,0.03866301959481405,0.1257212701682646
4,hsa-mir-3911,-0.7679930398904914,-0.40309792368770364,-0.36489511620278775,0.05653698626146587,0.14901124683878786
4,hsa-mir-16-2,5.052851529021797,5.417944445816088,-0.3650929167942918,0.02642479584910691,0.12178684240148535
4,hsa-mir-4677,-0.63008572211776,-0.26418770581936907,-0.36589801629839097,0.06393516982800675,0.1620099957366486
4,hsa-mir-588,0.35337107492083747,0.721966579529801,-0.36859550460896356,0.29127887233003885,0.44856371257143196
4,hsa-mir-221,8.056696157776875,8.42599769865811,-0.369301540881235,0.033464898934752615,0.1241533924580195
4,hsa-mir-431,4.383553033766254,4.753975116914659,-0.3704220831484051,0.18037228667832322,0.3129930669835197
4,hsa-mir-23a,10.85437846341487,11.228665070274852,-0.3742866068599824,0.0035124721397693823,0.03691556025747288
4,hsa-mir-6718,-0.08885092064832406,0.28858053625811203,-0.3774314569064361,0.16718853161159658,0.297702915715123
4,hsa-mir-219a-2,-1.448185727042779,-1.0696595650234266,-0.3785261620193523,0.20435212374166006,0.3440302230416826
4,hsa-mir-21,12.024674438739998,12.40969079667568,-0.38501635793568134,0.056297989540008135,0.14901124683878786
4,hsa-mir-379,5.942237367058463,6.328531301851172,-0.38629393479270924,0.01588773758836245,0.10116273729732826
4,hsa-mir-3199-2,0.7121362376979463,1.0987180227990416,-0.3865817851010953,0.05507793105125282,0.14884300352698474
4,hsa-mir-30c-2,8.749830895325795,9.137678482668731,-0.3878475873429359,0.0046799955330009205,0.045629956446758976
4,hsa-mir-502,3.877032947435499,4.274446698302757,-0.39741375086725794,0.0027817847779269093,0.030560452489901257
4,hsa-mir-192,5.649091261643035,6.0471269555225184,-0.3980356938794838,0.046588342973649825,0.1345885463683217
4,hsa-mir-151a,10.674907519662705,11.077204059177298,-0.40229653951459277,0.01234482289964653,0.09041278743403092
4,hsa-mir-323b,1.9568068876333014,2.359123266009827,-0.40231637837652556,0.21511354835471103,0.3554895838788399
4,hsa-mir-181c,6.596113182137339,7.00086875815175,-0.40475557601441103,0.00230461469581502,0.027781953720156505
4,hsa-mir-34a,4.667531206136741,5.072323144882068,-0.40479193874532715,0.06596902291272638,0.16309298850055967
4,hsa-mir-204,3.1678926028345447,3.5815166102304996,-0.41362400739595495,0.034969769396219444,0.12479749942362112
4,hsa-mir-5187,1.1235908830530252,1.539330193852591,-0.4157393107995657,0.01315971957249282,0.09460443563635391
4,hsa-mir-218-2,1.1377196927114288,1.5561779091403523,-0.41845821642892345,0.055917222441537615,0.14901124683878786
4,hsa-mir-5703,-0.11172133147964654,0.3085590218230972,-0.4202803533027437,0.04364257201401682,0.13370476502656428
4,hsa-mir-19b-1,0.6449107794527423,1.065904414998026,-0.4209936355452836,0.16870843534591065,0.29900732037877614
4,hsa-mir-513b,-1.5187449104170705,-1.0940149711043698,-0.42472993931270064,0.030432684457373186,0.12178684240148535
4,hsa-mir-148a,10.909939985443293,11.338824608358811,-0.4288846229155183,0.01353309779192992,0.0952375016878404
4,hsa-mir-214,4.4809364837156425,4.910342419552006,-0.4294059358363631,0.042145946685266535,0.13133628954036367
4,hsa-mir-660,1.9522980935032892,2.3842962236346783,-0.4319981301313891,0.0048889176742263904,0.04707846649255043
4,hsa-mir-145,9.779404676317803,10.212226924082799,-0.4328222477649959,0.0030760174231105743,0.03286703547981162
4,hsa-mir-514b,-1.1785372393822593,-0.7456272538545643,-0.432909985527695,0.1957769196191299,0.33269280458152795
4,hsa-mir-151b,0.460894515120991,0.8960583353923458,-0.4351638202713548,0.021142372685126413,0.1182154171641477
4,hsa-mir-128-2,5.891722803371088,6.327351156746488,-0.4356283533754004,0.010663749803456423,0.08381981949223233
4,hsa-mir-340,1.3440216789770745,1.7837833969108474,-0.43976171793377294,0.016423643791705276,0.10289511773116558
4,hsa-mir-107,5.433444108205807,5.8768334886400275,-0.4433893804342208,0.001147565093609602,0.016127941856134947
4,hsa-mir-6716,1.2701024329806432,1.7137536417473451,-0.44365120876670194,0.026646311169333588,0.12178684240148535
4,hsa-mir-539,1.317176227075594,1.7624648451390348,-0.4452886180634408,0.04446415641024465,0.13370476502656428
4,hsa-mir-1304,0.35010315961081917,0.7984079743282663,-0.4483048147174471,0.09921287914929819,0.21086573501319533
4,hsa-mir-5091,0.964793321581891,1.415632091508864,-0.450838769926973,0.007261631811039852,0.06436446377967141
4,hsa-mir-212,1.5808366909170792,2.032968049409725,-0.45213135849264585,0.005895400268198482,0.05406409172324781
4,hsa-mir-4772,0.24697866809542585,0.7000104064763397,-0.4530317383809139,0.03211701782843747,0.12220133612771329
4,hsa-mir-143,11.497698257760796,11.952097168799135,-0.4543989110383393,0.011012099281043974,0.08459280858839141
4,hsa-mir-6843,0.1560976682439977,0.6121677076640696,-0.45607003942007185,0.025117479524567245,0.12178684240148535
4,hsa-mir-1468,4.184426197207964,4.64403016061554,-0.45960396340757637,0.036074239408412874,0.12479749942362112
4,hsa-mir-494,-0.7781688859118405,-0.3132972386374848,-0.4648716472743557,0.006151547678630929,0.05579310685269912
4,hsa-mir-6806,0.9037897701097429,1.370244288279773,-0.46645451817003003,0.009387296185005984,0.07687830125658521
4,hsa-mir-17,7.789832578125205,8.257133799454818,-0.46730122132961327,0.001015565223358233,0.014806371480736854
4,hsa-mir-196a-1,-0.05953241866872962,0.4083040009108562,-0.4678364195795858,0.16466420288199737,0.29559971978816557
4,hsa-mir-497,2.6150210439290293,3.0844585591276843,-0.46943751519865495,0.016320332800290948,0.10266015793731402
4,hsa-mir-449b,1.0252151937653882,1.4957940715638247,-0.47057887779843655,0.23931435436679946,0.38727219171390787
4,hsa-mir-152,3.953575451093722,4.426031813381204,-0.472456362287482,0.010692400050611688,0.08381981949223233
4,hsa-mir-378a,11.454424340227032,11.93374728828849,-0.4793229480614585,0.004598667055105205,0.04511899752178691
4,hsa-mir-513a-2,-1.174305545233708,-0.6891538264012326,-0.4851517188324753,0.07295811862841106,0.1745623697244191
4,hsa-let-7b,15.624441686071394,16.11426954543028,-0.4898278593588845,5.253778278427913e-4,0.008627256962471101
4,hsa-mir-140,9.317536799598784,9.811373137647289,-0.4938363380485047,1.3306569508831446e-4,0.0026613139017662895
4,hsa-mir-513a-1,-1.2078358696464786,-0.7137886875166751,-0.4940471821298035,0.09080124686763055,0.2004451768670784
4,hsa-mir-329-2,-0.7165645593533065,-0.22193273694769738,-0.49463182240560916,0.0054582793654548555,0.051294673554876956
4,hsa-mir-26a-2,7.979307428096471,8.47798722532366,-0.49867979722719014,5.951167966561784e-4,0.00957095054416122
4,hsa-mir-370,4.035041589206904,4.535075725136273,-0.5000341359293685,0.02101279720803868,0.11791353828971345
4,hsa-mir-26a-1,7.939652404854149,8.443828460048419,-0.5041760551942698,4.504880235761358e-4,0.0077739991579784664
4,hsa-mir-891a,4.045381602525166,4.550788590790304,-0.505406988265138,0.1605698000626949,0.2919450910230816
4,hsa-mir-218-1,1.7821296308158248,2.2893841341331598,-0.507254503317335,0.010981794443720768,0.08459280858839141
4,hsa-mir-3934,1.0017598662501952,1.5104204077263437,-0.5086605414761485,0.042273206714330235,0.1313669371999107
4,hsa-mir-449c,-0.6443692246892365,-0.1254752528737932,-0.5188939718154433,0.13445423428005743,0.25902891301572656
4,hsa-mir-20a,3.701892399058103,4.222455353143096,-0.5205629540849932,0.02024521571117474,0.11471435089644776
4,hsa-mir-381,2.874363832810834,3.40409611683766,-0.5297322840268262,9.313653279420943e-4,0.013837427729425401
4,hsa-mir-487b,1.3391629905915647,1.86991651237779,-0.5307535217862254,0.0031267461820919068,0.03318179621811819
4,hsa-mir-412,0.6594183481355126,1.2038296863968672,-0.5444113382613546,0.03176158052641227,0.12220133612771329
4,hsa-mir-132,6.940069448331486,7.486107762639822,-0.546038314308336,5.253778278427913e-4,0.008627256962471101
4,hsa-mir-10b,13.898370109763261,14.447853174639478,-0.5494830648762168,0.027195711346096905,0.12178684240148535
4,hsa-mir-199a-1,6.996524620040828,7.547930894877184,-0.5514062748363555,0.0014840911143274248,0.01995846670992054
4,hsa-mir-154,1.0678522726656212,1.6237240377551803,-0.555871765089559,0.006255791885188008,0.05641060890689765
4,hsa-mir-98,2.6297532986070515,3.189394955037239,-0.5596416564301876,1.986535791941293e-4,0.0037337299222029116
4,hsa-mir-199a-2,7.44108348962865,8.003469795734597,-0.5623863061059469,0.0016082081304393202,0.021261056639706268
4,hsa-mir-181d,4.427043978799164,4.990348724071744,-0.5633047452725801,0.0018095094494274054,0.022949875943957337
4,hsa-mir-196a-2,-0.1354040949780307,0.4291144742822631,-0.5645185692602939,0.05717271413548824,0.1493960369369542
4,hsa-mir-496,0.19007909399690534,0.7546728354187764,-0.564593741421871,0.008749072187637479,0.07382925557102242
4,hsa-mir-106a,1.1393190808871694,1.704426276108464,-0.5651071952212947,0.004302718447047597,0.042753125970664024
4,hsa-mir-329-1,-0.8629099427084115,-0.29394326819014177,-0.5689666745182698,9.034882031591564e-4,0.013683898999303728
4,hsa-mir-195,3.0173746324089215,3.59051333287652,-0.5731387004675987,0.0016631308219474206,0.021620700685316466
4,hsa-mir-665,-1.2421800749980751,-0.6685111811276201,-0.573668893870455,1.440544894463523e-4,0.0028197847658702167
4,hsa-mir-146a,4.197252517949358,4.773392402591534,-0.5761398846421759,0.0023920989457144686,0.02805770191965843
4,hsa-mir-34c,3.6271439695360512,4.204025285140802,-0.576881315604751,0.10604605516614996,0.22012672458461421
4,hsa-mir-103a-1,12.387017144914317,12.965603188496175,-0.5785860435818577,2.6131893081101135e-5,5.823679029502538e-4
4,hsa-mir-7974,-0.8007624095202571,-0.22191180470903446,-0.5788506048112226,0.0029248048992268137,0.03146686650202641
4,hsa-mir-487a,1.531336029599844,2.1130404021233797,-0.5817043725235358,0.022480177357680837,0.12134628608298306
4,hsa-mir-103a-2,12.385432072062542,12.969249295905724,-0.583817223843182,2.496957444774966e-5,5.645295092534706e-4
4,hsa-mir-194-2,4.732302745193238,5.318710254826947,-0.5864075096337098,4.934382868371809e-4,0.008277029327591421
4,hsa-mir-199b,7.082227703700234,7.6691513676644245,-0.5869236639641908,0.0027311350050274012,0.030432647198876756
4,hsa-mir-135a-2,1.1196702045397429,1.7147871610038203,-0.5951169564640775,0.08803519370411386,0.1956337637869197
4,hsa-mir-433,2.179028489656573,2.7764682074774436,-0.5974397178208708,0.02440095425638901,0.12178684240148535
4,hsa-mir-15a,3.091066129183199,3.689908385528856,-0.598842256345657,0.0015252605127207461,0.020336806836276616
4,hsa-mir-3913-1,-1.1513499242222678,-0.5498045920933032,-0.6015453321289645,1.3022714333143872e-4,0.002638368098662914
4,hsa-mir-1262,0.07806161540358994,0.6834813627804435,-0.6054197473768536,0.0023231020420944643,0.027781953720156505
4,hsa-mir-219a-1,3.0376371052370503,3.644751587121132,-0.6071144818840817,2.3791283360734803e-4,0.004315628144505383
4,hsa-mir-493,3.1509173469811387,3.7666132191854214,-0.6156958722042827,0.003684663489121445,0.03781628317782536
4,hsa-mir-1911,-1.1495516957969165,-0.5154454506039471,-0.6341062451929694,0.002530329124171258,0.028966916433027595
4,hsa-mir-409,4.757573945164176,5.395572630568569,-0.6379986854043933,3.1121823790977634e-4,0.005580464955623575
4,hsa-mir-485,4.404131563509053,5.043103625748919,-0.6389720622398656,0.008257100289158794,0.07121104184162425
4,hsa-mir-99a,8.49423088108989,9.137126690774389,-0.6428958096844983,7.467100102205082e-5,0.0015741454269513416
4,hsa-mir-135a-1,1.1660028747863862,1.828921061581333,-0.6629181867949467,0.021422753184013744,0.11935533916807657
4,hsa-mir-100,10.552381093767643,11.217836166732333,-0.66545507296469,1.547413865755804e-4,0.0029802044821963633
4,hsa-mir-378c,3.3973502331546035,4.070007132121861,-0.6726568989672579,6.287984941453972e-4,0.009908339907745653
4,hsa-mir-543,0.8529676989965178,1.5280709395117147,-0.6751032405151969,0.0014028427784288989,0.019366679065036127
4,hsa-mir-34b,1.5688705225136155,2.2516857082333566,-0.6828151857197411,0.06554711528544342,0.16309298850055967
4,hsa-let-7g,7.164426631089996,7.8592960602053195,-0.6948694291153235,1.6387056323249358e-6,4.332848790554068e-5
4,hsa-mir-449a,0.04173743931471587,0.7425284738993775,-0.7007910345846616,0.03181288139265792,0.12220133612771329
4,hsa-let-7e,11.235799976584998,11.941096126292049,-0.7052961497070509,2.4502066783529075e-6,6.370537363717559e-5
4,hsa-mir-432,3.3535549940690608,4.074398441309854,-0.7208434472407932,0.001178115111050163,0.016409460475341555
4,hsa-mir-654,4.107451016142228,4.834326533551327,-0.7268755174090984,1.904374560283668e-5,4.4340661403619735e-4
4,hsa-mir-513c,0.24698579408475513,0.9793033864751661,-0.732317592390411,0.20781923163608246,0.3471070678290028
4,hsa-mir-541,-0.19206772915878803,0.5442036496822601,-0.7362713788410481,0.0017487162946268524,0.022360634587031886
4,hsa-mir-184,1.877127411865294,2.6272251124307107,-0.7500977005654166,0.003525909281002218,0.03691556025747288
4,hsa-mir-299,1.8234050792054637,2.581002395301145,-0.7575973160956813,7.29257840845914e-5,0.001558414016054282
4,hsa-mir-134,7.44378381204401,8.21783530415103,-0.774051492107021,9.213324839008605e-5,0.00191637156651379
4,hsa-mir-382,3.216471447366812,4.002013583614117,-0.785542136247305,7.780801879655215e-6,1.8965704581659586e-4
4,hsa-mir-377,2.5495781734702643,3.3499123592107094,-0.8003341857404451,1.7377812266412615e-4,0.0033060228214150827
4,hsa-let-7a-3,13.713071739724631,14.534347340190285,-0.8212756004656541,3.0005708030799854e-7,8.510709914190504e-6
4,hsa-let-7a-2,13.703847723853256,14.526979280100832,-0.8231315562475761,2.5338168003311276e-7,7.601450400993383e-6
4,hsa-let-7a-1,13.702438527528603,14.52647301171771,-0.8240344841891076,2.785231098687258e-7,8.046223173985413e-6
4,hsa-mir-194-1,3.724163770969215,4.561179810534618,-0.8370160395654032,4.801456494796231e-5,0.0010549679058988902
4,hsa-mir-410,2.864065398500704,3.717201589189495,-0.8531361906887911,2.3268894052870398e-5,5.338158047423209e-4
4,hsa-mir-758,2.429881221680163,3.2996206901818055,-0.8697394685016424,3.6044246329614113e-4,0.006327803670925215
4,hsa-let-7c,12.906861338918548,13.793791805111526,-0.8869304661929789,4.0539577699536795e-7,1.1293168073442393e-5
4,hsa-mir-127,9.93210739385335,10.840402536443676,-0.9082951425903261,6.644476004303034e-6,1.6452988201131323e-4
4,hsa-let-7f-2,8.54758407766915,9.57961302910605,-1.0320289514368994,6.594129904442244e-8,2.038155335629386e-6
4,hsa-let-7f-1,8.509484488132179,9.562682639112003,-1.0531981509798243,6.663200135711453e-8,2.038155335629386e-6
4,hsa-mir-514a-2,-0.27556543615536594,0.7786641814402938,-1.0542296175956598,0.012032943957097544,0.08854430458996305
4,hsa-mir-514a-1,-0.37788218693014947,0.7750780978261202,-1.1529602847562697,0.0036184613925959266,0.03738277994999765
4,hsa-mir-509-1,3.8173959210819466,4.9939517448004445,-1.1765558237184979,0.016934733251177576,0.10441969909817003
4,hsa-mir-514a-3,-0.4408346929137795,0.7763330895213926,-1.217167782435172,0.0010523278283296985,0.01492392192903936
4,hsa-mir-506,0.6810188247994363,1.9077446362121906,-1.2267258114127544,0.004207301073594588,0.042521025793034316
4,hsa-mir-509-3,3.9415237557077307,5.171101281332842,-1.229577525625111,0.010297458773441662,0.08218064453742935
4,hsa-mir-509-2,3.635443263956825,5.011125113935533,-1.375681849978708,0.00251347460389814,0.028966916433027595
4,hsa-mir-202,1.131659467149771,2.8694459806806347,-1.7377865135308637,5.807944913968116e-4,0.00943791048519819
4,hsa-mir-508,5.139571206286744,6.894704705627489,-1.7551334993407446,6.18087201675472e-4,0.009838939128711597
5,hsa-mir-508,12.156215731683655,5.282382365820864,6.873833365862791,1.1388057288180893e-49,1.7765369369562192e-47
5,hsa-mir-202,7.8892053773122885,1.3209755854050251,6.568229791907264,6.49149270938662e-42,6.751152417762084e-40
5,hsa-mir-509-3,9.891405901713165,3.7803855649741576,6.111020336739008,4.433504403568225e-50,1.0717839167929902e-47
5,hsa-mir-509-2,9.642202334271564,3.619328749207649,6.022873585063915,5.343367266340411e-50,1.0717839167929902e-47
5,hsa-mir-509-1,9.646813702100012,3.628836167911706,6.017977534188306,5.664142303188115e-50,1.0717839167929902e-47
5,hsa-mir-506,6.398986197903112,0.5753340096982807,5.823652188204831,2.9282600408792287e-49,4.1528051488832695e-47
5,hsa-mir-513c,5.179467719203858,-0.19969853066083282,5.379166249864691,5.211444090749154e-49,6.253732908898984e-47
5,hsa-mir-514a-3,4.733653405848409,-0.4197042077224269,5.1533576135708365,4.445113702681404e-50,1.0717839167929902e-47
5,hsa-mir-514a-1,4.73850504946062,-0.41212430971895725,5.150629359179577,5.520256902264776e-50,1.0717839167929902e-47
5,hsa-mir-514a-2,4.684289436426471,-0.3779853666019777,5.062274803028449,3.5691693012669875e-49,4.639920091647084e-47
5,hsa-mir-513a-2,1.5230867169270976,-1.32620878685101,2.849295503778108,2.864324164933425e-52,1.489448565765381e-49
5,hsa-mir-513a-1,1.497163220797744,-1.351955885718062,2.849119106515806,1.3843261312344037e-52,1.0797743823628349e-49
5,hsa-mir-514b,1.401552354567539,-1.3578095768747223,2.7593619314422613,4.111275145827976e-54,6.413589227491643e-51
5,hsa-mir-510,0.3425319206341799,-1.522552779116773,1.865084699750953,9.00940298114088e-46,1.003904903612841e-43
5,hsa-mir-513b,0.339642949662051,-1.524693022095917,1.864335971757968,6.183368750728789e-50,1.0717839167929902e-47
5,hsa-mir-449b,2.8558753575903637,1.076286049387678,1.7795893082026857,1.10752321216668e-7,3.199511501814853e-6
5,hsa-mir-34b,3.564332061820329,1.809855386908205,1.7544766749121241,7.135445301013139e-10,3.092026297105694e-8
5,hsa-mir-449a,1.9705530632620545,0.3191620972587559,1.6513909660032986,7.985989446827551e-8,2.3957968340482654e-6
5,hsa-mir-34c,5.430433823539595,3.8010928153464,1.6293410081931947,7.694275195554751e-10,3.244072785152814e-8
5,hsa-mir-449c,1.043120175229168,-0.5044367604659246,1.5475569356950925,9.842879464650954e-8,2.897149427331224e-6
5,hsa-mir-507,-0.1039650122112457,-1.5298817040228798,1.4259166918116342,1.5941798396729128e-40,1.55432534368109e-38
5,hsa-mir-383,0.4955853408907424,-0.8762932969521353,1.3718786378428778,2.249028208761476e-15,1.754242002833951e-13
5,hsa-mir-432,5.046971000456475,3.7122993591430067,1.3346716413134683,9.333723504550415e-18,8.565063921822734e-16
5,hsa-mir-543,2.498823737523809,1.1738237496274164,1.3249999878963925,5.022762103188562e-17,4.353060489430087e-15
5,hsa-mir-184,3.5794540187804875,2.2655353561903966,1.313918662590091,9.316146977136435e-10,3.801470637614867e-8
5,hsa-mir-323a,3.6462455256186526,2.3350185553777307,1.3112269702409218,1.7685203525537558e-16,1.452048289465189e-14
5,hsa-mir-375,11.473508163189244,10.190303745424316,1.283204417764928,4.170299226206869e-8,1.3276871005883093e-6
5,hsa-mir-410,4.553971389983016,3.368015487463655,1.1859559025193613,5.3828859921554314e-14,3.358920859104989e-12
5,hsa-mir-433,3.638699898770724,2.4621770179070785,1.1765228808636454,2.8368509522244294e-15,2.107374993081005e-13
5,hsa-mir-431,5.623501378986844,4.474531582751234,1.14896979623561,1.2159252434373334e-14,8.297784790505211e-13
5,hsa-mir-495,1.2258178870754084,0.08891003390620453,1.1369078531692038,5.484142207044409e-13,2.8517539476630927e-11
5,hsa-mir-127,11.62611074750861,10.495196197473291,1.1309145500353193,1.2233913473180759e-14,8.297784790505211e-13
5,hsa-mir-377,4.140972761248899,3.020802692313721,1.1201700689351783,1.0105867518540293e-13,6.0635205111241756e-12
5,hsa-mir-654,5.5815554666738025,4.528157527423979,1.0533979392498232,1.798520745125331e-13,1.0391453194057468e-11
5,hsa-mir-299,3.3098446194915176,2.274511358308314,1.0353332611832036,5.961030359782196e-11,2.656916388931493e-9
5,hsa-mir-134,8.93182163186677,7.912436495397429,1.0193851364693405,4.499952073156472e-13,2.50711615504432e-11
5,hsa-mir-370,5.268083466510546,4.269159162416809,0.9989243040937366,1.4703674550021046e-11,6.950827969100859e-10
5,hsa-mir-381,4.1325738555031,3.13452379349357,0.9980500620095301,6.955909489475222e-12,3.5003931624455957e-10
5,hsa-mir-485,5.73626440195687,4.7647948136172396,0.9714695883396303,2.0603293445733595e-8,6.838539952200938e-7
5,hsa-mir-487b,2.5670511879905495,1.6080940554192167,0.9589571325713329,3.954432062926254e-11,1.8143864759308697e-9
5,hsa-mir-323b,3.0664153325575922,2.115493329467215,0.9509220030903771,7.658932309865555e-8,2.3427322359588758e-6
5,hsa-mir-758,3.934104489092176,2.9988335541334665,0.9352709349587096,4.503560293912271e-9,1.71354977036662e-7
5,hsa-mir-379,7.019363904784641,6.091647281345918,0.9277166234387231,9.503676594037167e-10,3.801470637614867e-8
5,hsa-mir-4423,0.5212712676767716,-0.4001343666875527,0.9214056343643242,3.4049676779938123e-6,8.171922427185149e-5
5,hsa-mir-154,2.282531532395773,1.3675206477809598,0.9150108846148131,1.2880745311753214e-11,6.279363339479692e-10
5,hsa-mir-496,1.403403649186635,0.4996044494900254,0.9037991996966097,1.9416486471042704e-8,6.584721498875351e-7
5,hsa-mir-382,4.59437664490565,3.725470647126789,0.8689059977788611,4.8103156715379214e-9,1.745137778511432e-7
5,hsa-mir-369,1.6713568809389483,0.8214931886724974,0.8498636922664509,1.0955614651541146e-9,4.272689714101047e-8
5,hsa-mir-337,3.5415795251100217,2.719914530942831,0.8216649941671905,2.1263179212366192e-8,6.910533244019013e-7
5,hsa-mir-1262,1.2554854700900413,0.44119026539893286,0.8142952046911085,4.649273413412359e-9,1.7268729821245906e-7
5,hsa-mir-1269b,2.7990216342405465,1.985561151126757,0.8134604831137895,0.34036911871809405,0.7740172379012051
5,hsa-mir-487a,2.6787213934498832,1.8761788390573302,0.8025425543925531,4.805076515791661e-7,1.2558604058606724e-5
5,hsa-mir-135a-1,2.3598275650340463,1.587715469914294,0.7721120951197524,1.335746610208143e-4,0.0021705882415882323
5,hsa-mir-1468,5.186164422892606,4.432848140701928,0.7533162821906778,3.904812462677158e-7,1.068685516101117e-5
5,hsa-mir-10b,14.974210188625207,14.226129392945912,0.7480807956792948,7.181039043279522e-5,0.0012447134341684503
5,hsa-mir-329-2,0.3110260665902757,-0.4364587899470811,0.7474848565373569,5.26586760204053e-9,1.8669894225416425e-7
5,hsa-mir-539,2.3013935115077366,1.554405910308406,0.7469876011993306,1.893374866962811e-7,5.370299622658155e-6
5,hsa-mir-411,0.795389233952336,0.09826657673701024,0.6971226572153257,8.03360411058035e-6,1.8430032959566685e-4
5,hsa-mir-1270,4.564462550450591,3.882339972491924,0.6821225779586668,0.0025024736495529395,0.023376400558698118
5,hsa-mir-9-1,4.755983703003525,4.082460357194034,0.6735233458094916,2.653437975303664e-5,5.593734110099616e-4
5,hsa-mir-9-2,4.748025483719666,4.07451716117352,0.6735083225461462,4.620072791620997e-5,8.580135184438996e-4
5,hsa-mir-136,1.4388305193133368,0.7753119181294217,0.6635186011839151,3.080389728171906e-5,6.160779456343813e-4
5,hsa-mir-494,0.1551774715907085,-0.5067297044162168,0.6619071760069253,4.0975322236671456e-7,1.102094873951853e-5
5,hsa-mir-9-3,4.715322040788086,4.079073387840213,0.6362486529478737,1.846975992813211e-4,0.002852754998800603
5,hsa-mir-6720,0.7098648315893115,0.084092373938932,0.6257724576503795,2.1033333231034173e-4,0.003070394904026425
5,hsa-mir-541,0.9472043165972687,0.32344245034557395,0.6237618662516947,3.3746666309797564e-5,6.580599930410525e-4
5,hsa-mir-493,4.179728610180304,3.5627847471638003,0.6169438630165041,4.558467649023535e-5,8.567722328285198e-4
5,hsa-mir-145,10.643328552966999,10.033411806038906,0.6099167469280928,4.830232330233355e-7,1.2558604058606724e-5
5,hsa-mir-409,5.78170817682099,5.1949527555909825,0.5867554212300075,2.095784614749101e-5,4.604822533814926e-4
5,hsa-mir-329-1,0.08407352697848502,-0.4813562648720402,0.5654297918505252,8.685166516255553e-6,1.9355513950512375e-4
5,hsa-mir-3131,-0.8202676513497525,-1.3774123326894168,0.5571446813396642,2.959198071828818e-5,6.122259493486805e-4
5,hsa-mir-200b,10.181711526677509,9.629256408359103,0.5524551183184059,1.4714040395529399e-6,3.643476669369185e-5
5,hsa-mir-95,1.4903514620060074,0.9426053670403164,0.547746094965691,5.121236792077886e-4,0.006602586277389671
5,hsa-mir-532,10.969042364253006,10.428279532971027,0.5407628312819792,1.0944948425773401e-8,3.794248787601445e-7
5,hsa-mir-668,-0.45222857272853284,-0.9928483015868936,0.5406197288583607,5.052754142539427e-7,1.292179747928116e-5
5,hsa-mir-675,7.016379884869454,6.489926250199941,0.5264536346695126,0.08632211915316178,0.3383480047209356
5,hsa-mir-660,2.7485275072463633,2.2225007471458453,0.526026760100518,8.384459830216894e-6,1.8956170050925153e-4
5,hsa-mir-665,-0.32779073552760996,-0.847265862359212,0.519475126831602,5.17097398331299e-6,1.2039879722340694e-4
5,hsa-mir-338,4.498838360853162,3.981981103568573,0.5168572572845886,9.768244274678676e-4,0.010731310611618826
5,hsa-mir-206,0.8075809514358183,0.3175227492436048,0.4900582021922135,0.08668370172344314,0.3385334862880118
5,hsa-let-7g,8.154095809916576,7.672549549007075,0.4815462609095009,1.1307754293620542e-6,2.8451768867819427e-5
5,hsa-mir-125b-1,10.855475650244315,10.374873339157526,0.4806023110867894,6.85860412986994e-5,0.0012021822969210231
5,hsa-mir-1275,1.46304742537195,0.9826186012068377,0.48042882416511234,0.0079762553252323,0.05707779040074489
5,hsa-mir-887,2.563727847542207,2.0935479079222623,0.47017993961994486,9.987413249733612e-4,0.010819697687211414
5,hsa-mir-200c,16.616464799855734,16.147600069731745,0.46886473012398966,3.065555539241307e-5,6.160779456343813e-4
5,hsa-mir-362,4.408999035817585,3.943359331552379,0.46563970426520607,6.581681962108324e-4,0.008084585717235422
5,hsa-mir-106a,2.0020302815092976,1.5379432936987512,0.46408698781054647,0.0031957738180114245,0.02832617702328308
5,hsa-let-7f-2,9.815865543039484,9.353160745557293,0.46270479748219095,4.65017829551062e-4,0.006096032051257619
5,hsa-mir-129-1,4.12800231419773,3.6675169823339773,0.4604853318637523,0.00231548062987382,0.021891816864261573
5,hsa-mir-125b-2,10.961511083012706,10.502750333555086,0.45876074945761935,1.0596762457418584e-4,0.001777521444470214
5,hsa-mir-889,0.1165641154950082,-0.3412602674308811,0.45782438292588934,2.094541906023231e-4,0.003070394904026425
5,hsa-mir-143,12.257525180414309,11.801530675193163,0.4559945052211454,3.827895333066445e-4,0.005238172561038292
5,hsa-let-7f-1,9.790384821369582,9.33496824545425,0.455416575915331,5.458373136333583e-4,0.006866985558613217
5,hsa-mir-203a,10.112524896199323,9.663653281281123,0.4488716149182004,0.016822838578638262,0.10222331949198893
5,hsa-mir-3150b,1.8211297209098163,1.3735550960552154,0.44757462485460087,0.022231364834506613,0.1279739082724366
5,hsa-mir-129-2,4.100366323812841,3.654480120975507,0.4458862028373338,0.005004446202712078,0.03942897008197395
5,hsa-mir-424,4.3147192077397385,3.8698734775899672,0.44484573014977125,0.0031653809516845196,0.028217110197873433
5,hsa-mir-194-1,4.806743305907982,4.363893507328756,0.4428497985792257,0.0016930145722689075,0.01708116023378601
5,hsa-mir-500b,3.699796682260405,3.2660068252117376,0.43378985704866757,1.965114748683111e-4,0.0029476721230246665
5,hsa-mir-7974,0.04754062765607943,-0.38350696113436133,0.43104758879044075,0.005560780090566525,0.043374084706418896
5,hsa-mir-205,10.024623977100653,9.594774083303838,0.42984989379681515,0.1221812210976836,0.42634372477627774
5,hsa-mir-196a-2,0.6936611589199903,0.27107443161450573,0.4225867273054845,0.23779885182674443,0.6271168511467062
5,hsa-mir-885,6.182366301351718,5.76078400177701,0.42158229957470805,0.05864888706778407,0.25556498275347245
5,hsa-mir-30a,13.338421175679978,12.925435066351532,0.41298610932844504,1.9170320075346283e-4,0.0029319313056411964
5,hsa-mir-1304,1.0681632275295552,0.6578346575049197,0.4103285700246355,0.014950379005375422,0.09291869023261218
5,hsa-mir-219a-1,3.8881961273219563,3.485156180907335,0.4030399464146215,7.334389191657534e-4,0.00866791449923163
5,hsa-mir-320c-1,2.340969108137303,1.9392254681686028,0.4017436399687002,0.008184355601296314,0.05789377209467368
5,hsa-mir-196a-1,0.6668049055607328,0.26741606828943826,0.39938883727129454,0.1469316055298836,0.47087020042886485
5,hsa-let-7a-1,14.734237826232889,14.340829859092404,0.39340796714048487,4.623008570371858e-4,0.006096032051257619
5,hsa-let-7a-2,14.731654694243607,14.342262206832862,0.3893924874107455,4.830445082708858e-4,0.006279578607521515
5,hsa-let-7a-3,14.738954397834732,14.349947481113915,0.3890069167208168,5.241071779566154e-4,0.006647212988718049
5,hsa-mir-195,3.8229444598101265,3.4391901270096352,0.3837543328004913,0.014602392131031037,0.09111892689763368
5,hsa-mir-20b,2.030712096116422,1.6479475309950573,0.3827645651213645,0.05787071654961281,0.25556498275347245
5,hsa-mir-4697,-0.5509122757868602,-0.9330406668699404,0.38212839108308017,0.0022248922120434254,0.021163608846266727
5,hsa-mir-497,3.3263112155842043,2.9475159666570607,0.37879524892714356,0.0021980193981390693,0.021036259270533424
5,hsa-mir-30c-2,9.389363000086723,9.011439347992608,0.3779236520941147,3.997308968337065e-5,7.604636573909538e-4
5,hsa-mir-770,-0.8251360928525322,-1.198646736139557,0.37351064328702477,5.751631597640337e-4,0.007178036233855141
5,hsa-mir-4713,0.16030112768112303,-0.21136811772976388,0.3716692454108869,0.03269553501558382,0.16945194227345767
5,hsa-mir-664a,6.286187676588855,5.919003090567941,0.3671845860209144,0.0017949961493349687,0.017835630528423893
5,hsa-mir-140,10.036779881312087,9.67464030936046,0.36213957195162827,0.001484745096732265,0.015238173361199562
5,hsa-mir-30c-1,9.022349504202241,8.661226383082765,0.3611231211194763,1.2080322614032775e-4,0.0020048194976479924
5,hsa-mir-1911,-0.3103324516997759,-0.6697234798533589,0.359391028153583,0.0016971665616902767,0.01708116023378601
5,hsa-mir-199a-1,7.75926128860726,7.405448468204114,0.3538128204031459,0.025151163618797677,0.1401279115904442
5,hsa-mir-4800,0.0671942629370608,-0.28343491162427714,0.3506291745613379,0.010366231431932445,0.07000571876110222
5,hsa-mir-490,-0.6202684989996174,-0.9695580969455448,0.3492895979459274,1.4383357640902528e-4,0.0023131997855472108
5,hsa-mir-1180,7.781774915185304,7.433002269266622,0.3487726459186815,9.290567347843874e-4,0.010278925576337904
5,hsa-mir-363,3.63291572861085,3.285818536961488,0.3470971916493619,0.1072900094077428,0.3908642671576681
5,hsa-mir-502,4.498757643055511,4.153574035346239,0.3451836077092727,2.7522619973123085e-4,0.003903207923461092
5,hsa-mir-6731,0.13950666390651312,-0.18889187815659547,0.3283985420631086,0.06752863364351676,0.2845295403083398
5,hsa-mir-500a,9.405172027205293,9.076958495867919,0.32821353133737396,0.0037729707914539523,0.03236567416496476
5,hsa-mir-194-2,5.504405778554309,5.177044514954992,0.3273612635993173,0.011319721679207084,0.07514368433856618
5,hsa-mir-26a-1,8.63969509291863,8.312884190302322,0.32681090261630885,8.13003208322027e-5,0.0013937197856949033
5,hsa-mir-26a-2,8.674277582865043,8.347824238513867,0.3264533443511759,9.286338947911246e-5,0.0015746400824719069
5,hsa-mir-503,3.658000603253584,3.3355299779663445,0.32247062528723935,0.06076531373854853,0.26258695133555593
5,hsa-mir-203b,3.005355978720331,2.683904956035786,0.3214510226845446,0.060116659538329814,0.26050552466609583
5,hsa-mir-20a,4.411533444145322,4.090576973946979,0.32095647019834317,0.00674575144269212,0.0503510633999986
5,hsa-mir-199a-2,8.184584695532246,7.866842993788776,0.3177417017434703,0.04182346144351207,0.1989164629630452
5,hsa-mir-99a,9.296680744908999,8.992932909882299,0.3037478350266998,0.011294533219131715,0.07514368433856618
5,hsa-mir-6843,0.7954131353228239,0.4921853205712412,0.30322781475158267,0.10394358506369789,0.38515912755194465
5,hsa-mir-92b,11.214277896330998,10.914746450249602,0.2995314460813958,0.03261569817179056,0.16945194227345767
5,hsa-let-7c,13.9182662149432,13.619016575769317,0.29924963917388325,0.04763465048898873,0.2224883523102231
5,hsa-mir-17,8.423738042908575,8.13953859109504,0.2841994518135351,0.0023457305546697076,0.022044214851112912
5,hsa-mir-412,1.359300263331341,1.0765837688661246,0.2827164944652163,0.16465572233011172,0.5036527977156359
5,hsa-mir-542,2.3863806275214885,2.1047680378261107,0.28161258969537784,0.022670518134765914,0.12860366650994481
5,hsa-mir-30d,13.905771581586697,13.626264002566607,0.2795075790200894,0.004920186689058742,0.03936149351246994
5,hsa-mir-181d,5.140526401034,4.86138591752207,0.27914048351193,0.01072877069270974,0.07214173396822067
5,hsa-mir-200a,9.643833781855685,9.365288414565663,0.2785453672900218,0.008185242351339782,0.05789377209467368
5,hsa-mir-6744,-0.9524820713779865,-1.2305027831106767,0.2780207117326903,0.006098443192461451,0.04663515382470521
5,hsa-mir-5091,1.5766774479024326,1.3021012407142094,0.2745762071882232,0.1302735963898965,0.44567282975490907
5,hsa-mir-488,-0.8952766492766666,-1.1685950833095589,0.27331843403289224,0.004037240417462153,0.03350050559170722
5,hsa-mir-103a-2,13.108807945415588,12.839652913893216,0.26915503152237186,0.01773831030091967,0.10642986180551803
5,hsa-mir-103a-1,13.1052297234625,12.836835106966205,0.2683946164962947,0.01736700968780716,0.10460438267559527
5,hsa-mir-3154,-0.03554728147042332,-0.3015155500799052,0.2659682686094819,0.05189229966004318,0.23601162527599814
5,hsa-mir-576,2.446776106495902,2.1829540559352685,0.2638220505606337,0.07676132769839968,0.3088611522141671
5,hsa-mir-221,8.581405371568549,8.32706823929588,0.25433713227266885,0.013444791692556255,0.08525965463572259
5,hsa-mir-192,6.197187345038268,5.94490391673499,0.25228342830327755,0.07035655254995804,0.2921289088330802
5,hsa-mir-5196,-1.1271838419271352,-1.3771845499899729,0.2500007080628377,9.252111370169475e-4,0.010278925576337904
5,hsa-mir-151b,1.0393088712407395,0.7895544513463708,0.24975441989436864,0.0583880530371307,0.25556498275347245
5,hsa-let-7b,16.250391122538474,16.000731311314652,0.24965981122382175,0.10097087898530868,0.37682911774421424
5,hsa-mir-187,6.134180128791172,5.885561242399277,0.24861888639189544,0.35582524727744874,0.795254134316361
5,hsa-mir-92a-1,15.85857379433208,15.611758377169497,0.24681541716258337,0.006210200898874426,0.047028705836136435
5,hsa-mir-4700,-0.6442160990177144,-0.8909182629105497,0.24670216389283528,0.019420053775212266,0.11346548273157728
5,hsa-mir-378c,4.178749397322772,3.933834738046115,0.2449146592766569,0.056594034702417494,0.25297047030306957
5,hsa-mir-625,10.278069548132,10.036118544443024,0.24195100368897648,0.08776303650931556,0.33888697265973333
5,hsa-mir-135b,2.780636090645503,2.5391144023097474,0.2415216883357556,0.030784946328804127,0.1618674181219521
5,hsa-mir-92a-2,15.717227521300183,15.482487537874531,0.2347399834256514,0.008729547945384854,0.06025705661416094
5,hsa-mir-4522,-0.559067939150344,-0.7929757449115378,0.23390780576119374,0.04906993763777124,0.22782471046108077
5,hsa-mir-190b,-0.9165880462369558,-1.1500104805364189,0.23342243429946308,0.18685226479028536,0.5397954316163799
5,hsa-mir-6887,-1.0148113379181753,-1.2474682732449056,0.23265693532673026,0.0037759953192458887,0.03236567416496476
5,hsa-mir-98,3.3026808760647324,3.070340262829459,0.23234061323527344,0.010922633507826362,0.07313007842149839
5,hsa-mir-6717,-0.9483183134501851,-1.1757824557829422,0.22746414233275702,0.054651892295855285,0.2460878291065666
5,hsa-mir-2110,4.884959494513326,4.658315331625904,0.22664416288742206,0.040659539987294,0.1957681554943785
5,hsa-mir-1197,-0.846914481333514,-1.0708430045389254,0.22392852320541146,0.0038301008202181654,0.032459912383641085
5,hsa-mir-3614,3.240886384050949,3.0199109851046475,0.22097539894630147,0.14879898246299075,0.47441393332772724
5,hsa-mir-6834,0.8207591965968781,0.6007145662968955,0.22004463029998267,0.1945942529915283,0.550938356927013
5,hsa-mir-3158-2,0.18523970471843473,-0.03342217246530475,0.21866187718373947,0.07681931221736976,0.3088611522141671
5,hsa-mir-19b-1,1.1829397867509615,0.9683106527500667,0.21462913400089478,0.015688225280350073,0.0967337210962297
5,hsa-mir-199b,7.7643824279295295,7.550246770391151,0.21413565753837815,0.20518353247076881,0.5655235170572427
5,hsa-mir-4442,0.5155351091006323,0.30410361651478085,0.21143149258585142,0.1915063457079041,0.5488477065732482
5,hsa-mir-1271,2.2870592367271074,2.0763345843184533,0.21072465240865412,0.08014004365238514,0.32056017460954056
5,hsa-mir-1193,-1.2452294984260994,-1.4553247019687012,0.2100952035426018,0.0027574476651926086,0.025303637398238054
5,hsa-mir-6870,-0.9058950912933409,-1.1118160882690686,0.20592099697572774,0.034694245436887004,0.1757735549589383
5,hsa-mir-320a,11.161650523669685,10.956866583076412,0.20478394059327343,0.14285118187435575,0.4664043950763402
5,hsa-mir-3913-1,-0.46797704494567105,-0.667687561717083,0.19971051677141194,0.024115052269159443,0.13483685139745066
5,hsa-mir-139,6.856570471599724,6.65772883571269,0.1988416358870344,0.10746074951662238,0.3908642671576681
5,hsa-mir-2114,-0.9078044682102099,-1.098958958134506,0.19115448992429618,0.020588659603154733,0.11984443649597532
5,hsa-mir-320c-2,1.3216587894727507,1.1305133017400606,0.19114548773269013,0.28432364357727086,0.698630953749964
5,hsa-mir-2276,-0.1664100035885363,-0.3570182298468854,0.1906082262583491,0.1695541139800519,0.5116139609456112
5,hsa-mir-132,7.567624650143172,7.377274073584094,0.1903505765590774,0.11073998544348437,0.39531894117124855
5,hsa-mir-1224,1.6609977996812242,1.4713305606851197,0.1896672389961045,0.46020211811609874,0.8991868917535181
5,hsa-mir-29a,12.873870849553205,12.684831104299043,0.18903974525416167,0.06784935191968104,0.2845295403083398
5,hsa-mir-4714,-0.8618338196062646,-1.0502577699497346,0.18842395034347004,0.01921635198904712,0.112697402642532
5,hsa-mir-376a-1,-1.223040175338165,-1.4087413283025165,0.18570115296435152,0.033309598061707885,0.17037040320086658
5,hsa-mir-100,11.277001479913674,11.09534713645992,0.1816543434537543,0.1991071050882478,0.5536668162881757
5,hsa-mir-3065,3.717876190524113,3.5385038405719023,0.17937234995221063,0.24958559208663134,0.6424975637873678
5,hsa-mir-4533,-0.3539126002153081,-0.5327164798458175,0.17880387963050937,0.2706718928608986,0.6766797321522465
5,hsa-mir-548v,-1.3600998527744954,-1.5381146546094513,0.17801480183495588,0.001059162028433544,0.011395122512802267
5,hsa-mir-25,14.076230098785874,13.89943039105542,0.17679970773045461,0.08849073639592599,0.34085320685838155
5,hsa-mir-584,5.029392008488182,4.854192368586706,0.1751996399014759,0.2531354835982107,0.6494923592322511
5,hsa-mir-5187,1.6237765665979602,1.4508151606058504,0.17296140599210985,0.3344470680377241,0.7680522040999223
5,hsa-mir-181b-2,7.91925842779321,7.7467737201184415,0.17248470767476842,0.1905050013762535,0.5483169781309142
5,hsa-mir-18b,0.2645445409005094,0.09290932576846872,0.17163521513204066,0.35135491603198354,0.7908879012233198
5,hsa-mir-181b-1,7.9031608956997035,7.732024523710516,0.17113637198918763,0.19450254313198173,0.550938356927013
5,hsa-mir-3926-2,-0.6881898062844235,-0.858037975334228,0.1698481690498045,0.1383604142890807,0.46218896422048367
5,hsa-mir-3652,2.7904933802514993,2.6224693704229614,0.16802400982853793,0.12199266146177735,0.42634372477627774
5,hsa-mir-222,7.09422237779594,6.931168230888297,0.1630541469076423,0.09526107890569747,0.36157489803622395
5,hsa-mir-335,5.295780809857881,5.133467617795705,0.1623131920621761,0.03470400956881602,0.1757735549589383
5,hsa-mir-30b,6.075735041414358,5.914627124300579,0.16110791711377903,0.1401032528324786,0.4642414908803441
5,hsa-mir-188,0.6768854808565693,0.5189525148022417,0.1579329660543276,0.11268694461439503,0.3996128207426582
5,hsa-mir-6822,-1.0819055982256238,-1.2394308880830947,0.15752528985747083,0.14901395997567854,0.47441393332772724
5,hsa-mir-942,2.585574703214108,2.429272661222552,0.15630204199155617,0.3854433761617886,0.8236872148114934
5,hsa-mir-664b,4.659154683952405,4.5028569359092465,0.15629774804315844,0.1339172248310728,0.4530881007220386
5,hsa-mir-708,4.276272366214945,4.1215832419577065,0.15468912425723857,0.17786815172250922,0.5226261375090422
5,hsa-mir-34a,5.143526345955186,4.988921619157287,0.15460472679789916,0.30066421673393706,0.7191504990474692
5,hsa-mir-4492,-0.4030090228992523,-0.5559143368140002,0.15290531391474788,0.12076421792948085,0.4243067116441219
5,hsa-mir-4524a,-1.2257794394299162,-1.378444039171181,0.15266459974126478,0.012802203592735536,0.08172033268388189
5,hsa-mir-3939,-0.828556402170136,-0.9809849574055685,0.15242855523543242,0.1106489644383589,0.39531894117124855
5,hsa-mir-380,-1.2668677576501421,-1.418484045519008,0.15161628786886583,0.002704702999036146,0.024966489221872116
5,hsa-mir-151a,11.145406943893308,10.994963485943634,0.15044345794967384,0.17313978965049426,0.5164399079441129
5,hsa-mir-6507,-1.027690015084867,-1.1760306784696108,0.14834066338474394,0.02674638386073174,0.1458893665130822
5,hsa-mir-6499,0.7241130085102203,0.5760960152342284,0.14801699327599194,0.42168195579611983,0.8610259830391976
5,hsa-mir-1287,5.624571034203234,5.477740476897243,0.14683055730599026,0.05771666394469679,0.25556498275347245
5,hsa-mir-548o-2,-1.1115359189756349,-1.256612353450099,0.14507643447446417,0.1043437931755275,0.38572587050668933
5,hsa-let-7e,11.963847933505907,11.821363463911641,0.1424844695942653,0.16898935138678473,0.5108980390763259
5,hsa-mir-642a,1.4448500514862743,1.303884406733677,0.14096564475259732,0.710392593725146,0.9902515476964291
5,hsa-mir-6780a,-1.3519803485562343,-1.4925662652975258,0.1405859167412915,0.06765602328005106,0.2845295403083398
5,hsa-mir-320d-2,0.5688544179180764,0.4289341617245746,0.13992025619350185,0.29277025374006005,0.7091950245877231
5,hsa-mir-128-2,6.381636865872833,6.243238061977144,0.13839880389568915,0.10917694494113615,0.3949079365249248
5,hsa-mir-141,7.0595426847070515,6.922246320980957,0.13729636372609466,0.018154758785959887,0.10809703704617336
5,hsa-mir-376c,-1.0015567917967079,-1.1384499924049614,0.1368932006082535,0.091042788193838875,0.3464067062985089
5,hsa-mir-3913-2,-0.6460001117655723,-0.7824412986483796,0.13644118688280737,0.0184706195133422,0.10955956821602217
5,hsa-mir-107,5.928482844248022,5.792131832305209,0.1363510119428133,0.06428296608534902,0.27443551861194954
5,hsa-mir-4444-2,-0.9572853676149385,-1.0923904062308896,0.13510503861595102,0.06326452294182419,0.2711336697506751
5,hsa-mir-3124,-0.6114500244521205,-0.7461880456931448,0.1347380212410243,0.16066585648727646,0.49843673459252175
5,hsa-mir-4788,-0.06088164158289091,-0.19529566487375685,0.13441402329086594,0.3822373078339393,0.822282355641582
5,hsa-mir-361,9.87113825302041,9.737204649411924,0.1339336036084866,0.027201076605857154,0.1478525418297462
5,hsa-mir-3612,-0.8265945791294365,-0.9600944062618535,0.13349982713241704,0.3850073562337602,0.8236872148114934
5,hsa-mir-6501,0.5836159475237526,0.45126548015905665,0.1323504673646959,0.465852020129883,0.9018105216829015
5,hsa-mir-4505,-0.8789181659680569,-1.0109694429138532,0.13205127694579621,0.05473876711537091,0.2460878291065666
5,hsa-mir-6806,1.414500657831548,1.2836818485877017,0.13081880924384626,0.5016089000888229,0.9293466557465127
5,hsa-mir-186,7.109603150273864,6.979830185629445,0.12977296464441945,0.028476358120022166,0.15371321338143454
5,hsa-mir-4738,-0.08636617188274762,-0.21537380984939175,0.12900763796664413,0.26234162635101954,0.6625688641571638
5,hsa-mir-5090,1.2583494327963454,1.1298562691433736,0.1284931636529718,0.5160342435826768,0.9396306763478722
5,hsa-mir-4728,4.6137929982781865,4.485301576111056,0.12849142216713005,0.9275176659672963,0.9902515476964291
5,hsa-mir-5001,1.8613317680642074,1.732963620567773,0.12836814749643444,0.4934676655374983,0.9219276146568831
5,hsa-mir-615,3.984130827694325,3.855939217300425,0.12819161039390004,0.7813267980308809,0.9902515476964291
5,hsa-mir-3180-4,-1.2205298313115363,-1.3485781917542516,0.1280483604427154,0.08689948029581208,0.3385334862880118
5,hsa-mir-548o,-1.152753758946729,-1.2803476986392492,0.1275939396925203,0.06768491284673916,0.2845295403083398
5,hsa-mir-191,10.414669266546216,10.287615336712712,0.1270539298335045,0.15493651683212803,0.48437067386396737
5,hsa-mir-4999,-1.0403535824562986,-1.1661369346146704,0.12578335215837178,0.5186333555905731,0.9418719845416694
5,hsa-mir-93,12.543712989290926,12.421678554783254,0.12203443450767182,0.08732873850676061,0.3385334862880118
5,hsa-mir-219a-2,-1.0217719394454483,-1.142928345142205,0.12115640569675667,0.1989830124099993,0.5536668162881757
5,hsa-mir-425,8.47247620759283,8.351487953097362,0.1209882544954688,0.13290708143737012,0.45171034214008143
5,hsa-mir-182,11.993637433049967,11.873977946186546,0.1196594868634211,0.1642025716147991,0.5036527977156359
5,hsa-mir-3650,-1.1083043882525734,-1.227523167350413,0.11921877909783962,0.1455326902252892,0.4699794850832211
5,hsa-mir-320b-2,3.982742383267575,3.864459476770739,0.11828290649683604,0.3807590708127011,0.822282355641582
5,hsa-mir-6514,1.3070566732638502,1.1891945814913523,0.11786209177249796,0.8461322987338171,0.9902515476964291
5,hsa-mir-429,3.6873619378945897,3.5708374266530245,0.11652451124156515,0.1788756918355389,0.5235386102503577
5,hsa-mir-6743,-0.30359422377680617,-0.41993629450737396,0.11634207073056779,0.2540603534052105,0.6496703734704837
5,hsa-mir-656,-1.4555609249700823,-1.5714076759908833,0.115846751020801,0.04832856077465657,0.2250524024133261
5,hsa-mir-676,0.7433868141458885,0.6285142201865719,0.1148725939593166,0.5430659227861823,0.9597289465094196
5,hsa-mir-135a-2,1.729439385260926,1.6149065861568204,0.11453279910410563,0.5757605507585564,0.986181769353524
5,hsa-mir-3130-1,2.913780895299557,2.8002248532986296,0.11355604200092762,0.7150777594763491,0.9902515476964291
5,hsa-mir-455,7.847606881860306,7.7342233784428425,0.11338350341746395,0.6419363265097702,0.9902515476964291
5,hsa-mir-5579,-1.0019995109024604,-1.1149684111809894,0.11296890027852902,0.12575044810324468,0.4340059713297825
5,hsa-mir-6758,-1.1882995276195787,-1.300933336641224,0.11263380902164521,0.06173800704204588,0.26532036084185007
5,hsa-mir-214,4.943892894487885,4.832471138271415,0.11142175621646988,0.7681703577072623,0.9902515476964291
5,hsa-mir-4742,0.8135142069656821,0.7033880630157512,0.11012614394993092,0.6814757913455017,0.9902515476964291
5,hsa-mir-624,-0.3328465290904999,-0.4425402366985483,0.10969370760804842,0.2986155289920243,0.718677325928481
5,hsa-mir-4526,-1.355351628299027,-1.4646803566503144,0.10932872835128737,0.01528663839201356,0.09463157099817919
5,hsa-mir-3189,-1.3052808606539423,-1.4134265433233633,0.10814568266942093,0.2287977215508664,0.6111719959235472
5,hsa-mir-7151,-1.4808015431759984,-1.5877120766845816,0.10691053350858315,0.07044474147320166,0.2921289088330802
5,hsa-mir-6894,0.6947209687348042,0.5884679837152834,0.10625298501952074,0.4929184001989917,0.9219276146568831
5,hsa-mir-6791,-1.2013429253761967,-1.307000780052348,0.1056578546761513,0.6428729321087505,0.9902515476964291
5,hsa-mir-6851,-0.3794709784488478,-0.48495882622556113,0.10548784777671333,0.370789231761007,0.8169597021327301
5,hsa-mir-6827,-0.6179277898619211,-0.723314324687007,0.10538653482508586,0.26250589417222187,0.6625688641571638
5,hsa-mir-765,-0.2976091942265993,-0.40001933087258174,0.10241013664598242,0.38439345460758556,0.8236872148114934
5,hsa-mir-374b,2.7111062904489773,2.6105035642765637,0.10060272617241361,0.05659391318159587,0.25297047030306957
5,hsa-mir-3661,-1.2650950521327793,-1.3654666240999727,0.10037157196719337,0.058562412986198534,0.25556498275347245
5,hsa-mir-450a-2,-1.00946699848287,-1.1091027754127896,0.09963577692991965,0.07059781963466104,0.2921289088330802
5,hsa-mir-1266,6.086188365117996,5.986892342656191,0.09929602246180558,0.6441746781038249,0.9902515476964291
5,hsa-mir-4519,-0.8670971694374009,-0.9662714523216129,0.09917428288421204,0.3229034032512467,0.7507143205245081
5,hsa-mir-125a,12.144010719694418,12.046273455634902,0.097737264059516,0.23450400482237072,0.6210971944361602
5,hsa-mir-4467,-1.467251729383175,-1.5648424434534098,0.09759071407023479,0.06994835606648675,0.2920738739711658
5,hsa-mir-600,-1.3816346536114628,-1.4778578736483905,0.09622322003692774,0.12539116628153865,0.43372554190510043
5,hsa-mir-6782,-0.6633460402362629,-0.7588786175343845,0.09553257729812159,0.30826288115186695,0.7341833505296373
5,hsa-mir-1185-1,-1.3941428610440152,-1.4862973415862903,0.09215448054227515,0.07002283901616412,0.2920738739711658
5,hsa-mir-4781,0.29445720440820694,0.20274258500946898,0.09171461939873796,0.5432311921588574,0.9597289465094196
5,hsa-mir-1258,-0.5633476253634955,-0.6541543658368018,0.09080674047330628,0.5161945446346965,0.9396306763478722
5,hsa-mir-204,3.600629920670497,3.509841692257417,0.09078822841307987,0.9293791205946631,0.9902515476964291
5,hsa-mir-320b-1,3.3130446886764617,3.2222625586439984,0.09078213003246338,0.3721218526765999,0.8169597021327301
5,hsa-mir-4444-1,-1.2082450959302746,-1.2984014596215967,0.09015636369132207,0.21715144718753338,0.5911976572644888
5,hsa-mir-6880,-0.4277713587252245,-0.5177115585444915,0.08994019981926699,0.42111015146168723,0.8609853686503697
5,hsa-mir-6736,-0.829300133803628,-0.9181936891769734,0.08889355537334542,0.49026668178290567,0.9216086914212821
5,hsa-mir-320d-1,0.6928183272811431,0.604176516605691,0.08864181067545207,0.5295804312711743,0.9508498998208559
5,hsa-mir-190a,-0.4799081814204309,-0.5680178364371935,0.0881096550167626,0.16582037130959915,0.5062226599666823
5,hsa-mir-466,-1.5410635737570706,-1.6267832548658412,0.0857196811087706,0.11013718608281227,0.39501491876797307
5,hsa-mir-181c,7.016939489270511,6.931395450129525,0.08554403914098607,0.2873734061974381,0.7004726776062554
5,hsa-mir-1292,3.122051340493737,3.037616576832367,0.08443476366137004,0.6436147865938056,0.9902515476964291
5,hsa-mir-618,-0.9148039080206953,-0.9981223998712622,0.08331849185056683,0.7748556336694788,0.9902515476964291
5,hsa-mir-30e,12.233951182414039,12.151892880971099,0.08205830144293991,0.32499008683095104,0.7541650286810822
5,hsa-mir-1913,-1.1018338527178346,-1.183123975001401,0.08129012228356647,0.24408017331580933,0.6335525297382072
5,hsa-mir-96,1.2938940701714574,1.2126416511837412,0.08125241898771618,0.1713251941547865,0.5139755824643595
5,hsa-mir-376a-2,-1.5325564460857146,-1.6124407853840899,0.07988433929837524,0.24926826859804094,0.6424975637873678
5,hsa-mir-371a,-1.2493636124359606,-1.3284655304693045,0.07910191803334388,0.06610811354037995,0.281004515321506
5,hsa-mir-659,1.1160801961104967,1.0384955987231461,0.07758459738735057,0.9607635855665919,0.9915090493849694
5,hsa-mir-6855,-0.43443759582844294,-0.511432775757535,0.07699517992909205,0.546198329034525,0.960710649353197
5,hsa-mir-101-1,5.890361992376748,5.813769072620167,0.07659291975658089,0.030635955828056376,0.1618674181219521
5,hsa-mir-4470,-1.356037675412519,-1.432375516425217,0.07633784101269803,0.13937041459885918,0.46357749845249535
5,hsa-mir-3926-1,-1.3995119652622414,-1.4747360604757196,0.07522409521347817,0.37359399010066097,0.8185486299958301
5,hsa-mir-6513,-1.2181190855254835,-1.2926871392848407,0.07456805375935716,0.3110685030362606,0.7374876363777607
5,hsa-mir-4672,-1.5585222747224514,-1.632929833029219,0.0744075583067676,0.5078688205388664,0.9383603404223282
5,hsa-mir-3158-1,0.6805910355946976,0.6063265891109776,0.07426444648371999,0.6975978737684372,0.9902515476964291
5,hsa-mir-7158,-1.562152676544849,-1.6351200647210835,0.0729673881762345,0.4360322016870357,0.8765595807110511
5,hsa-mir-4722,-1.550066910538409,-1.6226233080139132,0.07255639747550413,0.1818531742249852,0.5289626624749716
5,hsa-mir-6881,-1.3440337926684693,-1.4165023990325416,0.07246860636407226,0.18295952950739192,0.5305146208764524
5,hsa-mir-3937,-1.1510395136867375,-1.2234399373006222,0.07240042361388466,0.36551713500717997,0.808840952776781
5,hsa-mir-504,2.7369375583467628,2.6653950494774827,0.07154250886928004,0.9200746342249584,0.9902515476964291
5,hsa-mir-5708,-1.183866273784847,-1.2552478583522735,0.07138158456742638,0.4770315780058384,0.9086315771539778
5,hsa-mir-3622b,-0.25633390700499153,-0.3274488467032545,0.07111493969826299,0.51428800154548715,0.9396306763478722
5,hsa-mir-5588,-0.622265634836551,-0.6931974347199329,0.07093179988338194,0.2989881952099898,0.718677325928481
5,hsa-mir-7977,-1.5792351473806059,-1.648767488988887,0.06953234160828115,0.2701039416702353,0.6763437383716968
5,hsa-mir-1257,-1.6108523119871603,-1.6796393098995912,0.06878699791243092,0.14905609106890372,0.47441393332772724
5,hsa-mir-423,9.544153457003729,9.477986832314935,0.06616662468879397,0.3292300895890226,0.7586394974281762
5,hsa-mir-1267,-1.6307159761683006,-1.696775263766822,0.06605928759852153,0.27662057766034126,0.684965239920845
5,hsa-mir-133b,-0.7678056610220169,-0.8338136250479865,0.06600796402596965,0.5633475673305419,0.9753853552004943
5,hsa-mir-5010,2.0102899560449203,1.9448468329475115,0.06544312309740885,0.698245653180875,0.9902515476964291
5,hsa-mir-4656,-1.5996095438951567,-1.6647954688736615,0.06518592497850473,0.09026254315623128,0.34427767071814375
5,hsa-mir-6132,-0.7141142768325613,-0.7780995171649201,0.06398524033235875,0.5767034063434828,0.986181769353524
5,hsa-mir-5581,-0.2156271505132073,-0.2772057401640779,0.0615785896508706,0.5818128459085539,0.9889448566801011
5,hsa-mir-4716,-1.2512973853426446,-1.3127920265771675,0.06149464123452297,0.2596256486959008,0.658562621082285
5,hsa-mir-4733,-0.8549032365027566,-0.9157795064381027,0.06087626993534612,0.6726496755078504,0.9902515476964291
5,hsa-mir-3174,-1.4842447753929715,-1.5449285111354427,0.06068373574247121,0.42865956772475383,0.8662032715681555
5,hsa-mir-642b,-1.5267574270022755,-1.5872312292796809,0.0604738022774054,0.15168113051730375,0.47802538102423
5,hsa-mir-5703,0.3025829601155041,0.2421440308114395,0.06043892930406461,0.7017811662591051,0.9902515476964291
5,hsa-mir-6875,1.970133079891977,1.9108121472796555,0.05932093261232141,0.9809995028499557,0.9982540374493902
5,hsa-mir-6125,0.42365771716104583,0.36573543368286726,0.05792228347817857,0.6610046460357963,0.9902515476964291
5,hsa-mir-4768,-1.348058555625162,-1.4054094382187423,0.05735088259358023,0.7940845402535063,0.9902515476964291
5,hsa-mir-4706,-1.298602853023479,-1.355693788778877,0.05709093575539792,0.6445514024409194,0.9902515476964291
5,hsa-mir-1185-2,-1.553642687425192,-1.6095490515157225,0.0559063640905304,0.13505510694599226,0.4530881007220386
5,hsa-mir-1181,0.3151460005640884,0.25961437142380334,0.05553162914028509,0.7903925475029017,0.9902515476964291
5,hsa-mir-3202-1,-1.3786875978067337,-1.4341770115681491,0.055489413761415474,0.581956011815598,0.9889448566801011
5,hsa-mir-6753,-1.2379086348092423,-1.2927767860091546,0.054868151199912285,0.4387081612072792,0.8783908081622994
5,hsa-mir-6876,-1.6059913237347332,-1.660177373909064,0.05418605017433076,0.22637113326736322,0.6078123371722661
5,hsa-mir-3917,4.140588415211518,4.086523783132321,0.05406463207919643,0.943041751624626,0.9902515476964291
5,hsa-mir-4708,-1.5955516683766593,-1.649433647049848,0.05388197867318878,0.22336494792654424,0.6018122949316217
5,hsa-mir-611,-1.2471543833433207,-1.30092148610953,0.05376710276620922,0.17394869220241543,0.5178625187705498
5,hsa-mir-3938,-1.4946470861408572,-1.5477872432865551,0.053140157145697975,0.548302877021558,0.9621512802628015
5,hsa-mir-4737,-1.6248334968335518,-1.676904145473237,0.052070648639685135,0.16103340656066087,0.49843673459252175
5,hsa-mir-548q,-1.204418317419973,-1.2561002337772489,0.051681916357275925,0.693633074683624,0.9902515476964291
5,hsa-mir-4474,-1.5644821138194203,-1.6152061740158281,0.05072406019640785,0.14699601769798537,0.47087020042886485
5,hsa-mir-3159,-1.558084914407204,-1.6086064752520062,0.050521560844802194,0.3930217513548085,0.8284151460154474
5,hsa-mir-2681,-1.6001204969295497,-1.6505937774381747,0.050473280508624985,0.31091848929015536,0.7374876363777607
5,hsa-mir-1276,-0.19628616961882223,-0.24626303495405769,0.04997686533523546,0.52537560688882,0.9474982043312823
5,hsa-mir-3664,-1.5172506185490493,-1.5672102829343297,0.04995966438528043,0.4043151387782971,0.8422511062195462
5,hsa-mir-639,1.040422702290646,0.9905924834297696,0.04983021886087646,0.795126291949835,0.9902515476964291
5,hsa-mir-148b,7.815921400642952,7.766293037917288,0.049628362725663955,0.19720155261473538,0.5519665428494028
5,hsa-mir-26b,7.153812191874628,7.104216823396274,0.04959536847835366,0.13493329668054085,0.4530881007220386
5,hsa-mir-934,0.30410901460213385,0.25497599362508716,0.04913302097704669,0.9385553763273127,0.9902515476964291
5,hsa-mir-596,-1.6343580109249556,-1.6830504432958948,0.04869243237093923,0.19723837918052287,0.5519665428494028
5,hsa-mir-6723,-1.1489379897078198,-1.1974947308072736,0.04855674109945385,0.5953728775776476,0.9902515476964291
5,hsa-mir-3622a,3.453480026181154,3.4058920797049583,0.047587946476195686,0.916976419095537,0.9902515476964291
5,hsa-mir-5089,-1.6304641133500164,-1.6777974457219527,0.047333332371936265,0.37190709183759607,0.8169597021327301
5,hsa-mir-101-2,5.890307017812486,5.843059272705118,0.0472477451073674,0.040277718474893545,0.19453015734004311
5,hsa-mir-6883,-1.3102229459834203,-1.3572242228699187,0.047001276886498466,0.3723450950104943,0.8169597021327301
5,hsa-mir-4433a,-0.9838973598763574,-1.030874290152787,0.046976930276429574,0.23157109340912405,0.6171388802020594
5,hsa-mir-548s,-1.2874827156508197,-1.334142297939589,0.04665958228876921,0.9425497391845479,0.9902515476964291
5,hsa-mir-4727,-1.236137174983518,-1.282048811404974,0.045911636421456015,0.7266652543083798,0.9902515476964291
5,hsa-mir-4473,-0.621559262979832,-0.667391511878512,0.045832248898679984,0.4400055883737834,0.878406329955151
5,hsa-mir-3133,-1.6294293654474052,-1.6750044609284507,0.045575095481045436,0.2883821472673651,0.7018348669845391
5,hsa-mir-4755,-0.29601013132669,-0.34147757387054123,0.04546744254385121,0.7340532004697516,0.9902515476964291
5,hsa-mir-138-2,-1.2579965471532626,-1.3033302710753516,0.04533372392208901,0.7609333827828494,0.9902515476964291
5,hsa-mir-4784,0.5272214483038725,0.4819396029558702,0.045281845348002336,0.8478458465035024,0.9902515476964291
5,hsa-mir-3680-2,-0.9784880488434379,-1.0231391924918576,0.04465114364841971,0.4236704261008263,0.8613169939484709
5,hsa-mir-6740,-1.1131731816171153,-1.1577638656373745,0.04459068402025923,0.46054508109683395,0.8991868917535181
5,hsa-mir-3135a,-1.572279986695863,-1.6166109230432022,0.0443309363473392,0.22257885737941047,0.6007318642074054
5,hsa-mir-4430,-1.4826929553039572,-1.5244642109661561,0.04177125566219897,0.41411165231884667,0.8533872887944529
5,hsa-mir-5093,-1.608426741481771,-1.650163113793952,0.04173637231218108,0.4432371740122784,0.8808280145976488
5,hsa-mir-4780,-1.4975981015516988,-1.5383891681818,0.040791066630101236,0.5153389234611631,0.9396306763478722
5,hsa-mir-3143,-0.9989769959621526,-1.0397065913691492,0.04072959540699661,0.5431711649106484,0.9597289465094196
5,hsa-mir-6824,-1.1609638285786235,-1.2009681551748796,0.04000432659625619,0.6304720670201482,0.9902515476964291
5,hsa-mir-4657,-0.8000977032506915,-0.8391831369517205,0.039085433701029015,0.7607385398445248,0.9902515476964291
5,hsa-mir-4296,-1.6442426862887456,-1.6821622573637147,0.03791957107496913,0.46275941751828514,0.9000810955377967
5,hsa-mir-4502,-1.59466018216396,-1.6317805494240638,0.037120367260103704,0.6216929365208728,0.9902515476964291
5,hsa-mir-1255a,-1.4664742372212913,-1.5028942439068422,0.0364200066855509,0.21966298900880984,0.5949205952321933
5,hsa-mir-4688,-1.6222013231954628,-1.658050114520674,0.03584879132521124,0.5996538193160417,0.9902515476964291
5,hsa-mir-372,-0.962454222852881,-0.9980972415053718,0.035643018652490865,0.28206154202718164,0.696227856902537
5,hsa-mir-422a,-1.6606822556312324,-1.6956434379641376,0.03496118233290524,0.44631949032121526,0.8856495965888478
5,hsa-mir-148a,11.311295489618562,11.276461719488703,0.03483377012985933,0.3188865302658599,0.7480646424281826
5,hsa-mir-3130-2,2.87461304658338,2.840454945423373,0.034158101160006726,0.8632988446255528,0.9902515476964291
5,hsa-mir-3617,-1.420679323885892,-1.454356096138487,0.03367677225259502,0.6779742066995496,0.9902515476964291
5,hsa-mir-4639,-1.5442480802664413,-1.5774544250786964,0.03320634481225504,0.9849925767748285,0.9983803999891305
5,hsa-mir-3607,4.0167103595848594,3.9842458432398407,0.03246451634501879,0.6274669729113478,0.9902515476964291
5,hsa-mir-3166,-1.606598619503495,-1.6385315321510738,0.031932912647578915,0.4378602789661776,0.8783908081622994
5,hsa-mir-6810,1.9596691592070477,1.9282561000159708,0.03141305919107684,0.47662435591324354,0.9086315771539778
5,hsa-mir-592,-1.3709405425575676,-1.4018267815010232,0.030886238943455657,0.36166586211453405,0.8048484235359102
5,hsa-mir-3655,-0.7551256650224941,-0.785922658867053,0.030796993844558918,0.9548066496941253,0.9902515476964291
5,hsa-mir-378g,-1.6121011160517391,-1.6427880612999541,0.030686945248215025,0.240150799321291,0.6285826290959966
5,hsa-mir-578,-1.5938334291863774,-1.6243847808679004,0.03055135168152301,0.9257708547731481,0.9902515476964291
5,hsa-mir-511,1.9828107958576822,1.952297157692008,0.030513638165674095,0.9383802579209313,0.9902515476964291
5,hsa-mir-3662,-0.9063800368546938,-0.9367972864671917,0.03041724961249792,0.7732565391873327,0.9902515476964291
5,hsa-mir-5572,-1.6636673400964972,-1.693074755946024,0.029407415849526775,0.404388511896436,0.8422511062195462
5,hsa-mir-3121,-1.653198989093245,-1.682307761879112,0.029108772785866988,0.7383802090812231,0.9902515476964291
5,hsa-mir-4765,-1.6630932689085194,-1.6920194722791593,0.02892620337063989,0.33731794051340347,0.7693216187147799
5,hsa-mir-3907,-1.48708317695037,-1.5159044250909186,0.02882124814054854,0.95141598380293,0.9902515476964291
5,hsa-mir-4422,-1.5468409160841587,-1.5755205366070064,0.02867962052284767,0.9816164701585671,0.9982540374493902
5,hsa-mir-4498,-1.2835332699833624,-1.3120360915875615,0.028502821604199147,0.8774877449295788,0.9902515476964291
5,hsa-mir-555,-1.5116886426665144,-1.5399772369147147,0.028288594248200294,0.3741444584961045,0.8186049863308879
5,hsa-mir-6838,-1.6303899637134458,-1.6585121153386648,0.028122151625219027,0.4587587587226308,0.8979468803102936
5,hsa-mir-5693,-1.6655313418777882,-1.6935987566074522,0.02806741472966401,0.4331872948415885,0.8730906717737443
5,hsa-mir-597,-1.5159044793974936,-1.5438326689051216,0.027928189507627987,0.4633109741774684,0.9000810955377967
5,hsa-mir-4652,1.9127756876063693,1.8850497011340432,0.027725986472326047,0.5421994806823366,0.9597289465094196
5,hsa-mir-7107,-1.6571405578695109,-1.6847600372419844,0.027619479372473554,0.5111347044667489,0.939392594401941
5,hsa-mir-6867,-1.6004694370425774,-1.6280572102561148,0.027587773213537448,0.8720045852165537,0.9902515476964291
5,hsa-mir-762,-1.6634664663366203,-1.6906915548840566,0.027225088547436327,0.8846889179210393,0.9902515476964291
5,hsa-mir-3659,-1.6638489861003547,-1.6910565326544922,0.027207546554137485,0.33731794051340347,0.7693216187147799
5,hsa-mir-4419b,-1.5538511583673662,-1.580164095354449,0.026312936987082702,0.38152227424131346,0.822282355641582
5,hsa-mir-5690,-1.044893973217992,-1.0705940111055394,0.025700037887547378,0.8741804806860708,0.9902515476964291
5,hsa-mir-4739,-1.052617270603285,-1.0782375104727844,0.02562023986949935,0.28437862540463277,0.698630953749964
5,hsa-mir-4762,-1.5704761835378271,-1.5960541623354951,0.02557797879766799,0.7118270670513394,0.9902515476964291
5,hsa-mir-3147,-1.6525967753013304,-1.6781357381576218,0.025538962856291425,0.6916219195608683,0.9902515476964291
5,hsa-mir-3529,-1.6623130104695198,-1.6872692296340246,0.024956219164504745,0.5315007132331964,0.9508498998208559
5,hsa-mir-6832,-0.8516217533246965,-0.8762868969082144,0.0246651435835179,0.4621148719363525,0.9000810955377967
5,hsa-mir-548ay,-1.6069745846787675,-1.6311630483698827,0.02418846369111516,0.8699865230635504,0.9902515476964291
5,hsa-mir-4434,-1.6701996619785535,-1.6935735180193163,0.023373856040762808,0.448814842941883,0.8862672847966298
5,hsa-mir-564,-1.2196902413168678,-1.2430241834681595,0.023333942151291698,0.5767398621711116,0.986181769353524
5,hsa-mir-4476,-1.6587769789711726,-1.681787685039441,0.023010706068268494,0.6026297601534576,0.9902515476964291
5,hsa-mir-5692a-2,-1.6779336072571658,-1.700589456145543,0.02265584888837724,0.5311251625879585,0.9508498998208559
5,hsa-mir-631,-1.6500080696646222,-1.6724961295169967,0.022488059852374453,0.6325320905759886,0.9902515476964291
5,hsa-mir-128-1,7.246436219967706,7.223952264602017,0.022483955365689035,0.5417092142527858,0.9597289465094196
5,hsa-mir-3654,-1.2415688124720368,-1.2636396470958473,0.022070834623810542,0.834285437008215,0.9902515476964291
5,hsa-mir-548ag-1,-1.666576939436845,-1.6879533287366129,0.021376389299767817,0.7403995665168872,0.9902515476964291
5,hsa-mir-6760,-1.6315008251562,-1.6528712885228833,0.021370463366683357,0.4926330832623255,0.9219276146568831
5,hsa-mir-3137,-1.3545071036339855,-1.3755915160022354,0.021084412368249872,0.5322170132498278,0.9510407109618917
5,hsa-mir-7843,-1.6437266337975132,-1.664717197232576,0.020990563435062892,0.6961708651116285,0.9902515476964291
5,hsa-mir-5692a-1,-1.680051185282577,-1.700589456145543,0.020538270862966,0.747366951925392,0.9902515476964291
5,hsa-mir-298,-1.6263163416756117,-1.6468427451498013,0.02052640347418966,0.6748689569672741,0.9902515476964291
5,hsa-mir-6071,-1.680530428381851,-1.700589456145543,0.02005902776369206,0.9665418376249423,0.9933670607535291
5,hsa-mir-602,-1.6004096083949846,-1.620435324531231,0.020025716136246485,0.6527975537572673,0.9902515476964291
5,hsa-mir-9500,-1.6809317153317413,-1.700589456145543,0.019657740813801672,0.747366951925392,0.9902515476964291
5,hsa-mir-1295b,-1.3927687217996947,-1.4123081696729227,0.019539447873228033,0.31395743131502934,0.7398995374010356
5,hsa-mir-3616,-0.9093639766412989,-0.9288620467304537,0.01949807008915483,0.6335579444620143,0.9902515476964291
5,hsa-mir-4322,-1.627069103492633,-1.6465503381607198,0.019481234668086822,0.33527308280295687,0.7680522040999223
5,hsa-mir-4268,-1.6814806041012307,-1.700589456145543,0.01910885204431234,0.747366951925392,0.9902515476964291
5,hsa-mir-6739,-1.5546222405953816,-1.573342175610638,0.018719935015256484,0.4422743938476952,0.8800357836765363
5,hsa-mir-4537,-1.670791558411535,-1.6894526754020718,0.018661116990536852,0.5477746767837299,0.9621512802628015
5,hsa-mir-1285-1,-1.6724351098419816,-1.6909463050763198,0.018511195234338196,0.49736304524045083,0.9253408957842483
5,hsa-mir-4468,-1.6760132450844676,-1.694037251392512,0.01802400630804435,0.86931293823958955,0.9902515476964291
5,hsa-mir-3155b,-1.6569123053248567,-1.6748594376084172,0.017947132283560485,0.5387868887594109,0.9597289465094196
5,hsa-mir-5000,-1.029324678821863,-1.0472400565595226,0.0179153777376595,0.774573470986835,0.9902515476964291
5,hsa-mir-626,-1.6831620098042976,-1.700589456145543,0.01742744634124538,0.747366951925392,0.9902515476964291
5,hsa-mir-6811,-1.5435738765815046,-1.5608853824641464,0.017311505882641853,0.8151552384458551,0.9902515476964291
5,hsa-mir-6745,-1.615093510881268,-1.6323970630087359,0.017303552127467814,0.6501064546352959,0.9902515476964291
5,hsa-mir-3146,-1.617456915250957,-1.6347025034110512,0.01724558816009414,0.8274784151468042,0.9902515476964291
5,hsa-mir-5685,-1.680738936264236,-1.6977867743883408,0.01704783812410482,0.8082477799175735,0.9902515476964291
5,hsa-mir-3156-2,-1.6751484661621598,-1.692043108046498,0.01689464188433809,0.9124118057356034,0.9902515476964291
5,hsa-mir-1273c,-1.6655706615165287,-1.6824169261364026,0.01684626461987393,0.8531553321739052,0.9902515476964291
5,hsa-mir-4517,-1.6405275764434726,-1.6571327997972416,0.016605223353769016,0.6769240474163705,0.9902515476964291
5,hsa-mir-4437,-1.649746048996436,-1.6660826236398367,0.01633657464340077,0.6642127815555234,0.9902515476964291
5,hsa-mir-609,-1.6739901152697396,-1.6902781075862525,0.0162879923165129,0.7581508291366073,0.9902515476964291
5,hsa-mir-4802,-1.6510992938480111,-1.667316939718936,0.01621764587092489,0.7247183975431843,0.9902515476964291
5,hsa-mir-4712,-1.6469840624311072,-1.663149278473228,0.016165216042120845,0.42401424187385817,0.8613169939484709
5,hsa-mir-124-3,-1.6117057874108272,-1.6276070036478376,0.015901216237010463,0.614247283825986,0.9902515476964291
5,hsa-mir-6860,0.5642193797155444,0.5483286768113222,0.01589070290422212,0.8353243776414412,0.9902515476964291
5,hsa-mir-1278,-1.6733049849263433,-1.6891946071709156,0.015889622244572355,0.7005279661886654,0.9902515476964291
5,hsa-mir-3167,-1.6808973064035848,-1.6966869049131805,0.015789598509595715,0.86931293823958955,0.9902515476964291
5,hsa-mir-1203,-1.6831974513986478,-1.6986052307432156,0.015407779344567718,0.6274111719852971,0.9902515476964291
5,hsa-mir-6510,0.5894437966901304,0.5741706126211517,0.015273184068978707,0.9558703476674424,0.9902515476964291
5,hsa-mir-599,-1.5335987766216137,-1.548608640460628,0.01500986383901437,0.23982442841403467,0.6285826290959966
5,hsa-mir-647,-1.622318897998384,-1.6372682560249432,0.014949358026559167,0.4951305698453881,0.9228240011455262
5,hsa-mir-6090,-1.682893761219823,-1.6977668008831948,0.014873039663371834,0.8082477799175735,0.9902515476964291
5,hsa-mir-4756,-1.6723368094297841,-1.686926499979771,0.014589690549986933,0.7929469331169665,0.9902515476964291
5,hsa-mir-1254-1,2.2102028397707913,2.1956817482808058,0.014521091489985594,0.9200755076831273,0.9902515476964291
5,hsa-mir-1272,-1.677443975205664,-1.69160389783037,0.014159922624706,0.9683805448159917,0.99366370334443
5,hsa-mir-3682,0.2968864030070939,0.2827335584668893,0.014152844540204601,0.5462502217796704,0.960710649353197
5,hsa-mir-1286,-1.6465981412653867,-1.6607430147925093,0.01414487352712257,0.6699423188565076,0.9902515476964291
5,hsa-mir-4510,-1.6836751018830478,-1.6976866400579504,0.014011538174902638,0.5871134294662383,0.9902515476964291
5,hsa-mir-5195,-1.6866559989819214,-1.700589456145543,0.013933457163621599,0.5311251625879585,0.9508498998208559
5,hsa-mir-4695,-1.4197433796585504,-1.4336180967571148,0.01387471709856447,0.7636676833108357,0.9902515476964291
5,hsa-mir-4428,-1.572251549415067,-1.5856841433746678,0.013432593959600725,0.46978868389979683,0.9065385677741491
5,hsa-mir-7160,-1.665601985688165,-1.6789132212004825,0.013311235512317499,0.5592802149704192,0.972661243426816
5,hsa-mir-6857,-1.4687627446604794,-1.4820189558058763,0.013256211145396879,0.5684539647589986,0.9796111210615595
5,hsa-mir-6770-3,-1.6392365886730276,-1.6524671108775155,0.013230522204487949,0.9564926208646408,0.9902515476964291
5,hsa-mir-3125,-1.2843416964805383,-1.2974567627252218,0.013115066244683504,0.34388130041583986,0.7785991707528449
5,hsa-mir-6733,-1.3774331689272634,-1.3903627428200271,0.012929573892763724,0.8363790947672038,0.9902515476964291
5,hsa-mir-1243,-1.5903237577157368,-1.603069604282955,0.012745846567218333,0.5245123783930276,0.9474982043312823
5,hsa-mir-657,-1.6390233522417856,-1.651675935598689,0.012652583356903335,0.5891785981781928,0.9902515476964291
5,hsa-mir-7848,-1.5281829772088944,-1.5404849098130076,0.012301932604113164,0.9531340024979515,0.9902515476964291
5,hsa-mir-3180-5,-1.6506049596983206,-1.6626668224912484,0.012061862792927869,0.7335067607052342,0.9902515476964291
5,hsa-mir-574,8.370261786703148,8.358212429523395,0.012049357179753528,0.6397012234244985,0.9902515476964291
5,hsa-mir-544a,-1.6599626806228998,-1.671910422105331,0.011947741482431162,0.654181772183781,0.9902515476964291
5,hsa-mir-6828,-1.6886488226422347,-1.700589456145543,0.011940633503308318,0.747366951925392,0.9902515476964291
5,hsa-mir-3927,-1.6821678168646133,-1.6939425537117156,0.011774736847102396,0.6437286320440769,0.9902515476964291
5,hsa-mir-4747,-1.516967584192573,-1.5286679332765212,0.011700349083948236,0.45609161492037614,0.8938478885374206
5,hsa-mir-5087,-1.6010904690257388,-1.6127021599057527,0.011611690880013903,0.8290385810629066,0.9902515476964291
5,hsa-mir-1825,-1.598604572146718,-1.6102061549375328,0.011601582790814913,0.9734362327755179,0.9957773922162675
5,hsa-mir-8059,-1.687136866217526,-1.6985109365556255,0.011374070338099562,0.752286582158412,0.9902515476964291
5,hsa-mir-563,-1.682893761219823,-1.6942319313174619,0.011338170097638933,0.8093507099334465,0.9902515476964291
5,hsa-mir-4252,-1.6893140651825629,-1.700589456145543,0.011275390962980136,0.747366951925392,0.9902515476964291
5,hsa-mir-6786,-0.6646253264004197,-0.6758648771875004,0.011239550787080721,0.7241410460010858,0.9902515476964291
5,hsa-mir-7157,-1.5488290809804368,-1.5600376157754923,0.011208534795055458,0.7567374383889112,0.9902515476964291
5,hsa-mir-6508,-1.3670346891062533,-1.3776757111211295,0.010641022014876267,0.9499494541693185,0.9902515476964291
5,hsa-mir-4263,-1.690009290769276,-1.700589456145543,0.010580165376266937,0.747366951925392,0.9902515476964291
5,hsa-mir-3064,-0.6140838925651934,-0.6246610266756544,0.010577134110461017,0.9777436000306429,0.9977228535401388
5,hsa-mir-645,-1.6902082838780967,-1.700589456145543,0.010381172267446281,0.747366951925392,0.9902515476964291
5,hsa-mir-921,-1.6902082838780967,-1.700589456145543,0.010381172267446281,0.747366951925392,0.9902515476964291
5,hsa-mir-4534,-1.6904350121506044,-1.700589456145543,0.010154443994938589,0.5311251625879585,0.9508498998208559
5,hsa-mir-4792,-1.3966280741129984,-1.40652347381978,0.00989539970678166,0.38188233481985095,0.822282355641582
5,hsa-mir-548ai,-1.6703641736951362,-1.6801590149839845,0.009794841288848222,0.8574273265744703,0.9902515476964291
5,hsa-mir-4761,-1.6489591341067678,-1.6587538320138953,0.009794697907127503,0.7305733578664457,0.9902515476964291
5,hsa-mir-548at,-1.6633652485820716,-1.6728757170366515,0.009510468454579923,0.8035482042953037,0.9902515476964291
5,hsa-mir-3960,-1.6728192160201174,-1.682262157736528,0.00944294171641058,0.9903602778422766,0.9983803999891305
5,hsa-mir-1910,-0.28456694124078963,-0.2938996497690127,0.0093327085282231,0.8636663324983308,0.9902515476964291
5,hsa-mir-8077,-1.6307490688238193,-1.6397873541725805,0.009038285348761166,0.8929596438515739,0.9902515476964291
5,hsa-mir-4686,-1.6701237861966662,-1.679048134600674,0.008924348404007798,0.7165092422654604,0.9902515476964291
5,hsa-mir-623,-1.6830609500656777,-1.691795404356052,0.008734454290374227,0.9352201699622495,0.9902515476964291
5,hsa-mir-4312,-1.686064805487769,-1.694696913707494,0.008632108219725154,0.8143360633918861,0.9902515476964291
5,hsa-mir-181a-2,11.835201181299215,11.826689790731086,0.008511390568129329,0.7705575998132468,0.9902515476964291
5,hsa-mir-4420,-1.6476895782220191,-1.6561450397143678,0.00845546149234866,0.7472590129847277,0.9902515476964291
5,hsa-mir-4514,-1.692221648868682,-1.700589456145543,0.008367807276860928,0.747366951925392,0.9902515476964291
5,hsa-mir-4254,-1.3373732284104214,-1.345677436265665,0.00830420785524355,0.9519869070491562,0.9902515476964291
5,hsa-mir-3156-1,-1.6819233908849842,-1.6901861148234887,0.008262723938504468,0.9694894486250761,0.99366370334443
5,hsa-mir-587,-1.6923810961909462,-1.700589456145543,0.008208359954596789,0.747366951925392,0.9902515476964291
5,hsa-mir-2113,-1.6434225014136359,-1.6514708963252918,0.008048394911655876,0.8437995447646427,0.9902515476964291
5,hsa-mir-548c,-1.6906288493393629,-1.6986510038484526,0.008022154509089718,0.8082477799175735,0.9902515476964291
5,hsa-mir-3671,-1.6906045916453842,-1.6985732642712676,0.00796867262588341,0.8082477799175735,0.9902515476964291
5,hsa-mir-4643,-1.6905581160120793,-1.6985148333872229,0.007956717375143585,0.5871134294662383,0.9902515476964291
5,hsa-mir-4314,-1.6926332237107096,-1.700589456145543,0.007956232434833455,0.747366951925392,0.9902515476964291
5,hsa-mir-4775,-1.6824012060318503,-1.6902374358304861,0.007836229798635852,0.9352201699622495,0.9902515476964291
5,hsa-mir-4743,-1.223056101526404,-1.230880001208754,0.007823899682349866,0.6609858142064415,0.9902515476964291
5,hsa-mir-4431,-1.680107050489517,-1.6878611669503878,0.0077541164608707636,0.6358016893776639,0.9902515476964291
5,hsa-mir-4436a,-1.6798295623117563,-1.6875782693948926,0.0077487070831363525,0.8071394304415938,0.9902515476964291
5,hsa-mir-606,-1.688186935997632,-1.6958409227722664,0.007653986774634358,0.8493605056588105,0.9902515476964291
5,hsa-mir-6504,-1.6763966401486294,-1.684044311529345,0.007647671380715648,0.876690509458381,0.9902515476964291
5,hsa-mir-3714,-1.6929490591999254,-1.700589456145543,0.007640396945617578,0.747366951925392,0.9902515476964291
5,hsa-mir-4493,-1.6870551837931234,-1.6944903007443983,0.007435116951274967,0.8704247585103254,0.9902515476964291
5,hsa-mir-3978,-1.6932929353657937,-1.700589456145543,0.007296520779749294,0.9665418376249423,0.9933670607535291
5,hsa-mir-4680,-1.6106871460595458,-1.6179386743420676,0.007251528282521846,0.44069669336417805,0.878406329955151
5,hsa-mir-3156-3,-1.689312336623676,-1.6965340408555118,0.007221704231835879,0.8132315454906708,0.9902515476964291
5,hsa-mir-8075,-1.686400083209456,-1.6933613212445644,0.006961238035108508,0.9302000412245496,0.9902515476964291
5,hsa-mir-3660,-1.3871828786704596,-1.3938784452130033,0.006695566542543663,0.5888107354324117,0.9902515476964291
5,hsa-mir-5582,-1.6657645932316467,-1.6723759706017267,0.006611377370079996,0.8698554134076432,0.9902515476964291
5,hsa-mir-4711,-1.6906045916453842,-1.697141501115551,0.0065369094701668295,0.7533759031676147,0.9902515476964291
5,hsa-mir-4512,-1.2571302982980705,-1.263520317874428,0.006390019576357542,0.5422580213826813,0.9597289465094196
5,hsa-mir-6764,0.041599223611715794,0.03532054669689439,0.006278676914821403,0.8971239721529479,0.9902515476964291
5,hsa-mir-3681,-1.6542867620414887,-1.660546321267476,0.00625955922598731,0.9531366456323149,0.9902515476964291
5,hsa-mir-558,-1.6926011343952123,-1.6987687382343557,0.006167603839143387,0.8082477799175735,0.9902515476964291
5,hsa-mir-1264,-1.6838089835677799,-1.689975384745751,0.006166401177971181,0.7015589646222857,0.9902515476964291
5,hsa-mir-3646,-1.6727479301246908,-1.6789053778563392,0.006157447731648391,0.6609437550484264,0.9902515476964291
5,hsa-mir-5705,-1.6906288493393629,-1.6967209690975402,0.006092119758177361,0.8093507099334465,0.9902515476964291
5,hsa-mir-643,-1.377207197307586,-1.383265265875537,0.006058068567951214,0.7415893016437117,0.9902515476964291
5,hsa-mir-5007,-1.682755660512497,-1.6888069639434657,0.006051303430968824,0.9741171925293262,0.995820983188564
5,hsa-mir-6512,-1.681199576870643,-1.6871366140222575,0.005937037151614533,0.9143140941238743,0.9902515476964291
5,hsa-mir-499b,-1.6641902186041404,-1.6698653557541776,0.005675137150037202,0.9208124532821769,0.9902515476964291
5,hsa-mir-640,-1.6902082838780967,-1.6957567371790496,0.0055484533009528825,0.8704247585103254,0.9902515476964291
5,hsa-mir-548aq,-1.683546176794508,-1.6890146070135335,0.005468430219025544,0.7036226089449521,0.9902515476964291
5,hsa-mir-4279,-1.690009290769276,-1.6952821901033477,0.005272899334071601,0.9802823091131904,0.9982540374493902
5,hsa-mir-1184-3,-1.6953794975869305,-1.700589456145543,0.005209958558612504,0.747366951925392,0.9902515476964291
5,hsa-mir-4527,-1.6953794975869305,-1.700589456145543,0.005209958558612504,0.747366951925392,0.9902515476964291
5,hsa-mir-4520-2,-1.6731311265235345,-1.6781255984026078,0.0049944718790733145,0.9778963096556874,0.9977228535401388
5,hsa-mir-4513,-1.6717510376117313,-1.6766694753172606,0.004918437705529355,0.7784553028082641,0.9902515476964291
5,hsa-mir-1184-2,-1.6904261626318482,-1.6952757430515428,0.004849580419694632,0.9104772314565623,0.9902515476964291
5,hsa-mir-4770,-1.6911799601480604,-1.6959319585909356,0.004751998442875216,0.8704247585103254,0.9902515476964291
5,hsa-mir-548a-3,-1.6682919553824715,-1.6729941398713544,0.004702184488882821,0.9931744168939292,0.9983803999891305
5,hsa-mir-4757,-0.9460355181237777,-0.9507238007125072,0.004688282588729442,0.5785352313506986,0.9874343117145403
5,hsa-mir-554,-1.6941928594938775,-1.6988233041839962,0.00463044469011864,0.8093507099334465,0.9902515476964291
5,hsa-mir-374c,-1.6827410464841293,-1.6870757804962992,0.004334734012169994,0.875617613924121,0.9902515476964291
5,hsa-mir-4438,-1.6940562741504974,-1.6983411551414105,0.004284880990913065,0.8093507099334465,0.9902515476964291
5,hsa-mir-4278,-1.696305237824828,-1.700589456145543,0.004284218320715016,0.747366951925392,0.9902515476964291
5,hsa-mir-4682,-1.6439312072591497,-1.6480484386041654,0.004117231345015737,0.7996934526641554,0.9902515476964291
5,hsa-mir-4705,-1.6900154747866032,-1.6940485236567944,0.00403304887019118,0.8715368349411908,0.9902515476964291
5,hsa-mir-4704,-1.6934175180870685,-1.6973722972960699,0.003954779209001336,0.7533759031676147,0.9902515476964291
5,hsa-mir-6763,-0.6472427743327859,-0.651133231406111,0.0038904570733251376,0.8150934834321014,0.9902515476964291
5,hsa-mir-637,-1.6864757991582957,-1.69030418201572,0.003828382857424373,0.8526816104730262,0.9902515476964291
5,hsa-mir-1244-2,-1.6799599273346644,-1.683665413837715,0.0037054865030505812,0.9110603903519613,0.9902515476964291
5,hsa-mir-6080,-1.627442370030902,-1.630983673353264,0.0035413033223621326,0.8573512632952949,0.9902515476964291
5,hsa-mir-4735,-1.6565859857405203,-1.66006222315101,0.0034762374104897464,0.9256326470076447,0.9902515476964291
5,hsa-mir-3910-1,-1.6865021295701124,-1.689928216003242,0.0034260864331296936,0.9510056749844101,0.9902515476964291
5,hsa-mir-7855,-1.6781144130675414,-1.6813961017933259,0.003281688725784493,0.7681725688312211,0.9902515476964291
5,hsa-mir-3658,-1.690813637792784,-1.694048225246356,0.0032345874535719688,0.8715368349411908,0.9902515476964291
5,hsa-mir-548l,-1.588735433131767,-1.5919487220546713,0.0032132889229044004,0.898682590742754,0.9902515476964291
5,hsa-mir-3192,-0.8658745261563666,-0.8690581290115971,0.0031836028552304496,0.7644775059889615,0.9902515476964291
5,hsa-mir-3149,-1.6593303220405016,-1.6625041019902107,0.0031737799497091324,0.5875913786394447,0.9902515476964291
5,hsa-mir-6884,-0.77295006605901,-0.776095639361106,0.003145573302096083,0.7127324126945519,0.9902515476964291
5,hsa-mir-4782,-1.6753252779468786,-1.6783330644138852,0.0030077864670066123,0.7547777069593659,0.9902515476964291
5,hsa-mir-371b,-1.5699704826837972,-1.572736320000174,0.002765837316376807,0.9610010786346626,0.9915090493849694
5,hsa-mir-3925,-1.509883722652165,-1.5126456154804517,0.0027618928282866495,0.3422618020654777,0.7760587372414901
5,hsa-mir-4790,-1.6398271245012868,-1.6425224812083044,0.0026953567070175932,0.8087274766631062,0.9902515476964291
5,hsa-mir-1469,-1.6909603889450278,-1.6935135410871776,0.002553152142149795,0.8704247585103254,0.9902515476964291
5,hsa-mir-7849,-1.672841877467113,-1.6753116817882987,0.002469804321185709,0.9914313143309987,0.9983803999891305
5,hsa-mir-4681,-1.69162451543654,-1.6940140849954142,0.0023895695588742605,0.9352201699622495,0.9902515476964291
5,hsa-mir-29b-2,5.4417450240622065,5.439434534169196,0.0023104898930101925,0.7285270083143727,0.9902515476964291
5,hsa-mir-6864,-1.681783062742557,-1.6839557424462588,0.0021726797037018297,0.9359006781422595,0.9902515476964291
5,hsa-mir-6830,-1.6111425680641875,-1.6132669345103903,0.00212436644620273,0.8744195315153718,0.9902515476964291
5,hsa-mir-1245b,-1.683487833185165,-1.6856082918907394,0.002120458705574313,0.8355659374725876,0.9902515476964291
5,hsa-mir-8089,-1.6875961735223117,-1.6896846342342917,0.002088460711979989,0.907101277095232,0.9902515476964291
5,hsa-mir-548as,-1.6891482032800444,-1.6910357952188941,0.0018875919388496865,0.9363346693594561,0.9902515476964291
5,hsa-mir-4675,-1.6181637712176675,-1.6199791865962467,0.0018154153785792104,0.6710894948146502,0.9902515476964291
5,hsa-mir-3180-1,-1.6572321671094252,-1.65893746716306,0.001705300053634673,0.9837114665976244,0.9983803999891305
5,hsa-mir-3175,-1.4330936487777621,-1.434569696640354,0.0014760478625919227,0.6664170533092113,0.9902515476964291
5,hsa-mir-4730,-1.5116104256542753,-1.5129790267513405,0.0013686010970652696,0.7515505066647179,0.9902515476964291
5,hsa-mir-6772,-0.9281669401177507,-0.9294863901960914,0.001319450078340667,0.7845078832163888,0.9902515476964291
5,hsa-mir-4485,-1.690940968983271,-1.6920010714345854,0.001060102451314382,0.8715368349411908,0.9902515476964291
5,hsa-mir-603,-1.6930062428720085,-1.6940416979256316,0.0010354550536231244,0.8715368349411908,0.9902515476964291
5,hsa-mir-6077,-1.6941464878134125,-1.6948514451673193,7.049573539068543e-4,0.8093507099334465,0.9902515476964291
5,hsa-mir-4655,-1.6452549142449004,-1.6459556835705584,7.007693256579905e-4,0.9529616972920839,0.9902515476964291
5,hsa-mir-378j,-1.69402647243614,-1.69467409818363,6.476257474898883e-4,0.9104772314565623,0.9902515476964291
5,hsa-mir-559,-1.6729486104780853,-1.6733513354601681,4.027249820828249e-4,0.6092846875183809,0.9902515476964291
5,hsa-mir-598,3.150378659651273,3.1500279858095053,3.5067384176779015e-4,0.9607651432186239,0.9915090493849694
5,hsa-mir-3185,-1.6941464878134125,-1.6944627606969611,3.162728835486295e-4,0.8765558721382238,0.9902515476964291
5,hsa-mir-644a,-1.694749919707038,-1.6949380517328083,1.8813202577039334e-4,0.8093507099334465,0.9902515476964291
5,hsa-mir-7850,-1.445310718508112,-1.4453079911034692,-2.7274046427994136e-6,0.5806238611207692,0.9889448566801011
5,hsa-mir-4487,-1.6516920545968459,-1.6516874847758862,-4.5698209596434225e-6,0.7505879422036388,0.9902515476964291
5,hsa-mir-4670,-1.6675033167174353,-1.6673543867872438,-1.4892993019155476e-4,0.9244703336024666,0.9902515476964291
5,hsa-mir-3128,-1.6940562741504974,-1.693722735041193,-3.335391093044482e-4,0.8715368349411908,0.9902515476964291
5,hsa-mir-4795,-1.671434773746205,-1.6709763764696413,-4.5839727656371565e-4,0.7887325095774458,0.9902515476964291
5,hsa-mir-1282,-1.6886488226422347,-1.6881421914176473,-5.066312245873839e-4,0.9488066419202636,0.9902515476964291
5,hsa-mir-6770-2,-1.6403917312712444,-1.6398656315053504,-5.26099765894017e-4,0.5628080899940543,0.9753853552004943
5,hsa-mir-3164,-1.676494135758206,-1.6759288750624923,-5.652606957136097e-4,0.9685194882088513,0.99366370334443
5,hsa-mir-4429,-1.618480090475492,-1.617847675934676,-6.324145408158621e-4,0.66509800401429,0.9902515476964291
5,hsa-mir-5680,-1.2197858720469055,-1.2190884701575875,-6.974018893179945e-4,0.8002876055673562,0.9902515476964291
5,hsa-mir-3621,-1.691371405669332,-1.690482199250363,-8.892064189691684e-4,0.9313140552614184,0.9902515476964291
5,hsa-mir-378a,11.87111269890255,11.872097768749763,-9.85069847212472e-4,0.851038748237997,0.9902515476964291
5,hsa-mir-4662b,-1.6952563937254561,-1.6942706650646988,-9.857286607573013e-4,0.8715368349411908,0.9902515476964291
5,hsa-mir-3122,-1.7005894561455464,-1.6993581660291242,-0.0012312901164222012,0.994806730353811,0.9983803999891305
5,hsa-mir-661,-1.659846274359412,-1.658580189624092,-0.0012660847353200833,0.8533312786917315,0.9902515476964291
5,hsa-mir-1263,-1.6885428136575424,-1.6872595250643856,-0.0012832885931568505,0.9374492935175227,0.9902515476964291
5,hsa-mir-4452,-1.69162451543654,-1.6902880253820034,-0.00133649005453651,0.9938959014047085,0.9983803999891305
5,hsa-mir-3134,-1.7005894561455464,-1.6992071158813664,-0.0013823402641799376,0.9490906880387419,0.9902515476964291
5,hsa-mir-4301,-1.7005894561455464,-1.6992071158813664,-0.0013823402641799376,0.9490906880387419,0.9902515476964291
5,hsa-mir-4759,-1.7005894561455464,-1.6992071158813664,-0.0013823402641799376,0.9490906880387419,0.9902515476964291
5,hsa-mir-3116-1,-1.6176892658463922,-1.616226513463915,-0.0014627523824770616,0.9550173803147414,0.9902515476964291
5,hsa-mir-6089-1,-1.694083869223133,-1.6924992468678777,-0.0015846223552553607,0.933542484895088,0.9902515476964291
5,hsa-mir-8057,-1.7005894561455464,-1.6989050463488555,-0.0016844097966908222,0.9490906880387419,0.9902515476964291
5,hsa-mir-4454,-1.29562268273422,-1.2937546677444771,-0.0018680149897429832,0.6882514330465119,0.9902515476964291
5,hsa-mir-5591,-1.7005894561455464,-1.6987087456444954,-0.0018807105010509861,0.9490906880387419,0.9902515476964291
5,hsa-mir-8079,-1.7005894561455464,-1.6986855932526135,-0.0019038628929328727,0.994806730353811,0.9983803999891305
5,hsa-mir-4718,-1.7005894561455464,-1.6986737833923677,-0.00191567275317861,0.9490906880387419,0.9902515476964291
5,hsa-mir-4698,-1.7005894561455464,-1.698671349927604,-0.0019181062179423058,0.9490906880387419,0.9902515476964291
5,hsa-mir-586,-1.7005894561455464,-1.698654281434604,-0.0019351747109424,0.9490906880387419,0.9902515476964291
5,hsa-mir-1206,-1.7005894561455464,-1.698575117314475,-0.002014338831071383,0.994806730353811,0.9983803999891305
5,hsa-mir-3923,-1.658753171652663,-1.6566646993806204,-0.002088472272042452,0.930709989759709,0.9902515476964291
5,hsa-mir-4457,-1.6926332237107096,-1.690529314070794,-0.00210390963991558,0.9569691508881069,0.9902515476964291
5,hsa-mir-1184-1,-1.7005894561455464,-1.6984854545528116,-0.0021040015927347167,0.9490906880387419,0.9902515476964291
5,hsa-mir-1322,-1.684172518626776,-1.6820395901151723,-0.0021329285116036267,0.8205261894605856,0.9902515476964291
5,hsa-mir-208b,-1.7005894561455464,-1.6984534032427536,-0.002136052902792729,0.9490906880387419,0.9902515476964291
5,hsa-mir-4327,-1.7005894561455464,-1.6984117064230542,-0.002177749722492184,0.9490906880387419,0.9902515476964291
5,hsa-mir-133a-1,1.2114586498824702,1.2136775421854733,-0.002218892303003095,0.818097360244864,0.9902515476964291
5,hsa-mir-5191,-1.7005894561455464,-1.6983411551414105,-0.0022483010041358664,0.9490906880387419,0.9902515476964291
5,hsa-mir-4321,-1.6936578873439325,-1.691404158698881,-0.002253728645051467,0.8715368349411908,0.9902515476964291
5,hsa-mir-1268a,-1.7005894561455464,-1.6983210379645046,-0.0022684181810417314,0.9490906880387419,0.9902515476964291
5,hsa-mir-6722,-1.684661958724354,-1.6823912547709543,-0.0022707039533997886,0.9717074310815983,0.9946611499260455
5,hsa-mir-4721,-1.6363652180202715,-1.6340708392728174,-0.0022943787474540844,0.7159612240156195,0.9902515476964291
5,hsa-mir-548i-2,-1.7005894561455464,-1.6982590751003677,-0.0023303810451786866,0.9490906880387419,0.9902515476964291
5,hsa-mir-557,-1.7005894561455464,-1.6982316662201988,-0.00235778992534752,0.9490906880387419,0.9902515476964291
5,hsa-mir-3686,-1.7005894561455464,-1.6982223727498542,-0.0023670833956921378,0.9490906880387419,0.9902515476964291
5,hsa-mir-4650-1,-1.7005894561455464,-1.6982074583082005,-0.0023819978373458284,0.9490906880387419,0.9902515476964291
5,hsa-mir-1302-3,-1.7005894561455464,-1.6981759454782919,-0.0024135106672544815,0.9490906880387419,0.9902515476964291
5,hsa-mir-3919,-1.7005894561455464,-1.6981759454782919,-0.0024135106672544815,0.9490906880387419,0.9902515476964291
5,hsa-mir-1297,-1.7005894561455464,-1.698172950676255,-0.0024165054692912857,0.994806730353811,0.9983803999891305
5,hsa-mir-4463,-1.7005894561455464,-1.698083290460293,-0.002506165685253414,0.9490906880387419,0.9902515476964291
5,hsa-mir-122,-1.581389823654624,-1.578797725053164,-0.0025920986014600356,0.5403850677518502,0.9597289465094196
5,hsa-mir-4292,-1.7005894561455464,-1.6979539184313102,-0.0026355377142361913,0.9490906880387419,0.9902515476964291
5,hsa-mir-302b,-1.7005894561455464,-1.6978687975740718,-0.0027206585714745213,0.9490906880387419,0.9902515476964291
5,hsa-mir-4495,-1.7005894561455464,-1.6978687975740718,-0.0027206585714745213,0.9490906880387419,0.9902515476964291
5,hsa-mir-5583-1,-1.7005894561455464,-1.697858021894723,-0.002731434250823339,0.9490906880387419,0.9902515476964291
5,hsa-mir-4300,-1.7005894561455464,-1.6978387899857472,-0.002750666159799131,0.9490906880387419,0.9902515476964291
5,hsa-mir-4520-1,-1.690457861703017,-1.6876498319120634,-0.0028080297909536256,0.735667689749171,0.9902515476964291
5,hsa-mir-7515,-1.7005894561455464,-1.6977235179373737,-0.0028659382081726026,0.9490906880387419,0.9902515476964291
5,hsa-mir-4277,-1.7005894561455464,-1.6976559910353368,-0.002933465110209532,0.9490906880387419,0.9902515476964291
5,hsa-mir-5186,-1.7005894561455464,-1.697628491812687,-0.002960964332859417,0.9490906880387419,0.9902515476964291
5,hsa-mir-4289,-1.7005894561455464,-1.697612827297996,-0.0029766288475503444,0.9490906880387419,0.9902515476964291
5,hsa-mir-3148,-1.6825949750358666,-1.6795764212123723,-0.003018553823494363,0.9359006781422595,0.9902515476964291
5,hsa-mir-3649,-1.7005894561455464,-1.697570023603386,-0.0030194325421604162,0.994806730353811,0.9983803999891305
5,hsa-mir-553,-1.7005894561455464,-1.6975603244995907,-0.0030291316459556406,0.9490906880387419,0.9902515476964291
5,hsa-mir-3674,-1.7005894561455464,-1.6975090531028458,-0.003080403042700519,0.9490906880387419,0.9902515476964291
5,hsa-mir-4317,-1.7005894561455464,-1.697469855846497,-0.003119600299049452,0.9490906880387419,0.9902515476964291
5,hsa-mir-1204,-1.7005894561455464,-1.6974417027982187,-0.003147753347327642,0.9490906880387419,0.9902515476964291
5,hsa-mir-4308,-1.7005894561455464,-1.6974398346894697,-0.0031496214560766678,0.9490906880387419,0.9902515476964291
5,hsa-mir-1253,-1.7005894561455464,-1.6973815806971067,-0.003207875448439701,0.9490906880387419,0.9902515476964291
5,hsa-mir-4540,-1.7005894561455464,-1.6973202102634346,-0.0032692458821117487,0.9490906880387419,0.9902515476964291
5,hsa-mir-5692c-2,-1.7005894561455464,-1.6973038191993124,-0.0032856369462339607,0.9490906880387419,0.9902515476964291
5,hsa-mir-1182,-1.7005894561455464,-1.6972212398828221,-0.0033682162627242107,0.9490906880387419,0.9902515476964291
5,hsa-mir-4504,-1.7005894561455464,-1.6971894512729555,-0.003400004872590845,0.9490906880387419,0.9902515476964291
5,hsa-mir-7853,-1.7005894561455464,-1.6971157807215311,-0.0034736754240152212,0.9490906880387419,0.9902515476964291
5,hsa-mir-4524b,-1.7005894561455464,-1.6970581405402163,-0.003531315605330043,0.9490906880387419,0.9902515476964291
5,hsa-mir-920,-1.7005894561455464,-1.6970210386688371,-0.003568417476709218,0.9490906880387419,0.9902515476964291
5,hsa-mir-548ak,-1.7005894561455464,-1.696854952672238,-0.0037345034733082816,0.9490906880387419,0.9902515476964291
5,hsa-mir-4315-2,-1.7005894561455464,-1.696847616826071,-0.0037418393194752486,0.8879370079947657,0.9902515476964291
5,hsa-mir-1268b,-1.7005894561455464,-1.6967943635761877,-0.0037950925693586157,0.9490906880387419,0.9902515476964291
5,hsa-mir-936,-1.7005894561455464,-1.6967380427510033,-0.0038514133945430906,0.994806730353811,0.9983803999891305
5,hsa-mir-621,-1.6797122394441326,-1.675805423023663,-0.003906816420469639,0.9946445087246757,0.9983803999891305
5,hsa-mir-550b-2,-1.6926332237107096,-1.6886483970109836,-0.003984826699725996,0.9569691508881069,0.9902515476964291
5,hsa-mir-4471,-1.7005894561455464,-1.6965830069106445,-0.004006449234901899,0.8879370079947657,0.9902515476964291
5,hsa-mir-8073,-1.7005894561455464,-1.6965639085688455,-0.004025547576700816,0.8879370079947657,0.9902515476964291
5,hsa-mir-8086,-1.7005894561455464,-1.6965229619674993,-0.004066494178047053,0.9490906880387419,0.9902515476964291
5,hsa-mir-7973-1,-1.7005894561455464,-1.6964058071048667,-0.004183649040679693,0.891279301637576,0.9902515476964291
5,hsa-mir-711,-1.7005894561455464,-1.6963917063110243,-0.004197749834522035,0.9490906880387419,0.9902515476964291
5,hsa-mir-548n,-1.7005894561455464,-1.6963754665700652,-0.004213989575481136,0.8879370079947657,0.9902515476964291
5,hsa-mir-3119-2,-1.7005894561455464,-1.6962770668586837,-0.004312389286862617,0.9490906880387419,0.9902515476964291
5,hsa-mir-630,-1.6854509852481423,-1.6811182022162257,-0.004332783031916643,0.9977805126201786,1
5,hsa-mir-3606,-1.7005894561455464,-1.696218067562605,-0.004371388582941282,0.9490906880387419,0.9902515476964291
5,hsa-mir-8052,-1.7005894561455464,-1.6961940880808466,-0.004395368064699756,0.9490906880387419,0.9902515476964291
5,hsa-mir-4260,-1.7005894561455464,-1.6961250316466827,-0.0044644244988636395,0.994806730353811,0.9983803999891305
5,hsa-mir-6795,-0.9226473355273164,-0.9181602884682084,-0.0044870470591079625,0.8064454144056303,0.9902515476964291
5,hsa-mir-6070,-1.7005894561455464,-1.6960768533198667,-0.004512602825679668,0.9490906880387419,0.9902515476964291
5,hsa-mir-548am,-1.7005894561455464,-1.6960766264841867,-0.004512829661359685,0.8879370079947657,0.9902515476964291
5,hsa-mir-4259,-1.7005894561455464,-1.6959928115647953,-0.004596644580751041,0.8879370079947657,0.9902515476964291
5,hsa-mir-4650-2,-1.7005894561455464,-1.6959852263746065,-0.004604229770939883,0.8879370079947657,0.9902515476964291
5,hsa-mir-328,8.578551903130093,8.583158648694928,-0.004606745564835535,0.7361661873978229,0.9902515476964291
5,hsa-mir-7108,-1.4593376358305428,-1.4546685800432515,-0.004669055787291265,0.702628798076594,0.9902515476964291
5,hsa-mir-7706,4.340106606893821,4.3447816400344275,-0.004675033140606466,0.7975589253657523,0.9902515476964291
5,hsa-mir-208a,-1.6096892795132798,-1.6048949888183985,-0.0047942906948812425,0.9492036976397208,0.9902515476964291
5,hsa-mir-4635,-1.7005894561455464,-1.6957866358840308,-0.004802820261515572,0.8879370079947657,0.9902515476964291
5,hsa-mir-4644,-1.5707749831432622,-1.5659308340206906,-0.004844149122571695,0.9560500147040937,0.9902515476964291
5,hsa-mir-548k,-1.5993742754026032,-1.5944691369078958,-0.004905138494707417,0.772186899363326,0.9902515476964291
5,hsa-mir-2052,-1.7005894561455464,-1.6955465058508514,-0.005042950294694926,0.994806730353811,0.9983803999891305
5,hsa-mir-595,-1.7005894561455464,-1.6954398158582227,-0.005149640287323676,0.9490906880387419,0.9902515476964291
5,hsa-mir-384,-1.7005894561455464,-1.6954348100796546,-0.005154646065891777,0.9490906880387419,0.9902515476964291
5,hsa-mir-4666b,-1.685955425780837,-1.6807566024906648,-0.005198823290172072,0.8855622865645357,0.9902515476964291
5,hsa-mir-875,-1.7005894561455464,-1.6953532967701352,-0.005236159375411109,0.9439561043100015,0.9902515476964291
5,hsa-mir-5188,-1.6481525428085289,-1.6428714636158916,-0.005281079192637206,0.9454127746649322,0.9902515476964291
5,hsa-mir-571,-1.7005894561455464,-1.6952702644995867,-0.00531919164595962,0.8879370079947657,0.9902515476964291
5,hsa-mir-670,-1.6755150143492403,-1.670015407770922,-0.005499606578318383,0.9471985890076228,0.9902515476964291
5,hsa-mir-890,-1.7005894561455464,-1.695001263242732,-0.005588192902814315,0.8879370079947657,0.9902515476964291
5,hsa-mir-2115,-1.454952146541239,-1.449348534520192,-0.0056036120210469775,0.79952237746247945,0.9902515476964291
5,hsa-mir-1178,-1.6720932692268653,-1.6664395459336283,-0.00565372329323699,1,1
5,hsa-mir-1205,-1.7005894561455464,-1.6947917747584007,-0.005797681387145648,0.8879370079947657,0.9902515476964291
5,hsa-mir-3163,-1.6353318648092172,-1.629206491524101,-0.006125373285116309,0.8474720492901221,0.9902515476964291
5,hsa-mir-4480,-1.7005894561455464,-1.6944126707639768,-0.006176785381569516,0.7769826221283122,0.9902515476964291
5,hsa-mir-4497,-1.6719638253057751,-1.665702104671415,-0.006261720634360035,0.781524716179324,0.9902515476964291
5,hsa-mir-548f-4,-1.7005894561455464,-1.69424665129358,-0.006342804851966255,0.8879370079947657,0.9902515476964291
5,hsa-mir-6878,-1.5366700565658469,-1.5303095311158852,-0.006360525449961685,0.9477597990019081,0.9902515476964291
5,hsa-mir-5095,-1.7005894561455464,-1.6941937135321037,-0.006395742613442668,0.9490906880387419,0.9902515476964291
5,hsa-mir-2117,-1.648516363794813,-1.6420831854618791,-0.0064331783329338865,0.9360215216710568,0.9902515476964291
5,hsa-mir-8083,-1.7005894561455464,-1.694134881166031,-0.006454574979515293,0.8879370079947657,0.9902515476964291
5,hsa-mir-4637,-1.7005894561455464,-1.6940139804006058,-0.006575475744940551,0.7706612767561078,0.9902515476964291
5,hsa-mir-4508,-1.7005894561455464,-1.6940129832171418,-0.006576472928404575,0.8879370079947657,0.9902515476964291
5,hsa-mir-548al,-1.7005894561455464,-1.6939775817847154,-0.006611874360830994,0.8283752581749881,0.9902515476964291
5,hsa-mir-4441,-1.7005894561455464,-1.6938848898856111,-0.006704566259935207,0.8879370079947657,0.9902515476964291
5,hsa-mir-3173,1.553905175632435,1.560612664574202,-0.006707488941767092,0.8132723351924509,0.9902515476964291
5,hsa-mir-4320,-1.7005894561455464,-1.69382394409503,-0.006765512050516342,0.8879370079947657,0.9902515476964291
5,hsa-mir-891b,-1.6735258320065194,-1.6666972301446648,-0.006828601861854633,0.8925198440148525,0.9902515476964291
5,hsa-mir-147a,-1.7005894561455464,-1.6936603500571807,-0.006929106088365611,0.9490906880387419,0.9902515476964291
5,hsa-mir-3921,-1.7005894561455464,-1.693464355142872,-0.007125101002674272,0.8283752581749881,0.9902515476964291
5,hsa-mir-3171,-1.6915964554227272,-1.6844277879552987,-0.007168667467428502,0.9938959014047085,0.9983803999891305
5,hsa-mir-4538,-1.6953794975869305,-1.6881159655186868,-0.0072635320682437055,0.9950057214078207,0.9983803999891305
5,hsa-mir-5694,-1.7005894561455464,-1.6932531573361849,-0.007336298809361486,0.8283752581749881,0.9902515476964291
5,hsa-mir-5011,-1.7005894561455464,-1.6932044373707176,-0.007385018774828778,0.8879370079947657,0.9902515476964291
5,hsa-mir-4284,-1.653376293075312,-1.6458642735877775,-0.007512019487534438,0.9156183188888085,0.9902515476964291
5,hsa-mir-5681b,-1.7005894561455464,-1.6930265692489177,-0.007562886896628651,0.8879370079947657,0.9902515476964291
5,hsa-mir-6868,-1.4691936627411524,-1.461605315958102,-0.007588346783050426,0.8214888176637999,0.9902515476964291
5,hsa-mir-378e,-1.6744939810568076,-1.6668558902777662,-0.007638090779041429,0.7526422748522013,0.9902515476964291
5,hsa-mir-302c,-1.7005894561455464,-1.6928780890806376,-0.007711367064908714,0.8283752581749881,0.9902515476964291
5,hsa-mir-1-2,-1.516957115719864,-1.5092397748892679,-0.007717340830596164,0.7314672087577103,0.9902515476964291
5,hsa-mir-548ab,-1.7005894561455464,-1.6927826495190992,-0.007806806626447171,0.7706612767561078,0.9902515476964291
5,hsa-mir-3116-2,-1.665401795319788,-1.6575800954562614,-0.007821699863526543,0.8984651314961443,0.9902515476964291
5,hsa-mir-6072,-1.7005894561455464,-1.6927105132715146,-0.007878942874031791,0.9439561043100015,0.9902515476964291
5,hsa-mir-548ar,-1.6826838782348843,-1.6747851483744416,-0.00789872986044271,0.9034573148838155,0.9902515476964291
5,hsa-mir-3675,-1.7005894561455464,-1.6926889937991463,-0.007900462346400072,0.8283752581749881,0.9902515476964291
5,hsa-mir-7973-2,-1.7005894561455464,-1.6926107798715972,-0.007978676273949104,0.8879370079947657,0.9902515476964291
5,hsa-mir-6859-4,-1.7005894561455464,-1.692540110871997,-0.00804934527354928,0.8879370079947657,0.9902515476964291
5,hsa-mir-6863,-1.6921939572224372,-1.6840744189472197,-0.008119538275217497,0.8882590051621457,0.9902515476964291
5,hsa-mir-6129,-1.7005894561455464,-1.6924220739781193,-0.008167382167427073,0.8357530814288814,0.9902515476964291
5,hsa-mir-3915,-1.7005894561455464,-1.692375794934882,-0.008213661210664247,0.8283752581749881,0.9902515476964291
5,hsa-mir-548ba,-1.7005894561455464,-1.6923460417487843,-0.008243414396762017,0.9388246058808674,0.9902515476964291
5,hsa-mir-6866,-1.6564896988364846,-1.6479803778291764,-0.008509321007308168,0.939513716051485,0.9902515476964291
5,hsa-mir-4417,-1.6720086195224266,-1.6634193533490733,-0.008589266173353316,0.9366352856665965,0.9902515476964291
5,hsa-mir-3195,-1.6406140286277602,-1.6319667251258243,-0.008647303501935877,0.8692462951723342,0.9902515476964291
5,hsa-mir-7856,-1.7005894561455464,-1.6919268675166133,-0.008662588628933099,0.8283752581749881,0.9902515476964291
5,hsa-mir-6752,-1.5501427915625667,-1.5414549125698553,-0.008687878992711395,0.8618413761957386,0.9902515476964291
5,hsa-mir-4285,-1.7005894561455464,-1.69176048551749,-0.008828970628056432,0.8879370079947657,0.9902515476964291
5,hsa-mir-628,-0.29698515866650277,-0.28808630972582844,-0.008898848940674331,0.9700960385856198,0.99366370334443
5,hsa-mir-7975,-1.7005894561455464,-1.6916552410855732,-0.00893421505997316,0.8879370079947657,0.9902515476964291
5,hsa-mir-7150,-1.7005894561455464,-1.6915545338802926,-0.009034922265253709,0.8879370079947657,0.9902515476964291
5,hsa-mir-3184,-1.682262406980531,-1.6731807176667786,-0.009081689313752417,0.9482746802792943,0.9902515476964291
5,hsa-mir-1305,-1.6857399678453089,-1.6765334796649463,-0.009206488180362626,0.8799105479950856,0.9902515476964291
5,hsa-mir-302a,-1.7005894561455464,-1.6913635486990455,-0.00922590744650087,0.8283752581749881,0.9902515476964291
5,hsa-mir-6770-1,-1.6681620847137797,-1.6588743390507263,-0.009287745663053348,0.9062614448260637,0.9902515476964291
5,hsa-mir-6768,-1.686529419472066,-1.6771935923419146,-0.009335827130151353,0.9951804628096782,0.9983803999891305
5,hsa-mir-1537,-1.7005894561455464,-1.6911715911537888,-0.009417864991757563,0.8879370079947657,0.9902515476964291
5,hsa-mir-518d,-1.7005894561455464,-1.6911074755894422,-0.009481980556104164,0.877848931052607,0.9902515476964291
5,hsa-mir-8076,-1.7005894561455464,-1.6908809994466492,-0.009708456698897194,0.9439561043100015,0.9902515476964291
5,hsa-mir-6769a,-0.17134633783049152,-0.16158828523012428,-0.009758052600367245,0.9541931200264745,0.9902515476964291
5,hsa-mir-3935,-1.7005894561455464,-1.6908148289687568,-0.009774627176789563,0.8879370079947657,0.9902515476964291
5,hsa-mir-3656,-1.6136814402797592,-1.603887948546989,-0.009793491732770221,0.8148138638987813,0.9902515476964291
5,hsa-mir-4450,-1.61709434143814,-1.6072656005269355,-0.009828740911204559,0.6484725534633657,0.9902515476964291
5,hsa-mir-1244-1,-1.6839457523446648,-1.6740562511186743,-0.009889501225990527,0.8883320421794316,0.9902515476964291
5,hsa-mir-610,-1.7005894561455464,-1.6906658971411703,-0.009923559004376026,0.7706612767561078,0.9902515476964291
5,hsa-mir-892c,-1.696305237824828,-1.6863681695397286,-0.009937068285099437,0.8776692160298071,0.9902515476964291
5,hsa-mir-4507,-1.6753210545599568,-1.665344459370167,-0.009976595189789883,0.8445828220112586,0.9902515476964291
5,hsa-mir-3689b,-1.7005894561455464,-1.690545631269027,-0.010043824876519336,0.8283752581749881,0.9902515476964291
5,hsa-mir-548ah,-1.7005894561455464,-1.6904262986717986,-0.010163157473747741,0.7706612767561078,0.9902515476964291
5,hsa-mir-1470,-1.7005894561455464,-1.6903966857237611,-0.010192770421785236,0.8879370079947657,0.9902515476964291
5,hsa-mir-2861,-1.6807120628328693,-1.6704592128282159,-0.01025285000465348,0.9946454051199587,0.9983803999891305
5,hsa-mir-3910-2,-1.7005894561455464,-1.6900241182140894,-0.010565337931456975,0.6659894625208855,0.9902515476964291
5,hsa-mir-4511,-1.6736998508804897,-1.6630663101221979,-0.010633540758291815,0.5665524480484696,0.9787617042697814
5,hsa-mir-548aw,-1.5451720475438855,-1.5344777228245385,-0.010694324719346948,0.8557665235288586,0.9902515476964291
5,hsa-mir-4678,-1.7005894561455464,-1.6897264641197796,-0.010862992025766793,0.8283752581749881,0.9902515476964291
5,hsa-mir-501,7.703404271368083,7.71429470874598,-0.0108904373778973,0.6942046646229276,0.9902515476964291
5,hsa-mir-4465,-1.6509840966477372,-1.6399845946671388,-0.010999501980598403,0.9499233889390174,0.9902515476964291
5,hsa-mir-1199,-1.6269049770029136,-1.6158171456254193,-0.01108783137749425,0.92395972472100385,0.9902515476964291
5,hsa-mir-6719,-1.7005894561455464,-1.689483999974144,-0.01110545617140235,0.8234421055483518,0.9902515476964291
5,hsa-mir-3145,-1.7005894561455464,-1.689477069073017,-0.011112387072529373,0.7706612767561078,0.9902515476964291
5,hsa-mir-663b,-1.6866559989819214,-1.675470075020416,-0.011185923961505528,1,1
5,hsa-mir-4281,-1.7005894561455464,-1.6893679209891517,-0.01122153515639468,0.8283752581749881,0.9902515476964291
5,hsa-mir-3126,-1.275780782161326,-1.264540826212334,-0.011239955948991964,0.8970977828295225,0.9902515476964291
5,hsa-mir-3186,-1.6362346364547873,-1.6248328367807647,-0.01140179967402255,0.8504257949912974,0.9902515476964291
5,hsa-mir-4482,-1.597736106708526,-1.5863268465447316,-0.01140926016379451,0.9824400166206791,0.9983803999891305
5,hsa-mir-4634,-1.6826853173473222,-1.6710758198387974,-0.011609497508524802,0.9471985890076228,0.9902515476964291
5,hsa-mir-3689e,-1.7005894561455464,-1.6886719370608076,-0.011917519084738704,0.7706612767561078,0.9902515476964291
5,hsa-mir-4671,-1.7005894561455464,-1.6886544017103353,-0.011935054435211034,0.7706612767561078,0.9902515476964291
5,hsa-mir-3591,-1.7005894561455464,-1.6885032091941798,-0.012086246951366508,0.7706612767561078,0.9902515476964291
5,hsa-mir-378h,-1.7005894561455464,-1.6883461798375885,-0.012243276307957851,0.7769826221283122,0.9902515476964291
5,hsa-mir-591,-1.7005894561455464,-1.6882582949980596,-0.01233116114748678,0.8234421055483518,0.9902515476964291
5,hsa-mir-3139,-1.6778683381970025,-1.6655331951657453,-0.012335143031257267,0.8255496519733021,0.9902515476964291
5,hsa-mir-4425,-1.7005894561455464,-1.6882423021576638,-0.012347153987882553,0.7658642114380262,0.9902515476964291
5,hsa-mir-5695,-1.6696913788434071,-1.657313439422568,-0.012377939420839201,0.7953251046999572,0.9902515476964291
5,hsa-mir-648,-1.7005894561455464,-1.6882090155884837,-0.012380440557062666,0.8185161611341091,0.9902515476964291
5,hsa-mir-4506,-1.6818932047411659,-1.6694390592142234,-0.012454145526942462,0.8297395317044194,0.9902515476964291
5,hsa-mir-3663,-1.6586160973729853,-1.645893573251384,-0.012722524121601353,0.9661027400403096,0.9933670607535291
5,hsa-mir-5681a,-1.7005894561455464,-1.6878320509812144,-0.012757405164331992,0.7706612767561078,0.9902515476964291
5,hsa-mir-4659b,-1.6875181535067703,-1.6747249430118312,-0.012793210494939089,0.9399446019841163,0.9902515476964291
5,hsa-mir-1972-1,-1.7005894561455464,-1.6877666862730174,-0.01282276987252895,0.6176087075371497,0.9902515476964291
5,hsa-mir-8085,-1.5852815060728453,-1.5721425127976483,-0.013138993275197075,0.671305981702623,0.9902515476964291
5,hsa-mir-593,-1.7005894561455464,-1.6874005289092235,-0.013188927236322812,0.8283752581749881,0.9902515476964291
5,hsa-mir-4424,-1.7005894561455464,-1.6873544229954285,-0.01323503315011787,0.8185161611341091,0.9902515476964291
5,hsa-mir-5691,-1.6726184828090942,-1.6592993886934022,-0.013319094115691987,0.9254052138176366,0.9902515476964291
5,hsa-mir-5692c-1,-1.7005894561455464,-1.687154158482591,-0.013435297662955259,0.7706612767561078,0.9902515476964291
5,hsa-mir-4794,-1.6588429868688124,-1.6451467457953994,-0.01369624107341294,0.8958739131358905,0.9902515476964291
5,hsa-mir-4418,-1.7005894561455464,-1.6868849740301817,-0.01370448211536468,0.7150113455462247,0.9902515476964291
5,hsa-mir-579,-0.34755989146395494,-0.3338341965855312,-0.013725694878423733,0.7523671856092139,0.9902515476964291
5,hsa-mir-365b,6.91448991613354,6.928512340053034,-0.014022423919493932,0.7915364063720455,0.9902515476964291
5,hsa-mir-4645,-1.394672529908467,-1.380139785853543,-0.014532744054924107,0.6833339170775651,0.9902515476964291
5,hsa-mir-3168,-1.6449287502248675,-1.6302000696074697,-0.014728680617397849,0.6895213560489457,0.9902515476964291
5,hsa-mir-3688-2,-1.6819103547232357,-1.6671650455643525,-0.014745309158883169,0.966622562964011,0.9933670607535291
5,hsa-mir-448,-1.6826434490772442,-1.667824770952046,-0.014818678125198215,0.7692275401738822,0.9902515476964291
5,hsa-mir-3929,-1.6805012969068716,-1.665656179380342,-0.014845117526529616,0.7789484818510329,0.9902515476964291
5,hsa-mir-6081,-1.6652255127737363,-1.6503212731815429,-0.014904239592193447,0.7448061348310457,0.9902515476964291
5,hsa-mir-4789,-1.7005894561455464,-1.6856800254463948,-0.014909430699151516,0.8283752581749881,0.9902515476964291
5,hsa-mir-4773-2,-1.6132074344141882,-1.598287342169949,-0.01492009224423918,0.7833661180070346,0.9902515476964291
5,hsa-mir-8066,-1.7005894561455464,-1.6855067122391905,-0.015082743906355889,0.7150113455462247,0.9902515476964291
5,hsa-mir-5702,-1.7005894561455464,-1.6854503001141297,-0.01513915603141669,0.8283752581749881,0.9902515476964291
5,hsa-mir-4440,-1.7005894561455464,-1.685419846279915,-0.015169609865631317,0.8283752581749881,0.9902515476964291
5,hsa-mir-3609,-0.02985005343983414,-0.014189176330566043,-0.015660877109268098,0.7612768393631548,0.9902515476964291
5,hsa-mir-575,-1.6896887046895464,-1.6739282653718153,-0.01576043931773108,0.5763744136001927,0.986181769353524
5,hsa-mir-5584,-1.6810469734091242,-1.6652428752295678,-0.015804098179556414,0.8270736871392851,0.9902515476964291
5,hsa-mir-4663,-1.683013148864865,-1.6667569245577307,-0.016256224307134248,0.8346952658543432,0.9902515476964291
5,hsa-mir-2682,-1.680169201178704,-1.6638518532626358,-0.016317347916068092,0.9994644926514712,1
5,hsa-mir-888,-1.6819426350040647,-1.6655989406709446,-0.016343694333120107,0.7280952757198099,0.9902515476964291
5,hsa-mir-548x,-1.7005894561455464,-1.6840674186982532,-0.016522037447293192,0.7706612767561078,0.9902515476964291
5,hsa-mir-23a,11.167126717125964,11.183714293698717,-0.01658757657275345,0.8296715793834658,0.9902515476964291
5,hsa-mir-4662a,0.5579438824113017,0.5746291501258463,-0.016685267714544594,0.9878312316281553,0.9983803999891305
5,hsa-mir-3689a,-1.7005894561455464,-1.6839010236844905,-0.01668843246105589,0.6616025839136968,0.9902515476964291
5,hsa-mir-4744,-1.7005894561455464,-1.6838728479154181,-0.016716608230128216,0.7150113455462247,0.9902515476964291
5,hsa-mir-3912,-1.5264977979203669,-1.5094572454092046,-0.01704055251116232,0.8651493613041791,0.9902515476964291
5,hsa-mir-1265,-1.7005894561455464,-1.6831316522683661,-0.01745780387718021,0.8234421055483518,0.9902515476964291
5,hsa-mir-548ao,-1.7005894561455464,-1.683129324982237,-0.017460131163309356,0.7150113455462247,0.9902515476964291
5,hsa-mir-5580,-1.6293142981728663,-1.6118137823483272,-0.017500515824539153,0.7465351272469798,0.9902515476964291
5,hsa-mir-4459,-1.7005894561455464,-1.682989936187309,-0.017599519958237275,0.8234421055483518,0.9902515476964291
5,hsa-mir-3611,-1.7005894561455464,-1.6829086567536764,-0.01768079939186995,0.7706612767561078,0.9902515476964291
5,hsa-mir-3920,-1.691870084305345,-1.6741260446950583,-0.01774403961028659,0.6757018515116099,0.9902515476964291
5,hsa-mir-4445,-1.7005894561455464,-1.6827772825850706,-0.017812173560475708,0.8879370079947657,0.9902515476964291
5,hsa-mir-378f,-1.4664744437902661,-1.4485849978753893,-0.017889445914876845,0.6729964967110695,0.9902515476964291
5,hsa-mir-4729,-1.7005894561455464,-1.6826984973036168,-0.017890958841929594,0.6616025839136968,0.9902515476964291
5,hsa-mir-3916,-1.5138456765025108,-1.4958628223215429,-0.0179828541809679,0.9590731294552343,0.9914871318423893
5,hsa-mir-4766,-1.6597385278992172,-1.641376861245883,-0.018361666653334163,0.9010558283227769,0.9902515476964291
5,hsa-mir-4315-1,-1.7005894561455464,-1.6821989886060262,-0.018390467539520117,0.6571330045754173,0.9902515476964291
5,hsa-mir-1289-2,-1.7005894561455464,-1.682168402034763,-0.01842105411078343,0.6097397750537709,0.9902515476964291
5,hsa-mir-7978,-1.6781771351920498,-1.659641064560479,-0.0185360706315707,0.654872563898856,0.9902515476964291
5,hsa-mir-1298,-1.2566659163197962,-1.2381142357191832,-0.018551680600612963,0.915999359391178,0.9902515476964291
5,hsa-mir-7847,-1.672769621081245,-1.6542086260527211,-0.01856099502852393,0.7750923482724301,0.9902515476964291
5,hsa-mir-4448,-1.7005894561455464,-1.681426832778865,-0.019162623366681286,0.6105741174759851,0.9902515476964291
5,hsa-mir-5706,-1.6373465459224534,-1.6180010438574468,-0.019345502065006626,0.9267212938540974,0.9902515476964291
5,hsa-mir-614,-1.668562594289996,-1.6491790352890885,-0.01938355900090749,0.9572431627732148,0.9902515476964291
5,hsa-mir-4684,-1.5609806955913412,-1.5414623593009162,-0.019518336290424987,0.6409426622505092,0.9902515476964291
5,hsa-mir-550b-1,-1.6926332237107096,-1.6725897953293127,-0.020043428381396833,0.713026006890839,0.9902515476964291
5,hsa-mir-5682,-1.6560913023181434,-1.6359033958358118,-0.020187906482331597,0.8818346438758506,0.9902515476964291
5,hsa-mir-4539,-1.686137097278372,-1.6658458401980358,-0.02029125708033619,0.6686519245304618,0.9902515476964291
5,hsa-mir-4451,-1.6898870623041111,-1.6695775932074244,-0.02030946909668674,0.4927607332087372,0.9219276146568831
5,hsa-mir-4536-1,-1.6904657013863198,-1.669966172393867,-0.020499528992452776,0.7685715696642055,0.9902515476964291
5,hsa-mir-4661,3.7853020968768862,3.8058136483831833,-0.02051155150629702,0.9436632049151437,0.9902515476964291
5,hsa-mir-526a-2,-1.7005894561455464,-1.679970362926115,-0.02061909321943145,0.6526752608640066,0.9902515476964291
5,hsa-mir-3153,-1.6337690524621267,-1.6131054598720223,-0.020663592590104418,0.9170345540407616,0.9902515476964291
5,hsa-mir-4496,-1.690009290769276,-1.6691341753788191,-0.020875115390456944,0.8207465160142341,0.9902515476964291
5,hsa-mir-4494,-1.6162424714715422,-1.595200951120449,-0.02104152035109319,0.6624692788633916,0.9902515476964291
5,hsa-mir-376b,-1.601397018005257,-1.5803030385779466,-0.021093979427310394,0.953955839872538,0.9902515476964291
5,hsa-mir-3685,-1.6447380569585337,-1.6234458763403843,-0.021292180618149414,0.6606841539785228,0.9902515476964291
5,hsa-mir-5092,-1.3076499165288324,-1.286322504954598,-0.021327411574234345,0.8702893353753731,0.9902515476964291
5,hsa-mir-604,-1.689835874788502,-1.6684931369475742,-0.021342737840927883,0.7713728206780729,0.9902515476964291
5,hsa-mir-1539,-1.48066903327624,-1.4592796428054595,-0.02138939047078048,0.7543359031817468,0.9902515476964291
5,hsa-mir-5697,-1.7005894561455464,-1.6788766404940396,-0.021712815651506734,0.5101806569891294,0.939392594401941
5,hsa-mir-548ag-2,-1.6340359601565162,-1.6119470786034225,-0.022088881553093742,0.9646942336268773,0.9933670607535291
5,hsa-mir-1254-2,2.160153980110438,2.182288889083233,-0.02213490897279513,0.6684371937024447,0.9902515476964291
5,hsa-mir-4774,-1.7005894561455464,-1.67834063770547,-0.022248818440076423,0.5538648976970137,0.9653957993378116
5,hsa-mir-4764,-1.6933322302887837,-1.6710550537315745,-0.022277176557209177,0.5231888299075196,0.9468382536609403
5,hsa-mir-653,-1.1271326442107032,-1.1047367904703491,-0.022395853740354132,0.6768482814001869,0.9902515476964291
5,hsa-mir-548d-2,-1.6363955291762509,-1.613975323853674,-0.022420205322576825,0.9000444479104586,0.9902515476964291
5,hsa-mir-4771-1,-1.686137097278372,-1.6636880155369926,-0.022449081741379384,0.5267990084461613,0.9478736484152385
5,hsa-mir-3680-1,-0.6167151742791015,-0.5942331527339223,-0.022482021545179198,0.8420723236267096,0.9902515476964291
5,hsa-mir-764,-1.6941464878134125,-1.671450704929073,-0.022695782884339488,0.9455088285375324,0.9902515476964291
5,hsa-mir-3918,-1.101061867490465,-1.0783426205437199,-0.02271924694674521,0.9118509690659437,0.9902515476964291
5,hsa-mir-6844,-1.7005894561455464,-1.6775310385545266,-0.023058417591019786,0.7150113455462247,0.9902515476964291
5,hsa-mir-4313,-1.7005894561455464,-1.6774966543834828,-0.02309280176206352,0.6062897306833224,0.9902515476964291
5,hsa-mir-3692,-1.6368959104943916,-1.6136031529267132,-0.023292757567678457,0.9291049563249599,0.9902515476964291
5,hsa-mir-3141,-1.6744753846191545,-1.6509182305117116,-0.023557154107442857,0.7164722609737367,0.9902515476964291
5,hsa-mir-663a,-1.7005894561455464,-1.6769655342566212,-0.023623921888925148,0.6062897306833224,0.9902515476964291
5,hsa-mir-5047,-1.6854509852481423,-1.6617049262154224,-0.02374605903271987,0.6691111222422342,0.9902515476964291
5,hsa-mir-4435-1,-1.4245427602575902,-1.400743164901905,-0.0237995953556851,0.866551621037392,0.9902515476964291
5,hsa-mir-6839,-1.6907939580319507,-1.6665576515473641,-0.024236306484586523,0.6638052112446724,0.9902515476964291
5,hsa-mir-3155a,-0.7924830452482595,-0.7680611834881392,-0.02442186176012029,0.7894993705966523,0.9902515476964291
5,hsa-mir-6826,-0.7292602444314563,-0.7047404701502951,-0.024519774281161255,0.8045521363922011,0.9902515476964291
5,hsa-mir-3945,-1.6819060370578576,-1.6573029667942842,-0.024603070263573334,0.8750339486764449,0.9902515476964291
5,hsa-mir-6759,-1.6171888605078653,-1.5924215586314023,-0.02476730187646292,0.8792686157819698,0.9902515476964291
5,hsa-mir-6073,-1.6742788211712456,-1.6493283817402258,-0.024950439431019822,0.5813374281935785,0.9889448566801011
5,hsa-mir-365a,6.920811321686065,6.945829718346333,-0.025018396660268394,0.7915364063720455,0.9902515476964291
5,hsa-mir-4676,0.9827373725192413,1.0081006910376773,-0.025363318518435984,0.834520975119566,0.9902515476964291
5,hsa-mir-548y,-1.687322933680592,-1.6619268516172807,-0.02539608206331123,0.7317364049593565,0.9902515476964291
5,hsa-mir-489,-1.5953899548507795,-1.5699811584553607,-0.02540879639541882,0.7410604917644841,0.9902515476964291
5,hsa-mir-6506,-1.619827929688121,-1.5941939168050603,-0.025634012883060775,0.3902056889643459,0.8270854671521564
5,hsa-mir-4769,-1.50953100992441,-1.4837628029005725,-0.02576820702383742,0.926131292443304,0.9902515476964291
5,hsa-mir-549a,-1.2782637913213026,-1.2523638330622422,-0.02589995825906044,0.7628034618140676,0.9902515476964291
5,hsa-mir-4536-2,-1.6926769722420283,-1.6662194203554093,-0.026457551886619024,0.37473293246441447,0.8187442221911576
5,hsa-mir-6879,0.5586764068964749,0.5852734116738253,-0.026597004777350386,0.7246115643294808,0.9902515476964291
5,hsa-mir-216b,-1.4657442961660447,-1.4390117745485658,-0.026732521617478966,0.4131467010805671,0.8528355837348222
5,hsa-mir-5192,-1.6833465179831086,-1.6562912994931833,-0.027055218489925315,0.5854512676236103,0.9902515476964291
5,hsa-mir-544b,-1.626911217360024,-1.5994378567122918,-0.027473360647732203,0.6861338015202105,0.9902515476964291
5,hsa-mir-5687,-1.7005894561455464,-1.672876920243807,-0.027712535901739388,0.4740280921966458,0.9073421151248681
5,hsa-mir-3165,-1.7005894561455464,-1.6728119248516724,-0.027777531293873947,0.5121499772949943,0.939392594401941
5,hsa-mir-5696,-1.3721383875508653,-1.3439898382811382,-0.028148549269727097,0.7875505641155822,0.9902515476964291
5,hsa-mir-4771-2,-1.6935067836006912,-1.6651958223474912,-0.028310961253199984,0.6027354070431734,0.9902515476964291
5,hsa-mir-4731,-1.5645527668044918,-1.5357984019991728,-0.02875436480531901,0.5616745931987495,0.9753853552004943
5,hsa-mir-3684,-1.6301378984429358,-1.600763384175341,-0.029374514267594742,0.9100004857461914,0.9902515476964291
5,hsa-mir-1-1,-1.5283235925763927,-1.498895217049485,-0.029428375526907802,0.6814605509969767,0.9902515476964291
5,hsa-mir-4786,0.7779489679847252,0.807405345194137,-0.029456377209411744,0.6030715440302585,0.9902515476964291
5,hsa-mir-876,-1.6861583533536844,-1.656268991495385,-0.02988936185829938,0.8810109527641519,0.9902515476964291
5,hsa-mir-548au,-1.6862366270590412,-1.6559924481700565,-0.030244178888984674,0.7606270522049883,0.9902515476964291
5,hsa-mir-650,-1.7005894561455464,-1.6700196948647261,-0.03056976128082023,0.5082785177287611,0.9383603404223282
5,hsa-mir-1284,-0.93790200290194,-0.9072702735592504,-0.03063172934268965,0.738941298444813,0.9902515476964291
5,hsa-mir-4436b-2,-1.6468677799702705,-1.6160755169344059,-0.030792263035864575,0.46593543620283245,0.9018105216829015
5,hsa-mir-5190,-1.6909603889450278,-1.6601526577877412,-0.030807731157286522,0.5673232524760805,0.9790091525029708
5,hsa-mir-7704,-1.523417185755616,-1.4925722777052737,-0.030844908050342346,0.7407072047172436,0.9902515476964291
5,hsa-mir-450b,-1.294252927388801,-1.263351846401023,-0.030901080987778107,0.38838761742501154,0.8265821052974325
5,hsa-mir-4779,-1.5977898462912754,-1.5664913882190195,-0.03129845807225595,0.49339384614245824,0.9219276146568831
5,hsa-mir-6757,-1.310817729983109,-1.2793352340188655,-0.03148249596424346,0.5946812854111632,0.9902515476964291
5,hsa-mir-7844,-1.4537760769019987,-1.4221825092347689,-0.03159356766722987,0.9330144082770788,0.9902515476964291
5,hsa-mir-4785,-0.39758212920951175,-0.36582132769414016,-0.031760801515371584,0.638827324972296,0.9902515476964291
5,hsa-mir-581,-1.6353937826799807,-1.6036316413625455,-0.031762141317435155,0.48529633642320336,0.915432025175571
5,hsa-mir-6780b,-0.7772040471727282,-0.7454062651472199,-0.031797782025508314,0.7088344895106911,0.9902515476964291
5,hsa-mir-638,-1.6761772785523479,-1.6442043058279088,-0.03197297272443911,0.6130600913997162,0.9902515476964291
5,hsa-mir-218-2,1.4766480970283573,1.5086315842912315,-0.031983487262874144,0.8442983219474102,0.9902515476964291
5,hsa-mir-3689f,-1.7005894561455464,-1.668173162554085,-0.032416293591461365,0.5121499772949943,0.939392594401941
5,hsa-mir-124-2,-1.6517731007838137,-1.619337445709487,-0.032435655074326775,0.5573863819645237,0.9704495043132333
5,hsa-mir-526a-1,-1.7005894561455464,-1.66811767613454,-0.03247178001100637,0.5538648976970137,0.9653957993378116
5,hsa-mir-6801,-1.09442405812847,-1.0616101020352968,-0.03281395609317328,0.8625221721587812,0.9902515476964291
5,hsa-mir-3202-2,-1.4530716866066535,-1.4201212528410987,-0.03295043376555484,0.5880683860790781,0.9902515476964291
5,hsa-mir-4532,-1.6858468977279706,-1.652830731197409,-0.0330161665305615,0.7159734529948716,0.9902515476964291
5,hsa-mir-6505,-1.464356184018648,-1.4313102651809644,-0.03304591883768371,0.4753824004361384,0.9086315771539778
5,hsa-mir-3178,-0.7654962180523773,-0.7323200337022038,-0.033176184350173554,0.905806468635516,0.9902515476964291
5,hsa-mir-4797,-0.8699870171891654,-0.8367628239311699,-0.03322419325799553,0.8085021610974243,0.9902515476964291
5,hsa-mir-4458,-1.676231746258417,-1.6429562137222247,-0.03327553253619242,0.494954165341052,0.9228240011455262
5,hsa-mir-4799,-1.5647103793839434,-1.5311390066296222,-0.033571372754321205,0.8803981617932757,0.9902515476964291
5,hsa-mir-4746,3.1518833660461736,3.185487585522041,-0.033604219475867225,0.6022176390235332,0.9902515476964291
5,hsa-mir-3665,-1.7005894561455464,-1.6668919158930564,-0.033697540252489944,0.6062897306833224,0.9902515476964291
5,hsa-mir-3688-1,-1.6703172423403094,-1.636526484760983,-0.03379075757932637,0.6542830597345177,0.9902515476964291
5,hsa-mir-5094,-1.6569917249046668,-1.623136671609814,-0.033855053294852944,0.4535771864261298,0.8911592075878622
5,hsa-mir-3074,4.6314431179327356,4.665408717823393,-0.033965599890657394,0.8345450101163682,0.9902515476964291
5,hsa-mir-4778,-1.6631766737570939,-1.6291796170379702,-0.033997056719123675,0.44736659109744364,0.8856495965888478
5,hsa-mir-6716,1.6291508436921396,1.6634167792333352,-0.034265935541195613,0.47276134160678857,0.9065385677741491
5,hsa-mir-622,-1.5581638296864009,-1.523749954836959,-0.034413874849441806,0.7504716186894376,0.9902515476964291
5,hsa-mir-5585,-1.6608078738329888,-1.6260248287678278,-0.034783045065160945,0.7129348949255712,0.9902515476964291
5,hsa-mir-573,-1.679355316412951,-1.6445026963862226,-0.03485262002672851,0.6615396861460312,0.9902515476964291
5,hsa-mir-4777,-1.677889959209992,-1.6430311513169131,-0.034858807893078936,0.4171662831872868,0.8571185884500075
5,hsa-mir-938,-1.6679288787098023,-1.6326380264752511,-0.035290852234551195,0.4261739955557593,0.8622975785564001
5,hsa-mir-3160-1,-1.7005894561455464,-1.6651846308622484,-0.035404825283297914,0.39035298337402985,0.8270854671521564
5,hsa-mir-4666a,-1.69402647243614,-1.6585370445471894,-0.0354894278889506,0.33587308674179467,0.7682727497319644
5,hsa-mir-3914-1,-1.6823874380638473,-1.6465595533739708,-0.03582788468987652,0.41217305913909597,0.8528355837348222
5,hsa-mir-4521,0.7252627954370782,0.761209422605784,-0.03594662716870578,0.42230050594838375,0.861161816051606
5,hsa-mir-4306,-1.6450423460106156,-1.609085147786678,-0.0359571982239375,0.2544542296092728,0.6496703734704837
5,hsa-mir-198,-1.6740852151205314,-1.6377327163486828,-0.03635249877184865,0.8639380643558897,0.9902515476964291
5,hsa-mir-3679,-0.29544682254866417,-0.2583762824441859,-0.037070540104478245,0.8469555198730838,0.9902515476964291
5,hsa-mir-4726,-0.5035084550414662,-0.46643657569348557,-0.037071879347980674,0.750361064081249,0.9902515476964291
5,hsa-mir-548f-1,-1.6930062428720085,-1.655596767150464,-0.037409475721544405,0.6662003874057763,0.9902515476964291
5,hsa-mir-4530,-1.6492956078105805,-1.6115389261006987,-0.03775668170988178,0.6292995715025242,0.9902515476964291
5,hsa-mir-28,12.261882247485735,12.29973953156634,-0.03785728408060507,0.46461953594216204,0.9015005921265831
5,hsa-mir-6861,-1.5498625776345523,-1.5117989665971512,-0.03806361103740108,0.970080251541041,0.99366370334443
5,hsa-mir-627,-1.4855621343198266,-1.4472566562441669,-0.03830547807565976,0.6220336592603344,0.9902515476964291
5,hsa-mir-3160-2,-1.6941331254329595,-1.6555659856374665,-0.03856713979549298,0.3975698049081752,0.834736064140987
5,hsa-mir-6890,-1.0816249055000207,-1.04299862782731,-0.03862627767271065,0.650991443025616,0.9902515476964291
5,hsa-mir-744,7.078450161267582,7.117497233483658,-0.03904707221607673,0.3723310724400702,0.8169597021327301
5,hsa-mir-1294,-1.0092797912409326,-0.9700742351863431,-0.03920555605458953,0.9752296483358068,0.9963053381819638
5,hsa-mir-6853,-0.4307297742573587,-0.3914718092312364,-0.03925796502612228,0.9255519934945965,0.9902515476964291
5,hsa-mir-4310,-1.7005894561455464,-1.6612020721997791,-0.03938738394576724,0.3214743207132104,0.7507143205245081
5,hsa-mir-4258,-1.7005894561455464,-1.6611838917252355,-0.039405564420310846,0.3936105849300305,0.8284151460154474
5,hsa-mir-7851,-1.6055268791498873,-1.5657708515568747,-0.039756027593012666,0.5089999830285625,0.9385815289888387
5,hsa-mir-6802,1.8143783684676396,1.854156125686697,-0.03977775721905741,0.8290628404415799,0.9902515476964291
5,hsa-mir-6502,-1.5605136466135607,-1.5207054853400006,-0.03980816127356013,0.5449629013365767,0.960710649353197
5,hsa-mir-4436b-1,-1.6454980736948954,-1.6056174806241181,-0.03988059307077729,0.4077784476304025,0.8463282631103067
5,hsa-mir-153-1,-1.6539216732752382,-1.614014396038146,-0.03990727723709231,0.6647290839570448,0.9902515476964291
5,hsa-mir-718,-1.4990504133027174,-1.4590836985515006,-0.039966714751216825,0.4730271757488188,0.9065385677741491
5,hsa-mir-193a,10.915410864048404,10.955697485406965,-0.04028662135856109,0.915737467951588,0.9902515476964291
5,hsa-mir-4642,-1.6765249662647363,-1.6362164695452237,-0.04030849671951264,0.608137139162068,0.9902515476964291
5,hsa-mir-4734,-0.7490234157486126,-0.708657014473207,-0.040366401275405694,0.9264848897568545,0.9902515476964291
5,hsa-mir-1248,3.4843588216801775,3.5249621748901627,-0.040603353209985205,0.7604271027749062,0.9902515476964291
5,hsa-mir-373,-1.548715474543827,-1.5078899790523246,-0.040825495491502384,0.8168715304542892,0.9902515476964291
5,hsa-mir-6895,-0.21757004102511657,-0.17673343475111147,-0.040836606274005094,0.9808379109317941,0.9982540374493902
5,hsa-mir-941-1,-1.6723652465722454,-1.6312860133929163,-0.041079233179329044,0.573384662027678,0.9851102122942486
5,hsa-mir-6754,-0.5508713918888074,-0.5095343884665308,-0.04133700342227664,0.8085644002112872,0.9902515476964291
5,hsa-mir-138-1,-1.4327657964685465,-1.390631284942644,-0.04213451152590242,0.10748767346835873,0.3908642671576681
5,hsa-mir-6076,-1.63000666384242,-1.5877010768367155,-0.042305587005704526,0.3518437201596051,0.7908879012233198
5,hsa-mir-4752,-1.6894484986372413,-1.6470832235264183,-0.042365275110823,0.4813953283752599,0.9119789450126446
5,hsa-mir-3942,-1.6713986815537296,-1.6288786810157199,-0.04252000053800975,0.9105812338119599,0.9902515476964291
5,hsa-mir-4659a,-1.619197172642149,-1.5765505749781124,-0.04264659766403667,0.4723362044830141,0.9065385677741491
5,hsa-mir-922,-1.6685128849033497,-1.6258100229336716,-0.042702861969678096,0.7572801150473802,0.9902515476964291
5,hsa-mir-1250,-1.1573374964550291,-1.1143226405604105,-0.04301485589461862,0.45243804929740217,0.8911034048825534
5,hsa-mir-3182,-1.67567516689538,-1.6321606904006458,-0.04351447649473417,0.38445024394795324,0.8236872148114934
5,hsa-mir-4783,-1.5975067246277712,-1.5539778827762991,-0.0435288418514721,0.9981991185749642,1
5,hsa-mir-3914-2,-1.6918714596989788,-1.6483266434540802,-0.04354481624489859,0.2482813611128775,0.6413142046177107
5,hsa-mir-6849,-0.9341412329156334,-0.8901160293046761,-0.0440252036109573,0.9368459155294169,0.9902515476964291
5,hsa-mir-3180-3,-1.6874533989272853,-1.6431772954543884,-0.0442761034728969,0.25866485726390986,0.6576588986544809
5,hsa-mir-6817,-1.5056116754294093,-1.4611528942263117,-0.04445878120309765,0.8127017539017508,0.9902515476964291
5,hsa-mir-1293,-1.1395832444989005,-1.0950593654483514,-0.04452387905054911,0.6605038423076297,0.9902515476964291
5,hsa-mir-7-3,-1.3706045872984387,-1.3257021000942393,-0.044902487204199426,0.9480742947867683,0.9902515476964291
5,hsa-mir-1912,-1.577620224588605,-1.5326879382113816,-0.04493228637722346,0.7216191187822282,0.9902515476964291
5,hsa-mir-548j,-1.4609200891559937,-1.4158594160588733,-0.04506067309712036,0.6418253023663476,0.9902515476964291
5,hsa-mir-521-2,-1.3919934898671535,-1.346843840783888,-0.045149649083265464,0.7464123687734225,0.9902515476964291
5,hsa-mir-519e,-1.7005894561455464,-1.65499832539989,-0.04559113074565646,0.5457565434289147,0.960710649353197
5,hsa-mir-1260a,-1.6391992587034736,-1.5927078668887602,-0.0464913918147134,0.764021041431565,0.9902515476964291
5,hsa-mir-4796,-1.69402647243614,-1.6473291035263191,-0.0466973689098209,0.2745985141477336,0.6810392401756191
5,hsa-mir-6775,-1.4739584459353918,-1.4269764520429482,-0.04698199389244362,0.7668686749233508,0.9902515476964291
5,hsa-mir-641,-1.278154304010294,-1.2311100757726232,-0.04704422823767085,0.7728248641459052,0.9902515476964291
5,hsa-mir-296,6.581760737394402,6.629115451679226,-0.04735471428482452,0.5171719332632283,0.9403126059331424
5,hsa-mir-580,-1.7005894561455464,-1.652764408142283,-0.04782504800326337,0.3548885033940167,0.7942985154873258
5,hsa-mir-3144,-1.2662648811932655,-1.2183398096568443,-0.047925071536421227,0.835355455493493,0.9902515476964291
5,hsa-mir-1179,-1.6750891984848233,-1.626917339449932,-0.048171859034891185,0.17611750976663695,0.5213345640150923
5,hsa-mir-548d-1,-1.6214756739421199,-1.5729337076812882,-0.04854196626083174,0.4257689936521101,0.8622975785564001
5,hsa-mir-933,-1.4187819268040587,-1.3701015863366148,-0.04868034046744385,0.9088042767756079,0.9902515476964291
5,hsa-mir-4501,-1.6146012929275935,-1.5655255653571643,-0.04907572757042922,0.8747498217194936,0.9902515476964291
5,hsa-mir-181a-1,10.812522147374903,10.862347173309452,-0.04982502593454896,0.36319495339208097,0.8070998964268467
5,hsa-mir-4529,-1.6443123456681799,-1.5941659135566453,-0.05014643211153458,0.34825890469070914,0.7873679584311685
5,hsa-mir-4641,-1.412187998264728,-1.3614311901526641,-0.050756808112063956,0.7386356652602126,0.9902515476964291
5,hsa-mir-6503,-1.0564861071634022,-1.0053677964392633,-0.05111831072413886,0.8901818058866262,0.9902515476964291
5,hsa-mir-6856,-1.498603557513895,-1.4474707591734186,-0.05113279834047635,0.47261738033016937,0.9065385677741491
5,hsa-mir-5194,-1.6778490179010996,-1.626361932506262,-0.051487085394837706,0.43396632876836716,0.8735322230692293
5,hsa-mir-6805,-0.4265769397056636,-0.37435704588072644,-0.05221989382493719,0.7982677019916933,0.9902515476964291
5,hsa-mir-4767,-1.2604841858726774,-1.2079905806583227,-0.052493605214354755,0.8229924121930486,0.9902515476964291
5,hsa-mir-3152,-1.6759428401410303,-1.6232911363674976,-0.05265170377353279,0.2862609412340309,0.6988530020736905
5,hsa-mir-612,-0.9389678831432582,-0.8859928322226461,-0.052975050920612055,0.7138817969299218,0.9902515476964291
5,hsa-mir-5189,-1.6427743685253142,-1.58967123913551,-0.05310312938980433,0.5124507037410588,0.939392594401941
5,hsa-mir-6818,-1.4466701830070858,-1.393536852113904,-0.05313333089318184,0.743793718789819,0.9902515476964291
5,hsa-mir-1283-2,-1.242813955505165,-1.1888138109865234,-0.054000144518641546,0.7852517360616232,0.9902515476964291
5,hsa-mir-5589,-1.7005894561455464,-1.646574731248424,-0.054014724897122335,0.4726330679527576,0.9065385677741491
5,hsa-mir-3180-2,-1.6941331254329595,-1.639930930341051,-0.05420219509190849,0.38980884167577634,0.8270854671521564
5,hsa-mir-6755,0.10795697160417643,0.16260136899515656,-0.054644397390980134,0.4470525073187881,0.8856495965888478
5,hsa-mir-6889,-1.4337170458942219,-1.3787904274004197,-0.054926618493802204,0.587390202916507,0.9902515476964291
5,hsa-mir-1256,-1.69402647243614,-1.6387325175582603,-0.05529395487787969,0.24618401033159157,0.6379519204606028
5,hsa-mir-548e,-1.6830509384549117,-1.6270501286579655,-0.056000809796946216,0.27445427895604063,0.6810392401756191
5,hsa-mir-15a,3.567695676517382,3.623987593849628,-0.05629191733224603,0.8876068965179844,0.9902515476964291
5,hsa-mir-4754,-0.19787491123483794,-0.14143689786487074,-0.056438013369967205,0.6101390250471576,0.9902515476964291
5,hsa-mir-5009,-1.6723507188922784,-1.6151044197453224,-0.057246299146956,0.2588477972909303,0.6576588986544809
5,hsa-mir-4484,-1.5982366928836018,-1.5406592073460896,-0.057577485537512185,0.4903430858202975,0.9216086914212821
5,hsa-mir-378b,-1.654155411363927,-1.5965574375470712,-0.05759797381685572,0.3585251488513167,0.7991366962431139
5,hsa-mir-891a,4.439562160131548,4.497194135782494,-0.057631975650946465,0.8035932541694771,0.9902515476964291
5,hsa-mir-16-1,5.236854848070278,5.294971653705468,-0.05811680563518973,0.628575029559977,0.9902515476964291
5,hsa-mir-769,5.22713499776307,5.285845967451564,-0.05871096968849443,0.47036136849825944,0.9065385677741491
5,hsa-mir-4636,-1.3829115253062505,-1.3237925876333623,-0.05911893767288823,0.5689279972319057,0.9796111210615595
5,hsa-mir-491,2.626429355945794,2.685861227546638,-0.059431871600843955,0.5705213075401054,0.9812714881615926
5,hsa-mir-6819,-1.4390809004463054,-1.3795612211654338,-0.05951967928087165,0.4826096766635674,0.9119789450126446
5,hsa-mir-6835,-1.6538876047273752,-1.594214269532679,-0.05967333519469609,0.17299269333609626,0.5164399079441129
5,hsa-mir-3115,-1.6653090043502345,-1.6049275202832614,-0.06038148406697319,0.31395152830986384,0.7398995374010356
5,hsa-mir-7161,-1.6873883397028735,-1.6264953437746184,-0.060892995928255145,0.3262642765875047,0.7551517380957081
5,hsa-mir-1273h,-1.6682691569026216,-1.6069274332584045,-0.06134172364421708,0.3826775578178132,0.822282355641582
5,hsa-mir-874,6.818702210394625,6.880282454201407,-0.061580243806782065,0.30102902299871626,0.7191504990474692
5,hsa-mir-6790,-1.6134697276238188,-1.5517238500031927,-0.06174587762062611,0.48288115934643877,0.9119789450126446
5,hsa-mir-4653,-1.6245027016223126,-1.5625960669311794,-0.06190663469113322,0.16360604328021233,0.5036527977156359
5,hsa-mir-655,-1.3310491542353196,-1.2688550689865001,-0.06219408524881942,0.6925233836418163,0.9902515476964291
5,hsa-mir-1303,-1.6933322302887837,-1.6308613963461378,-0.062470833942645854,0.17499727053385797,0.5199918895863208
5,hsa-mir-124-1,-1.680051185282577,-1.6171048317735672,-0.06294635350900979,0.20798228683955952,0.5712189568128747
5,hsa-mir-29b-1,3.4370007053383387,3.5006728436755243,-0.06367213833718566,0.9803767172394285,0.9982540374493902
5,hsa-mir-632,0.43035667249115356,0.49428134994246525,-0.0639246774513117,0.46290111235311554,0.9000810955377967
5,hsa-mir-499a,-1.651493078517189,-1.5873000682573362,-0.06419301025985291,0.551594624457751,0.9653903049950256
5,hsa-mir-6882,-0.32079245153128366,-0.25541181864261897,-0.06538063288866469,0.7705557643401815,0.9902515476964291
5,hsa-mir-6831,-1.6129529398115947,-1.5474164645998152,-0.06553647521177952,0.7979478027223093,0.9902515476964291
5,hsa-mir-4791,-1.6193180396345626,-1.5533439696480829,-0.0659740699864797,0.6786609066758401,0.9902515476964291
5,hsa-mir-6862-1,-1.2803325710669744,-1.2142749846851895,-0.06605758638178494,0.68673984852112,0.9902515476964291
5,hsa-mir-1231,-1.6327559178034747,-1.5666702709909583,-0.06608564681251639,0.5521897890581964,0.9653903049950256
5,hsa-mir-1281,-1.68040653721002,-1.6141119721879706,-0.06629456502204945,0.39967404456118777,0.8366041082989389
5,hsa-mir-6785,-1.1502829003998998,-1.0837547514393866,-0.06652814896051318,0.6221703365699369,0.9902515476964291
5,hsa-mir-126,6.604598064820985,6.671223249068193,-0.06662518424720787,0.9107827644225012,0.9902515476964291
5,hsa-mir-147b,-1.616659180585395,-1.5498736731676714,-0.06678550741772349,0.8103600363296644,0.9902515476964291
5,hsa-mir-8072,0.21584423222742122,0.2829454212829775,-0.06710118905555629,0.34219394390575364,0.7760587372414901
5,hsa-mir-629,5.701073700713531,5.768177096243861,-0.06710339553033062,0.5494945554102251,0.9631589959999451
5,hsa-mir-548az,-1.4796542683375744,-1.4125020615818449,-0.06715220675572953,0.1816522508849444,0.5289626624749716
5,hsa-mir-216a,-1.5072139602091859,-1.4397600447625762,-0.06745391544660961,0.3517152329972073,0.7908879012233198
5,hsa-mir-4748,-1.4038626433611325,-1.3363492994312134,-0.06751334392991915,0.47634505986175946,0.9086315771539778
5,hsa-mir-6874,-0.34369409089406583,-0.275298386577473,-0.06839570431659281,0.6168147682780711,0.9902515476964291
5,hsa-mir-137,-1.7005894561455464,-1.6316044692582143,-0.06898498688733201,0.3806725331968953,0.822282355641582
5,hsa-mir-6873,-1.221536546213902,-1.1518869581197095,-0.06964958809419253,0.4132198890106765,0.8528355837348222
5,hsa-mir-4466,-1.125927427754874,-1.0561122053969723,-0.06981522235790183,0.7438792630480193,0.9902515476964291
5,hsa-mir-6779,-0.8108323030320483,-0.7408138953716289,-0.07001840766041945,0.6410702976109077,0.9902515476964291
5,hsa-mir-4638,0.266248723201288,0.33701978200018534,-0.07077105879889733,0.703619176081377,0.9902515476964291
5,hsa-mir-7703,-1.250084814210492,-1.1790558837187282,-0.07102893049176373,0.9340713193410712,0.9902515476964291
5,hsa-mir-6730,0.6116825974889869,0.6827571263901067,-0.07107452890111976,0.5428671552979099,0.9597289465094196
5,hsa-mir-5004,-1.5083996326558358,-1.4364988852157896,-0.07190074744004615,0.46712418323109817,0.9029909861716395
5,hsa-mir-4648,-1.4036231741192964,-1.3313914276142564,-0.07223174650503994,0.5982231159240164,0.9902515476964291
5,hsa-mir-450a-1,-1.2667887189778875,-1.1941657212370418,-0.07262299774084569,0.5632090085221129,0.9753853552004943
5,hsa-mir-6848,-1.6690430348683936,-1.5963526324080157,-0.07269040246037783,0.14660084368824483,0.47087020042886485
5,hsa-mir-6865,-1.4478391429078468,-1.374821484912506,-0.07301765799534077,0.7143576247486507,0.9902515476964291
5,hsa-mir-519b,-1.7005894561455464,-1.6274089135664835,-0.07318054257906281,0.23260258451234084,0.6181601905268342
5,hsa-mir-4699,-1.695768074570695,-1.6225126515473423,-0.07325542302335264,0.12243717224344386,0.42634372477627774
5,hsa-mir-5698,1.9053608241562583,1.9797919658829,-0.07443114172664167,0.7314591244266982,0.9902515476964291
5,hsa-mir-7156,0.05861496887784825,0.13322537291419417,-0.07461040403634592,0.7420057313815325,0.9902515476964291
5,hsa-mir-378i,-1.1915395711334549,-1.1165607654819218,-0.07497880565153303,0.40006837486603103,0.8366041082989389
5,hsa-mir-3605,3.958582926568211,4.034174240515156,-0.07559131394694552,0.1560725715737076,0.48597447436124525
5,hsa-mir-4489,-1.343402481072796,-1.267301040280565,-0.07610144079223113,0.2528611787278989,0.6494923592322511
5,hsa-mir-5684,-1.5676870087884591,-1.4914938826303563,-0.07619312615810281,0.41329724442533683,0.8528355837348222
5,hsa-mir-944,-1.5953600446715257,-1.5183382009923936,-0.07702184367913212,0.4976673151044771,0.9253408957842483
5,hsa-mir-561,-1.7005894561455464,-1.6234280333313493,-0.07716142281419702,0.20906600405743422,0.5721806426835042
5,hsa-mir-6771,-1.570211588918374,-1.492877378659266,-0.07733421025910814,0.15033982086510592,0.4757203256583473
5,hsa-mir-6087,-0.9341753998194204,-0.8567724347126283,-0.07740296510679212,0.8183182034455001,0.9902515476964291
5,hsa-mir-1283-1,-1.4263030383828519,-1.3487807074365161,-0.07752233094633576,0.7174138583866726,0.9902515476964291
5,hsa-mir-5586,-1.49667469645982,-1.4190159545299543,-0.07765874192986577,0.4824927432417559,0.9119789450126446
5,hsa-mir-5587,-1.6663529710939886,-1.5884861934415164,-0.07786677765247219,0.19275667915050568,0.5497265438295957
5,hsa-mir-1290,-1.694690091565248,-1.6162841115076627,-0.07840598005758537,0.27267932115069776,0.6784365885089131
5,hsa-mir-320e,-1.3148586597960934,-1.2363733261105927,-0.0784853336855007,0.6994197827649786,0.9902515476964291
5,hsa-mir-4673,-1.6380527415949857,-1.5590315087824083,-0.07902123281257745,0.4156284037734482,0.8553829945733235
5,hsa-mir-6796,-1.1167978860584256,-1.0372423347384132,-0.07955555132001235,0.3649042049411046,0.808840952776781
5,hsa-mir-6787,-0.8765192504004764,-0.796712400135531,-0.07980685026494538,0.6821569260999567,0.9902515476964291
5,hsa-mir-5006,-1.4766791047868946,-1.3951608449910953,-0.0815182597957993,0.5161297410018827,0.9396306763478722
5,hsa-mir-3140,-1.6095930636576596,-1.527676951624257,-0.08191611203340265,0.17096387355885384,0.5138798511595607
5,hsa-mir-23c,-1.18525163618009,-1.1026520858562754,-0.08259955032381461,0.5248583111548637,0.9474982043312823
5,hsa-mir-6742,-1.6275318652511055,-1.544445344556881,-0.0830865206942244,0.19741009111185448,0.5519665428494028
5,hsa-mir-6888,-1.6730451402223592,-1.5898650720491034,-0.08318006817325574,0.33016173013597944,0.759664157834997
5,hsa-mir-1289-1,-1.533502700181585,-1.44959182628156,-0.08391087390002516,0.3211689505000127,0.7507143205245081
5,hsa-mir-133a-2,1.1252557063517552,1.2098840500590404,-0.08462834370728523,0.8467392827973182,0.9902515476964291
5,hsa-mir-7-2,-1.4237322338370202,-1.3387398087248021,-0.08499242511221805,0.32270421495230894,0.7507143205245081
5,hsa-mir-3151,-1.4685441455039256,-1.3831267438327433,-0.08541740167118239,0.35371675078420334,0.7928134069301108
5,hsa-mir-3691,0.14458175866521153,0.23026906297400948,-0.08568730430879795,0.3804336165808194,0.822282355641582
5,hsa-mir-3117,-1.6388676358584555,-1.5527328225759784,-0.08613481328247707,0.14185083215318603,0.4658679961241478
5,hsa-mir-1238,-0.9335751382335493,-0.8471588543378317,-0.08641628389571765,0.4890014988770683,0.921307171797375
5,hsa-mir-4491,-1.5138011212333697,-1.4271637989199817,-0.08663732231338805,0.3283619150527747,0.7579098064347133
5,hsa-mir-1295a,1.4908711387318838,1.5776044967210978,-0.086733357989214,0.2649669775489327,0.6666911048005404
5,hsa-mir-4683,-0.48695421446599824,-0.39992102574027777,-0.08703318872572047,0.7684605346352601,0.9902515476964291
5,hsa-mir-6500,-1.6952563937254561,-1.608183862422102,-0.08707253130335402,0.19311128031072183,0.549732841760449
5,hsa-mir-4446,-1.2015352611570376,-1.114299278422567,-0.08723598273447064,0.7905567892101039,0.9902515476964291
5,hsa-mir-6756,-1.314004609254429,-1.2265334838229183,-0.08747112543151081,0.7526924734316287,0.9902515476964291
5,hsa-mir-892b,-1.5918944425670398,-1.5035540614329723,-0.0883403811340675,0.4486645869343675,0.8862672847966298
5,hsa-mir-378d-2,-0.7502839511827888,-0.6616668786141285,-0.08861707256866025,0.370514854000258,0.8169597021327301
5,hsa-mir-29c,5.942591164770258,6.031423258380847,-0.08883209361058864,0.5526240656157423,0.9653903049950256
5,hsa-mir-16-2,5.299718550635918,5.388794554005945,-0.0890760033700273,0.5422265193971662,0.9597289465094196
5,hsa-mir-4668,-1.6674963364412614,-1.578267749758113,-0.08922858668314837,0.5964897650259864,0.9902515476964291
5,hsa-mir-3194,-1.1634560859753493,-1.074172527454645,-0.08928355852070435,0.6788863015302083,0.9902515476964291
5,hsa-mir-5683,-1.5004698511088617,-1.4110338667352242,-0.08943598437363742,0.9654129025437593,0.9933670607535291
5,hsa-mir-183,13.303505928087214,13.393910397711045,-0.09040446962383086,0.8639128099825657,0.9902515476964291
5,hsa-mir-4516,-1.6557964268816798,-1.5651407026200304,-0.09065572426164947,0.13334221465933063,0.45220403232294737
5,hsa-mir-7845,0.48408820633170957,0.5749048414252719,-0.0908166350935623,0.49904146642311403,0.9256892837337192
5,hsa-mir-6813,-0.7855163731327437,-0.6943628470552021,-0.09115352607754157,0.7833515247883273,0.9902515476964291
5,hsa-mir-4709,-0.5675453656184829,-0.47614861110372403,-0.09139675451475887,0.44089240791979695,0.878406329955151
5,hsa-mir-5003,-0.9421370354667847,-0.8499030015326957,-0.09223403393408902,0.37708557798377984,0.8192945705497167
5,hsa-mir-4751,-1.2413211210385613,-1.149006797367585,-0.09231432367097625,0.39402822970734747,0.8284151460154474
5,hsa-mir-3132,-0.6151980156496408,-0.522717254427462,-0.09248076122217885,0.7728188528777419,0.9902515476964291
5,hsa-mir-6840,-1.343741916926015,-1.250805162026563,-0.09293675489945197,0.7848212138594923,0.9902515476964291
5,hsa-mir-6869,-1.4473254001891294,-1.3537346132977894,-0.09359078689133993,0.4529775641486313,0.8911034048825534
5,hsa-mir-6823,-1.5055417175440624,-1.41180305715954,-0.0937386603845225,0.3936420903845826,0.8284151460154474
5,hsa-mir-3199-1,-1.213408297254449,-1.1194683691347684,-0.09393992811968066,0.325354528398954,0.7541650286810822
5,hsa-mir-4740,-1.6055753922815763,-1.5115552564506083,-0.09402013583096802,0.11482842957736196,0.40619580530767496
5,hsa-mir-5193,-0.24702533548838188,-0.15255611336757952,-0.09446922212080236,0.5038952232515791,0.9324751462306802
5,hsa-mir-552,-1.5172261066595376,-1.4227442960275265,-0.09448181063201111,0.8124783098433688,0.9902515476964291
5,hsa-mir-3157,-0.0840955760244405,0.011256682806380015,-0.09535225883082052,0.26604988995494244,0.6683378878095173
5,hsa-mir-19b-2,-0.46781992576974085,-0.37242971918731843,-0.09539020658242242,0.5147531511125196,0.9396306763478722
5,hsa-mir-492,-1.6532327653238665,-1.5578371750915605,-0.09539559023230604,0.18208522419811524,0.5289626624749716
5,hsa-mir-3936,-1.2207994472784758,-1.1249003639404433,-0.09589908333803243,0.32245656600334544,0.7507143205245081
5,hsa-mir-6738,-1.0285128311300011,-0.9322204951699854,-0.09629233596001574,0.4795480888553318,0.9119789450126446
5,hsa-mir-3618,-1.604047062192342,-1.5077032915124917,-0.09634377067985023,0.2422019544002048,0.6307763753995317
5,hsa-mir-7976,-1.3922493959094029,-1.2933999433315284,-0.09884945257787447,0.20866726779878006,0.5720930364957767
5,hsa-mir-339,6.768950043313943,6.867983847259345,-0.09903380394540218,0.34975640426771176,0.7896092484191466
5,hsa-mir-548t,-1.473111276574673,-1.3736056027768193,-0.09950567379785369,0.3992086560137641,0.8366041082989389
5,hsa-mir-4478,-1.5942972188984657,-1.49447949505154,-0.09981772384692555,0.28915945404280896,0.7026304490759844
5,hsa-mir-550a-2,2.9739464519071634,3.074177663999453,-0.10023121209228947,0.20323567440436668,0.5621412270759079
5,hsa-mir-7854,0.36123833351944235,0.4616871869002379,-0.10044885338079557,0.4240329816361703,0.8613169939484709
5,hsa-mir-6747,1.0851939100897277,1.1861599558361562,-0.10096604574642853,0.10830626546092886,0.3929250560908117
5,hsa-mir-301b,-0.5070724997913575,-0.40608436315649565,-0.10098813663486184,0.6282554990505361,0.9902515476964291
5,hsa-mir-3690-1,0.12317174348531487,0.22417727212418043,-0.10100552863886555,0.5261955872125419,0.9478736484152385
5,hsa-mir-7114,-0.8433833853915306,-0.7421027799503583,-0.10128060544117223,0.49855975473850406,0.9256892837337192
5,hsa-mir-6862-2,-1.2942600453992645,-1.1921722399016172,-0.10208780549764729,0.30489626060657293,0.7272754840156785
5,hsa-mir-1277,-1.693124773737346,-1.5909537438440065,-0.1021710298933396,0.24181041557573146,0.6307763753995317
5,hsa-mir-520c,-1.692348873544082,-1.5899653967206728,-0.10238347682340909,0.23421420907920673,0.6210971944361602
5,hsa-mir-6084,-1.4167977285844402,-1.3137749857245502,-0.10302274285988999,0.39074486493021743,0.8270854671521564
5,hsa-mir-4701,-0.6379963508617565,-0.5343816277861231,-0.10361472307563346,0.6499865802773861,0.9902515476964291
5,hsa-mir-522,0.8880412331919117,0.9920775747566901,-0.10403634156477837,0.771965228572892,0.9902515476964291
5,hsa-mir-892a,-1.5268665831781225,-1.4221769740829961,-0.10468960909512637,0.37704535642153864,0.8192945705497167
5,hsa-mir-4776-2,-1.2002934535589531,-1.0955872141764877,-0.10470623938246537,0.6195560030713423,0.9902515476964291
5,hsa-mir-4773-1,-1.6759465135886584,-1.5704720467858042,-0.10547446680285422,0.05115019784472994,0.23331669192332954
5,hsa-mir-6727,-0.6777915329506147,-0.572269910272632,-0.10552162267798271,0.5825989775614127,0.9889601795384154
5,hsa-mir-516a-1,-0.06974357585844251,0.03606965838130622,-0.10581323423974873,0.9467496211111021,0.9902515476964291
5,hsa-mir-556,-1.6694652748830057,-1.5633152042537628,-0.10615007062924287,0.0805605562561468,0.3214180761114808
5,hsa-mir-1234,0.3339904464997773,0.4403587511865034,-0.10636830468672609,0.4550120412132206,0.8928538167202819
5,hsa-mir-4732,0.38740422138040276,0.4941026260614703,-0.10669840468106756,0.6018455709778582,0.9902515476964291
5,hsa-mir-520e,-1.7005894561455464,-1.593152316333015,-0.10743713981253133,0.24170883413893485,0.6307763753995317
5,hsa-mir-149,8.525257030176267,8.632862978815503,-0.107605948639236,0.38715634368584584,0.8256658086585685
5,hsa-mir-3150a,-0.5916491301376285,-0.4834704527641077,-0.10817867737352083,0.37658402542410285,0.8192945705497167
5,hsa-mir-3198-2,-1.2138866096816765,-1.1053972982833464,-0.10848931139833007,0.4391954040811497,0.8783908081622994
5,hsa-mir-2278,-1.4673015880391171,-1.3583294561931707,-0.10897213184594645,0.11928519821435736,0.4200562284749379
5,hsa-mir-6829,-1.312472978793688,-1.2033436519496863,-0.10912932684400167,0.36553389212027604,0.808840952776781
5,hsa-mir-6815,0.7219921324171606,0.831195963907737,-0.10920383149057633,0.4826148761619074,0.9119789450126446
5,hsa-mir-6836,-1.2589626766887723,-1.1497447952017241,-0.10921788148704814,0.4248075219237395,0.8617681849168188
5,hsa-mir-4426,-1.4591601255677804,-1.3496472454522455,-0.10951288011553495,0.22580535296639279,0.6073385355647806
5,hsa-mir-4651,-0.9845570412998648,-0.8748272416816038,-0.10972979961826101,0.3008860193167753,0.7191504990474692
5,hsa-mir-616,1.7746692444386818,1.8845179890498012,-0.10984874461111938,0.5946238736493046,0.9902515476964291
5,hsa-mir-3127,5.134628401118343,5.2446077471799475,-0.10997934606160431,0.19183073774425902,0.5488477065732482
5,hsa-mir-3183,-1.4488533515233795,-1.338233115652237,-0.11062023587114256,0.15146277973243064,0.47802538102423
5,hsa-mir-4690,-0.8792296885712493,-0.7682652404992536,-0.11096444807199568,0.5649507469002941,0.9770766797832138
5,hsa-mir-5002,-0.7484831578705705,-0.6372958926117278,-0.1111872652588427,0.3393345177983897,0.7727910186357487
5,hsa-mir-4515,-0.8028423937562181,-0.6915220523845773,-0.11132034137164082,0.27223967936906607,0.6784365885089131
5,hsa-mir-6516,-0.43272773795592434,-0.3213864502151625,-0.11134128774076185,0.6064097657381483,0.9902515476964291
5,hsa-mir-6778,-1.4610697605424177,-1.3486584122789644,-0.11241134826345323,0.08213421831162328,0.3252014735181023
5,hsa-mir-4793,-1.3431376511810638,-1.2303947707714358,-0.11274288040962799,0.3284275827883758,0.7579098064347133
5,hsa-mir-6814,-0.03945757423501377,0.0744119434680333,-0.11386951770304707,0.4175705943730806,0.8571185884500075
5,hsa-mir-153-2,-1.518866202361953,-1.4047510716999985,-0.11411513066195456,0.680696955118187,0.9902515476964291
5,hsa-mir-7113,-1.2943494751873894,-1.1794427087799604,-0.11490676640742903,0.17233354045773108,0.5160082977237246
5,hsa-mir-193b,8.009986103283186,8.125115834517054,-0.11512973123386772,0.3139830088201831,0.7398995374010356
5,hsa-mir-15b,10.563320227726972,10.68011350671926,-0.11679327899228831,0.25704777372838755,0.6552198153860859
5,hsa-mir-452,2.9840737501433368,3.1020461892066566,-0.11797243906331989,0.6235915194141374,0.9902515476964291
5,hsa-mir-342,7.671704956561182,7.789697892486205,-0.11799293592502291,0.2952274784725784,0.7129332297480221
5,hsa-mir-3196,-1.5459679347423174,-1.4265839127468847,-0.11938402199543274,0.2851532755877086,0.6988530020736905
5,hsa-mir-4469,-0.06720933418675268,0.05240072536615748,-0.11961005955291015,0.35259456300937186,0.7914352781217555
5,hsa-mir-1909,-1.4752074612424841,-1.3554999190950694,-0.11970754214741475,0.07446548674428367,0.3038669644558817
5,hsa-mir-498,-1.6482218756428815,-1.527842922146996,-0.12037895349588545,0.17070900422417656,0.5138798511595607
5,hsa-mir-5571,-1.5158693751256775,-1.395233971873486,-0.12063540325219146,0.08513817452617961,0.3352661445216968
5,hsa-mir-6816,-1.4998325228378464,-1.3790996401587203,-0.12073288267912607,0.26111088181736125,0.6612548305764343
5,hsa-mir-3136,-1.5870494880787434,-1.4662090031547812,-0.12084048492396215,0.19778801118770267,0.5519665428494028
5,hsa-mir-3943,-1.465829337682383,-1.3446333527432524,-0.12119598493913064,0.08241720244607349,0.325495786875632
5,hsa-mir-7705,-1.3718009779720786,-1.2495910672494324,-0.1222099107226462,0.13502165989653456,0.4530881007220386
5,hsa-mir-1538,0.48893139136562064,0.6121397801743903,-0.12320838880876966,0.14033582968576877,0.4642414908803441
5,hsa-mir-5100,-1.5219355268358903,-1.3986297096231792,-0.12330581721271106,0.25368994247341103,0.6496703734704837
5,hsa-mir-212,1.8760809963373908,1.9995142573988771,-0.12343326106148633,0.14445073478041023,0.4684888695580873
5,hsa-mir-1246,-1.4070723174976913,-1.278856411972818,-0.12821590552487327,0.1882690003286274,0.5428828844965966
5,hsa-mir-3911,-0.5533909597824611,-0.4241180848682662,-0.12927287491419492,0.4032818317967904,0.8421949900977149
5,hsa-mir-652,6.763684295188318,6.893568490209913,-0.12988419502159498,0.10610323530220682,0.38916508969853714
5,hsa-mir-7106,-1.5048247744654148,-1.373755148819092,-0.13106962564632285,0.3087818057844635,0.7342981966825657
5,hsa-mir-3181,-1.571388076810024,-1.4388880543226152,-0.13250002248740866,0.28577001974066785,0.6988530020736905
5,hsa-mir-548b,-1.418704362514106,-1.2852973406740085,-0.13340702184009756,0.19644986588546073,0.5519665428494028
5,hsa-mir-6734,0.011283775253043374,0.14482772082913276,-0.1335439455760894,0.21214302905972637,0.5795851582017043
5,hsa-mir-545,-1.0299379814297864,-0.8960454966869454,-0.133892484742841,0.31702088096744135,0.7448080938391695
5,hsa-mir-106b,10.13702836645383,10.27118079310731,-0.13415242665348082,0.05032536897349392,0.23025889941052685
5,hsa-mir-6792,-1.4072619539186357,-1.2729012414009528,-0.1343607125176829,0.3914615874815615,0.8274797784163088
5,hsa-mir-4710,-0.9197237342042546,-0.7842106005624085,-0.13551313364184603,0.35858697908344855,0.7991366962431139
5,hsa-mir-6765,-1.4773564215801978,-1.3417477179932074,-0.1356087035869904,0.21571122238396567,0.5883033337744518
5,hsa-mir-6820,1.7286428161616036,1.8643287130896615,-0.13568589692805788,0.1347287922290761,0.4530881007220386
5,hsa-mir-6877,1.4604977465037705,1.5966955829416931,-0.1361978364379226,0.22840785576907074,0.6111719959235472
5,hsa-mir-6776,-1.082188320943839,-0.9458162100582386,-0.13637211088560042,0.38742780252440523,0.8256658086585685
5,hsa-mir-6809,-1.4518490602448932,-1.3153221364689451,-0.1365269237759481,0.08150287459159695,0.32352286097427796
5,hsa-mir-570,-1.695768074570695,-1.558715881219202,-0.137052193351493,0.08745448395773638,0.3385334862880118
5,hsa-mir-4723,-1.0671855746164416,-0.9300590287298205,-0.1371265458866211,0.4385752897800086,0.8783908081622994
5,hsa-mir-4715,-1.6593882906509538,-1.5215797697289746,-0.13780852092197926,0.05239957195947238,0.2376259658627236
5,hsa-mir-7111,-1.0676483716608955,-0.9284518919236339,-0.13919647973726168,0.38085043046104816,0.822282355641582
5,hsa-mir-130b,5.788994876192455,5.928193305004589,-0.13919842881213373,0.05896239330480958,0.2562154138036294
5,hsa-mir-3177,0.2450357014929083,0.38424735729733944,-0.13921165580443115,0.21870034345489411,0.5937337046949548
5,hsa-mir-6886,-1.2643195213755203,-1.123882842523723,-0.14043667885179723,0.1974323252333942,0.5519665428494028
5,hsa-mir-3610,1.9596735431728423,2.100806927983623,-0.14113338481078053,0.075021343757922,0.30398258769443715
5,hsa-mir-219b,-1.5126084776563296,-1.3713240383612384,-0.14128443929509116,0.07301045486987352,0.29894044513649
5,hsa-mir-1236,-1.0346307237100087,-0.8908696444999248,-0.14376107921008396,0.2858511040112011,0.6988530020736905
5,hsa-mir-3941,-1.4474973322011246,-1.3036678094506724,-0.14382952275045224,0.14962285589566782,0.47441393332772724
5,hsa-mir-651,-1.4390267027350523,-1.2936781253845389,-0.14534857735051343,0.4206461161494557,0.8609853686503697
5,hsa-mir-3162,-1.5855398996342223,-1.4396579148130657,-0.14588198482115655,0.10537693996964184,0.3877076093222671
5,hsa-mir-505,6.942006123592863,7.088133724204846,-0.14612760061198315,0.08115607054009458,0.32296803582282535
5,hsa-mir-3120,-1.5881354901191604,-1.4414548041278357,-0.14668068599132478,0.057527370917255474,0.25556498275347245
5,hsa-mir-5699,-1.0562254710290981,-0.9094232411860405,-0.14680222984305769,0.26656188001724856,0.668547480429112
5,hsa-mir-7155,0.003623705096224148,0.15044533989659803,-0.14682163480037388,0.19359877269055895,0.5501167311425719
5,hsa-mir-550a-1,2.8943028329641085,3.0417589963547336,-0.14745616339062506,0.24830370486480594,0.6413142046177107
5,hsa-mir-4633,-1.448785201961613,-1.300973545292391,-0.14781165666922202,0.21884415397410195,0.5937337046949548
5,hsa-mir-6846,-1.1681499844608794,-1.0185875648074174,-0.14956241965346195,0.2629039275085156,0.6625688641571638
5,hsa-mir-223,4.842700650402186,4.992748840143391,-0.15004818974120493,0.40541439074500046,0.843261932749601
5,hsa-mir-760,4.825684168501645,4.976112049064196,-0.15042788056255052,0.1677829539901845,0.5100069219669833
5,hsa-mir-340,1.6062231161514884,1.757549250769873,-0.1513261346183845,0.1013734852626187,0.37742872794674265
5,hsa-mir-6766,-1.0037315621083678,-0.8519574984340584,-0.15177406367430935,0.23770181725348966,0.6271168511467062
5,hsa-mir-6751,-0.7642965664354435,-0.6124447600081756,-0.15185180642726792,0.1458141479360763,0.4699794850832211
5,hsa-mir-3176,-1.2486346911986317,-1.0961129520819288,-0.15252173911670286,0.12298736448606938,0.42730576525226777
5,hsa-mir-1237,-0.3704444913806077,-0.2174431208178582,-0.1530013705627495,0.28101753888360465,0.6947501753699259
5,hsa-mir-454,-0.37770104088373735,-0.22441061119888106,-0.1532904296848563,0.41985307306146935,0.8606712141601738
5,hsa-mir-4687,-0.578486838838188,-0.42458153119057873,-0.15390530764760924,0.20728544222023484,0.5703091531985297
5,hsa-mir-6509,2.6416893861713895,2.795715362713254,-0.15402597654186456,0.09935743545472157,0.3725903829552059
5,hsa-mir-6741,0.21157972125337154,0.3665119856327406,-0.15493226437936908,0.14046281006123232,0.4642414908803441
5,hsa-mir-3934,1.3207198591522282,1.476116822380228,-0.15539696322799967,0.1542282642066992,0.48312468305712997
5,hsa-mir-4717,-1.2288548690381846,-1.0720611732380356,-0.156793695800149,0.3352843275590045,0.7680522040999223
5,hsa-mir-6842,3.024380829006019,3.1819141990109063,-0.15753337000488754,0.057819632202132536,0.25556498275347245
5,hsa-mir-7846,-0.4718975529972622,-0.3141588220339044,-0.15773873096335783,0.28975662899176646,0.7029865337902887
5,hsa-mir-4689,-1.351104165751282,-1.1931252729358552,-0.15797889281542665,0.24334563984090038,0.632698663586341
5,hsa-mir-484,7.904013084831364,8.062865496493002,-0.15885241166163766,0.03733121774887653,0.18371198639825673
5,hsa-mir-6852,-0.1618034191482882,-0.0029278619205945727,-0.15887555722769361,0.17765026184096255,0.5226261375090422
5,hsa-mir-6789,-1.3299944691391312,-1.1705604120899107,-0.15943405704922053,0.29637312906292057,0.7145936342166246
5,hsa-mir-935,5.421528853897439,5.581043786296818,-0.15951493239937875,0.1974729540715081,0.5519665428494028
5,hsa-mir-1307,12.714244805839536,12.87390645991406,-0.15966165407452415,0.13070553900999426,0.4461720806468076
5,hsa-mir-2116,1.030398561028464,1.191193384213891,-0.16079482318542704,0.1996392996275245,0.5541589099981107
5,hsa-mir-6825,-0.8187133176475868,-0.6568637905512413,-0.16184952709634548,0.1792438754604478,0.5236337934799599
5,hsa-mir-4435-2,-1.4500607062525446,-1.287577342465317,-0.1624833637872276,0.1310435509083825,0.4463492127010408
5,hsa-mir-607,-1.6413658720030968,-1.4781791235002153,-0.1631867485028815,0.009816176078326636,0.06687002044624259
5,hsa-mir-4669,-1.6233273370099295,-1.4594475708411474,-0.16387976616878208,0.04025150152733673,0.19453015734004311
5,hsa-mir-6735,0.21753289918048632,0.3818369049755944,-0.1643040057951081,0.20380858287720632,0.5627281226344103
5,hsa-mir-215,-1.5359669699036456,-1.3716262644229795,-0.16434070548066604,0.12890678299495148,0.4429396067667936
5,hsa-mir-4776-1,-1.2910865090166974,-1.1265690114965217,-0.16451749752017575,0.15386173229263925,0.4829462824477208
5,hsa-mir-224,4.900600848897975,5.06542741773617,-0.1648265688381949,0.22690972494324266,0.6082116338684854
5,hsa-mir-4667,-1.113924794470452,-0.948511422266553,-0.16541337220389896,0.08532093549686771,0.3352661445216968
5,hsa-mir-4750,-1.4422309307539098,-1.2759639330049564,-0.16626699774895348,0.011472995654976911,0.07559046995385131
5,hsa-mir-4453,-1.2412133246755759,-1.073696933071706,-0.16751639160386977,0.11636461371049472,0.4106986366252755
5,hsa-mir-6769b,-1.0317642988025546,-0.8629733239725524,-0.16879097483000216,0.1410344012171019,0.4651451710331479
5,hsa-mir-4677,-0.44672973299636864,-0.27722626724713956,-0.1695034657492291,0.2997930120732165,0.7191504990474692
5,hsa-mir-6721,-0.37103140222678876,-0.2010201141541311,-0.17001128807265767,0.2218985156172239,0.5999335950829623
5,hsa-mir-301a,-0.5404418564796765,-0.37000100836077243,-0.17044084811890403,0.6623997592862496,0.9902515476964291
5,hsa-mir-7109,-1.0627275935894895,-0.8922357009020937,-0.17049189268739584,0.14500252073730263,0.46930276421201683
5,hsa-mir-6807,-0.5932060488572214,-0.42240789530612827,-0.17079815355109312,0.14341732406360974,0.46647563821544735
5,hsa-mir-6798,1.2600861906728673,1.4311865042111442,-0.17110031353827693,0.09934865530319252,0.3725903829552059
5,hsa-mir-146b,10.385565481512554,10.557288965144936,-0.1717234836323822,0.32269240202211585,0.7507143205245081
5,hsa-mir-6803,1.1190698512167614,1.2920124367380283,-0.17294258552126696,0.16290122610771993,0.5032196291644417
5,hsa-mir-3198-1,-1.439336441564925,-1.2663718179207777,-0.17296462364414733,0.03531172563415548,0.1771263408015516
5,hsa-mir-4724,0.48259571622539277,0.6555791901803619,-0.17298347395496916,0.4516274649704737,0.8906938626472047
5,hsa-mir-6715b,-1.1931171870564086,-1.019536310208016,-0.17358087684839263,0.272641738731596,0.6784365885089131
5,hsa-mir-6854,-1.0401349421489352,-0.8646203741547553,-0.17551456799417986,0.23965946103648797,0.6285826290959966
5,hsa-mir-3190,-0.784976322569758,-0.6090457132266294,-0.17593060934312865,0.08871259883135715,0.34086614329289944
5,hsa-mir-3199-2,0.9077994697152529,1.0844519143695175,-0.17665244465426455,0.03330323319125763,0.17037040320086658
5,hsa-mir-6794,-0.8242115891559549,-0.6452296700898053,-0.1789819190661497,0.23182268192205566,0.6171388802020594
5,hsa-mir-6732,-1.3434241805543576,-1.164402017017926,-0.17902216353643174,0.19207723146874828,0.5488477065732482
5,hsa-mir-3197,-0.8629981260402697,-0.6838778981557485,-0.1791202278845212,0.4316958390728057,0.871210231505274
5,hsa-mir-6872,-1.2588200125071303,-1.0788874359378469,-0.1799325765692834,0.19567721634451254,0.5519665428494028
5,hsa-mir-4660,0.12087499034950934,0.30199616356197473,-0.1811211732124654,0.14945356683251496,0.47441393332772724
5,hsa-mir-421,0.7952139581577145,0.9765571656552611,-0.18134320749754662,0.3124234253807478,0.7395759386858369
5,hsa-mir-4804,-1.3752998283894144,-1.1938473268069947,-0.18145250158241977,0.16785328985133746,0.5100069219669833
5,hsa-mir-7152,-0.7338085283176392,-0.5520173834100733,-0.18179114490756587,0.17845745701509397,0.5232963025254636
5,hsa-mir-4654,-0.9467255475661416,-0.7648696773934507,-0.1818558701726909,0.0890973498670416,0.34150335575573687
5,hsa-mir-521-1,-1.1935888426795482,-1.0107724984910151,-0.1828163441885331,0.2939272852570574,0.7108938992263714
5,hsa-mir-6784,-0.46466860117050635,-0.28084257788550565,-0.1838260232850007,0.23798280505054492,0.6271168511467062
5,hsa-mir-3193,-0.8952252186685145,-0.7084757079599318,-0.1867495107085827,0.17789389680596243,0.5226261375090422
5,hsa-mir-3188,0.733036348643136,0.9201923453919307,-0.18715599674879468,0.16804074223783938,0.5100069219669833
5,hsa-mir-18a,3.361766620426445,3.5506396300684644,-0.18887300964201925,0.19209669730063686,0.5488477065732482
5,hsa-mir-3944,0.73490314806906,0.923909073107314,-0.18900592503825397,0.05029975200305377,0.23025889941052685
5,hsa-mir-1301,6.159644552845793,6.3507922639822585,-0.19114771113646523,0.07495868952034569,0.30398258769443715
5,hsa-let-7i,8.52748390706983,8.718661530624528,-0.19117762355469914,0.012206348128290386,0.07934126283388751
5,hsa-mir-6774,-1.4663102205653251,-1.2740949930653875,-0.19221522749993758,0.028426879836102457,0.15371321338143454
5,hsa-mir-6804,-0.9871155349084566,-0.7947160696337324,-0.19239946527472418,0.17744646490142207,0.5226261375090422
5,hsa-mir-6767,-1.2861404452715257,-1.0936186623625272,-0.19252178290899846,0.10935912088382532,0.3949079365249248
5,hsa-mir-4443,0.758874513134107,0.9523770224736364,-0.1935025093395294,0.11209130682502524,0.399229311979542
5,hsa-mir-6847,-1.0346454287144569,-0.8395989010702446,-0.19504652764421226,0.15590373018363607,0.48597447436124525
5,hsa-mir-519c,-1.6808203647812243,-1.4853992912665064,-0.19542107351471794,0.044515408908360844,0.21043647847588764
5,hsa-mir-1296,5.559621645136658,5.755075346473006,-0.19545370133634776,0.06130419613392154,0.26418382864341877
5,hsa-mir-4646,0.07603828579226764,0.27175975515697615,-0.19572146936470852,0.12450495064267914,0.4316171622279544
5,hsa-mir-6777,0.6683686765678953,0.8673958381648249,-0.19902716159692957,0.029247535545787996,0.1567909122042243
5,hsa-mir-3667,-1.472074020370949,-1.2721759333726086,-0.19989808699834044,0.03518152362776437,0.17704250599778198
5,hsa-mir-6750,-0.2258204594945833,-0.025876230267263205,-0.19994422922732008,0.2001000609076487,0.5544513232965044
5,hsa-mir-6773,-1.1357781788914263,-0.9352802167178288,-0.2004979621735975,0.025580980853667248,0.14155118009357606
5,hsa-mir-519a-1,2.2046799120047034,2.406956407768831,-0.20227649576412743,0.711167625388502,0.9902515476964291
5,hsa-mir-7641-2,1.3253585935442982,1.52769870591272,-0.20234011236842186,0.16441844820851578,0.5036527977156359
5,hsa-mir-1227,0.4439204989633348,0.6473606877231836,-0.20344018875984876,0.1639446952571161,0.5036527977156359
5,hsa-mir-4736,-1.5756309669553477,-1.3688967502033444,-0.2067342167520032,0.036076122219273414,0.1792316900065813
5,hsa-mir-3615,4.745236749850369,4.952516240323037,-0.20727949047266847,0.007512632064121407,0.05451026055827625
5,hsa-mir-550a-3,1.7010494753441983,1.9090505160347087,-0.2080010406905104,0.03264742142181146,0.16945194227345767
5,hsa-mir-943,-1.0798290289485186,-0.8717385743216991,-0.20809045462681952,0.1127113084145959,0.3996128207426582
5,hsa-mir-4725,-0.03618101931692549,0.17294594357666404,-0.20912696289358954,0.10373649682724856,0.38515912755194465
5,hsa-mir-4707,0.3440537213178959,0.5536567141039499,-0.209602992786054,0.15302743157646306,0.48129595415177895
5,hsa-mir-378d-1,-1.0218100242099768,-0.8116625693816982,-0.21014745482827857,0.045178043694677976,0.21292371046434333
5,hsa-mir-6737,-0.04806540259767843,0.16373118837669137,-0.21179659097436981,0.041133688142835384,0.19683605368964172
5,hsa-mir-6808,1.866830875441912,2.0800314935080295,-0.21320061806611745,0.1292199886427345,0.443039961060804
5,hsa-mir-6515,-1.3477209117430942,-1.1336292324942356,-0.21409167924885852,0.03768233501088889,0.18485673778926626
5,hsa-mir-6749,-0.2748455720049483,-0.06053218608062539,-0.21431338592432292,0.10982712184452793,0.39501491876797307
5,hsa-mir-2467,-1.5280658069275168,-1.3137010746809037,-0.21436473224661312,0.03559333856910643,0.17796669284553215
5,hsa-mir-6812,-0.11713077999061734,0.09943037630985975,-0.2165611563004771,0.10483477343572646,0.3866246963587075
5,hsa-let-7d,12.380097025889855,12.596728389175917,-0.21663136328606214,0.006987717048617863,0.05141904998039559
5,hsa-mir-518e,-0.30176635220733844,-0.08431358556406007,-0.21745276664327837,0.5229763782332798,0.9468382536609403
5,hsa-mir-4753,-1.2556580107168263,-1.0378331759201573,-0.21782483479666892,0.011483936781450486,0.07559046995385131
5,hsa-mir-1249,2.2186464372895274,2.4376936628187167,-0.21904722552918932,0.04104440531146694,0.19683605368964172
5,hsa-mir-589,7.150513487694764,7.3700206086743805,-0.21950712097961667,0.0061807872602590505,0.047028705836136435
5,hsa-mir-152,4.18977442954203,4.4093361850921085,-0.21956175555007817,0.14136643195779414,0.46525661150666425
5,hsa-mir-6748,0.02208403270431341,0.24252227633603107,-0.22043824363171766,0.07591271558531439,0.30679750340178874
5,hsa-mir-572,-1.2785743017599378,-1.058081297512775,-0.2204930042471629,0.0158816341057032,0.09754074490116925
5,hsa-mir-19a,-1.233770153420873,-1.0130550124552735,-0.2207151409655994,0.6262326212768102,0.9902515476964291
5,hsa-mir-4286,-0.38500135361129134,-0.16363364289156992,-0.22136771071972142,0.08989104450457144,0.34370105251747907
5,hsa-mir-662,-0.8061126994174533,-0.5832942293922799,-0.2228184700251734,0.2393759746833351,0.6285826290959966
5,hsa-mir-4461,-0.7031833538501947,-0.4786266684374349,-0.2245566854127598,0.11014839081030019,0.39501491876797307
5,hsa-mir-6893,-1.4203286280521343,-1.1932866486151765,-0.2270419794369578,0.07460323550423249,0.3038669644558817
5,hsa-mir-4649,-1.2272431587582604,-0.9995981459636232,-0.22764501279463722,0.05851621575136594,0.25556498275347245
5,hsa-mir-4525,-0.6168908535119461,-0.38842442657127935,-0.2284664269406667,0.07707540235652144,0.30909415855057437
5,hsa-mir-24-2,9.068059401639216,9.297298516393056,-0.22923911475383996,0.03173646801673422,0.166137215121159
5,hsa-mir-515-1,-1.6533819453934862,-1.4239695516441733,-0.22941239374931288,0.037133869445072645,0.18331910232377635
5,hsa-mir-524,-1.7005894561455464,-1.4709161625580982,-0.22967329358744815,0.008341086122232375,0.05845106858148782
5,hsa-mir-4632,-0.2863338272627077,-0.05593176338777873,-0.23040206387492895,0.09921729659130973,0.3725903829552059
5,hsa-mir-6833,0.5254846065247194,0.7560577016289374,-0.23057309510421797,0.026595167821404548,0.14557355018031964
5,hsa-mir-6511b-2,3.5888952170520145,3.82109644646722,-0.23220122941520538,0.0058374809963506035,0.04485945987343321
5,hsa-mir-1288,-0.3942387894808626,-0.1615466192394133,-0.2326921702414493,0.032838649711557366,0.16955884508277377
5,hsa-mir-6799,-1.2621249087866528,-1.0292202758704885,-0.23290463291616437,0.050267362529478596,0.23025889941052685
5,hsa-mir-6783,-0.01930102924047936,0.2150313901641864,-0.23433241940466576,0.10036779433570506,0.3754766406803354
5,hsa-mir-4685,0.6628952234672948,0.8980355804579069,-0.2351403569906121,0.02970423427992943,0.15838722015635337
5,hsa-mir-6511b-1,3.598622139619883,3.834313816844076,-0.23569167722419282,0.007725137457132987,0.05553555038307585
5,hsa-mir-4758,2.6224224701966143,2.859932562116782,-0.2375100919201678,0.10627200526383129,0.38916508969853714
5,hsa-mir-330,5.1641322379242345,5.403020689023613,-0.2388884510993785,0.03081706614244857,0.1618674181219521
5,hsa-mir-6728,-0.24272551500299733,-0.0036561781218475455,-0.23906933688114979,0.07179758878470681,0.29474799606353325
5,hsa-mir-2277,1.6523652843931753,1.8925022288846733,-0.24013694449149803,0.014413942233076564,0.09030421639999775
5,hsa-mir-585,-0.6793223197706497,-0.43840337953367253,-0.24091894023697719,0.08723233751953152,0.3385334862880118
5,hsa-mir-7-1,3.1525491978683555,3.396938511216712,-0.24438931334835656,0.07108666205946722,0.29310296397880886
5,hsa-mir-1260b,0.1936169668840078,0.43914500928381794,-0.24552804239981013,0.17606768169780215,0.5213345640150923
5,hsa-mir-130a,6.21979475557974,6.465361460658951,-0.2455667050792103,0.13636579364756202,0.4565035152150145
5,hsa-mir-6793,0.4354679874710105,0.6815727642391497,-0.2461047767681392,0.01722371326861026,0.10414338255438763
5,hsa-mir-939,1.647945582835412,1.8940894836503217,-0.24614390081490978,0.022488071737706124,0.12850326707260643
5,hsa-mir-577,-1.1980427061957182,-0.9512978372458317,-0.24674486894988645,0.12138561036966596,0.42553157792512114
5,hsa-mir-3678,-0.5538989388787161,-0.30675543746212164,-0.24714350141659447,0.032933544910307984,0.16955884508277377
5,hsa-mir-197,12.0947984622681,12.34209039640858,-0.24729193414047934,0.0037635918264531812,0.03236567416496476
5,hsa-mir-671,5.3385345851373724,5.587236081362137,-0.2487014962247649,8.809899144053893e-4,0.009887368823542499
5,hsa-mir-10a,12.909282983239315,13.16123144508423,-0.2519484618449148,0.5935438779174358,0.9902515476964291
5,hsa-mir-4787,2.203098189669023,2.46367403138508,-0.2605758417160571,0.058336642616884087,0.25556498275347245
5,hsa-mir-4658,0.3392534126362421,0.601175107347012,-0.26192169471076987,0.14353096560475304,0.46647563821544735
5,hsa-mir-516b-2,-1.6765703051651162,-1.4128616776696046,-0.2637086274955116,0.025935819829281073,0.14246436244252983
5,hsa-mir-4449,3.2540668327735904,3.517849275900288,-0.2637824431266975,0.03989894204705966,0.19390140060253291
5,hsa-mir-520h,-1.658292740361793,-1.3942785890422051,-0.26401415131958794,0.0239876670341523,0.13460705242186183
5,hsa-mir-3191,-0.378736547758008,-0.11301192424906875,-0.2657246235089393,0.025657703232466716,0.14155118009357606
5,hsa-mir-6837,0.9355526604518682,1.2021467210747454,-0.26659406062287716,0.005807805757340227,0.044852361294310666
5,hsa-mir-515-2,-1.6854509852481423,-1.4180143338999087,-0.2674366513482336,0.00937892491861126,0.06420570646694798
5,hsa-mir-516a-2,-0.8657564189059008,-0.5982392955768129,-0.26751712332908795,0.37554240660562943,0.8192945705497167
5,hsa-mir-33a,1.5606159027360718,1.828637533977058,-0.2680216312409862,0.06438679475126508,0.27443551861194954
5,hsa-mir-486-2,7.308859483442651,7.577970610211262,-0.2691111267686104,0.0676144524642162,0.2845295403083398
5,hsa-mir-527,-1.4557707207160961,-1.1861602169900283,-0.2696105037260679,0.40797362426855815,0.8463282631103067
5,hsa-mir-24-1,9.140926664985852,9.410540898868515,-0.26961423388266326,0.003829692040838693,0.032459912383641085
5,hsa-mir-4691,-1.0991666736316965,-0.8283339396960018,-0.27083273393569474,0.04763532671257341,0.2224883523102231
5,hsa-mir-218-1,2.0072938210758116,2.278638535884232,-0.2713447148084205,0.14284671158722465,0.4664043950763402
5,hsa-mir-6762,-0.051943175588301554,0.2205306276109166,-0.27247380319921816,0.018993692881872398,0.1118119279083809
5,hsa-mir-7641-1,1.8584262818079147,2.1351058744268263,-0.2766795926189116,0.03599663447690542,0.1792316900065813
5,hsa-mir-1291,0.4581545399439318,0.736097552410969,-0.2779430124670372,0.00938391094516932,0.06420570646694798
5,hsa-mir-6729,-1.0991094228311877,-0.8211123845236911,-0.27799703830749667,0.014095937930358642,0.08866799665870759
5,hsa-mir-486-1,7.316923929707019,7.595220656669235,-0.27829672696221586,0.07120898932562086,0.29310296397880886
5,hsa-mir-4749,-0.5912568579408124,-0.3127687473945209,-0.2784881105462915,0.01606820006179374,0.09829957684862053
5,hsa-mir-3619,0.010134863562608152,0.29066109998782863,-0.28052623642522045,0.03023009046396933,0.16040456164555153
5,hsa-mir-1306,6.067777010007783,6.349152426896698,-0.2813754168889151,0.004207281133969924,0.03472676491530731
5,hsa-mir-1343,2.789034226870985,3.073058995042569,-0.28402476817158373,0.029219702647163233,0.1567909122042243
5,hsa-mir-4674,-0.5401327670893579,-0.25520690045894856,-0.2849258666304093,0.05033223378140362,0.23025889941052685
5,hsa-mir-3170,0.8478097525931025,1.1333613580358444,-0.28555160544274183,0.04406240064423483,0.20892810031916817
5,hsa-mir-4433b,-0.5803090245853119,-0.29433375659680755,-0.2859752679885043,0.09801300790376954,0.37021862549607865
5,hsa-mir-146a,4.469079141534215,4.757125668976972,-0.2880465274427566,0.03790538006211512,0.18536800281159746
5,hsa-mir-1245a,-1.2126088611002395,-0.9232516279453888,-0.2893572331548506,0.012126655384185643,0.07915306443234144
5,hsa-mir-331,5.697633398154329,5.987029553985285,-0.2893961558309561,0.003055132814492079,0.027709344131439786
5,hsa-mir-6850,-0.8645727507080844,-0.5735445455779004,-0.291028205130184,0.14291109028621193,0.4664043950763402
5,hsa-mir-23b,10.144484700570079,10.435930067763822,-0.29144536719374337,0.002567819265555082,0.023844036037297192
5,hsa-mir-519a-2,0.6282816042552427,0.9199668106391489,-0.29168520638390616,0.2838493746172135,0.698630953749964
5,hsa-mir-99b,17.66434991032375,17.956167204416452,-0.2918172940927022,2.590093592511846e-5,5.53499452646367e-4
5,hsa-mir-4640,1.2203552316764825,1.5125558564569395,-0.29220062478045694,0.0065338485987094215,0.04900386449032066
5,hsa-mir-3909,0.36706758674067386,0.6616445712840412,-0.29457698454336734,0.004713885098698856,0.03790546780397018
5,hsa-mir-767,1.507174638596051,1.804208147643118,-0.29703350904706705,0.5998563032994253,0.9902515476964291
5,hsa-mir-523,-1.640488650928608,-1.34214733125489,-0.29834131967371813,0.046672241427108636,0.21930330309123333
5,hsa-mir-7112,-0.19596384430847336,0.10614658382724886,-0.3021104281357222,0.03662580806784653,0.18138495424076378
5,hsa-mir-4745,1.0209101981726203,1.3262431063659375,-0.30533290819331715,0.0958241297390924,0.36282922910918486
5,hsa-mir-345,5.034707923224397,5.341060817981641,-0.3063528947572438,0.004473789365605286,0.03630192462532636
5,hsa-mir-324,7.079478001754285,7.389636102340001,-0.31015810058571613,0.001149803738426187,0.012201998856767697
5,hsa-mir-520f,-1.6337127476721647,-1.322394350214655,-0.3113183974575098,0.003671039604356741,0.03199341778098612
5,hsa-mir-6871,-0.8655389604391945,-0.5524364806720676,-0.3131024797671269,0.003162084792832441,0.028217110197873433
5,hsa-mir-185,4.588166535166142,4.901296921718842,-0.3131303865527002,0.0015709306748454064,0.016017332370972772
5,hsa-mir-6821,-1.2734414357613881,-0.959281474119971,-0.31415996164141713,0.029748368913981756,0.15838722015635337
5,hsa-mir-658,0.08467578408799321,0.3993901992135661,-0.3147144151255729,0.006786033232973644,0.050410532587804216
5,hsa-mir-211,-0.2027969539877011,0.11530631032478518,-0.31810326431248626,0.16100871986012524,0.49843673459252175
5,hsa-mir-4647,-0.796901912686107,-0.47733965354896046,-0.31956225913714653,0.008201617713412105,0.05789377209467368
5,hsa-mir-6800,-1.1004881495322376,-0.7796778983153765,-0.32081025121686113,0.023703964827120075,0.13349525317800476
5,hsa-mir-5088,-0.7915936717631601,-0.47028517330897357,-0.3213084984541865,0.004491199649158966,0.03630192462532636
5,hsa-mir-6885,0.25196519703596754,0.5736391137311403,-0.32167391669517276,0.017915451675273936,0.10708086058784422
5,hsa-mir-1226,4.867120305911283,5.190988902306163,-0.3238685963948802,0.01242370363165997,0.08041899446219732
5,hsa-mir-6781,-0.6231288321771288,-0.29533981467125126,-0.3277890175058775,0.01254460754437339,0.0808660651620764
5,hsa-mir-27b,9.496325929714745,9.82511534740461,-0.32878941768986536,8.189440961016653e-4,0.009325202846121152
5,hsa-mir-520d,-1.5428693805275862,-1.2117499349705665,-0.33111944555701966,0.12798519090235097,0.4407437037696854
5,hsa-mir-21,12.093022783824317,12.427432600658644,-0.33440981683432724,0.04182346144351207,0.1989164629630452
5,hsa-mir-4763,-0.21625499152309685,0.11970762870867863,-0.3359626202317755,0.021778704088164697,0.12630029136630827
5,hsa-mir-4479,-0.33344898642628523,0.0025341697161531973,-0.33598315614243845,0.010304070648750037,0.06988847918282634
5,hsa-mir-2355,1.019074307623674,1.3560901269385341,-0.33701581931486024,0.011722770493726394,0.0768383276059377
5,hsa-mir-551b,-1.1886956140911538,-0.8484240768016076,-0.3402715372895462,0.008629509553069794,0.059831266234617236
5,hsa-mir-105-1,0.7690302460103798,1.1120290709757967,-0.3429988249654169,0.5222727479464125,0.9468382536609403
5,hsa-mir-4664,1.48761790370264,1.831422183253548,-0.343804279550908,0.025678835875950018,0.14155118009357606
5,hsa-mir-582,2.191570021880006,2.53550616747968,-0.34393614559967434,0.4824396135293519,0.9119789450126446
5,hsa-mir-520g,-1.6023026238264284,-1.2579927129329833,-0.3443099108934451,0.013980310440829301,0.08829669752102717
5,hsa-mir-4421,-1.4646256433921954,-1.1188626067279233,-0.3457630366642721,0.002011968021482734,0.019374506873537437
5,hsa-mir-105-2,0.7281060224710888,1.0740607782253588,-0.34595475575427004,0.5771692021921586,0.986181769353524
5,hsa-mir-6788,-0.8831736559123446,-0.534363470380707,-0.3488101855316377,0.035057044842305485,0.17698702250484324
5,hsa-mir-3651,1.8913628483270881,2.241090802926523,-0.34972795459943473,0.016840636608616125,0.10222331949198893
5,hsa-mir-6715a,-0.4881575948795083,-0.13362466194388778,-0.35453293293562055,0.038330440001960286,0.18686089500955638
5,hsa-mir-1225,-1.0840186021256266,-0.7293015433764491,-0.35471705874917747,0.005613302412123529,0.04356592916871992
5,hsa-mir-3940,2.3697520861211676,2.7270212381315346,-0.357269152010367,0.005277828555511531,0.041373932394964764
5,hsa-mir-873,-1.01397656875683,-0.65460593382505206,-0.359370634931778,0.008355505316456272,0.05845106858148782
5,hsa-mir-551a,1.419428821670592,1.779749745886389,-0.360320924215797,0.050210622098382195,0.23025889941052685
5,hsa-mir-6797,0.37185419510595386,0.7335449430273153,-0.36169074792136147,0.001969367427561274,0.01909337495593312
5,hsa-mir-3613,0.43993756253978233,0.8051497962576342,-0.36521223371785183,0.0018376790133296003,0.018144172536672002
5,hsa-mir-590,-1.3662399901900537,-0.9992082590624984,-0.36703173112755527,0.054233755105384494,0.2452308926504342
5,hsa-mir-4326,3.6034697579611183,3.9721428659144347,-0.3686731079533163,0.16847172361961454,0.5103221142652402
5,hsa-mir-31,2.186962315279513,2.56069301887774,-0.3737307035982269,0.139281193539868,0.46357749845249535
5,hsa-mir-877,4.904391506436859,5.27858515413103,-0.3741936476941712,0.0010972617672710338,0.01172416682837543
5,hsa-mir-518a-1,-1.6161066177937493,-1.2417818899893938,-0.37432472780435555,0.012723760487861325,0.08168340066281345
5,hsa-mir-27a,8.933677340079328,9.308776012323596,-0.3750986722442686,6.869790389960261e-4,0.008307653494835665
5,hsa-mir-4772,0.3401581705356616,0.7176649325816162,-0.3775067620459546,0.022376592361528117,0.12833633854405832
5,hsa-mir-636,0.7757832605580893,1.1533356892419984,-0.37755242868390904,0.0029449160407469784,0.026865900722604013
5,hsa-mir-346,-0.5997665380022962,-0.22028740134231253,-0.3794791366599837,0.007476126018752606,0.054498862566607784
5,hsa-mir-3653,3.1706632006386957,3.550505754511407,-0.37984255387271126,0.003906525537650952,0.03258919699858548
5,hsa-mir-1976,4.972723620476476,5.356383615197877,-0.383659994721401,2.9826392404166485e-5,6.122259493486805e-4
5,hsa-mir-518f,-1.6648534816034752,-1.2739322665484463,-0.39092121505502897,0.003455284939033867,0.030315739867902612
5,hsa-mir-6726,-0.40455175982666153,-0.013488771284300217,-0.3910629885423613,0.0030737898003032516,0.027717410916029323
5,hsa-mir-6892,3.847483890081614,4.241709023071181,-0.3942251329895665,0.0014491598513901077,0.014971452769328264
5,hsa-mir-6845,-0.6389205552344452,-0.24398047446394308,-0.39494008077050213,0.004278250047745052,0.03512668460253832
5,hsa-mir-512-1,-1.6188519504167076,-1.2221557703993822,-0.39669618001732543,0.018641414501633934,0.11015381296420053
5,hsa-mir-512-2,-1.630239354013412,-1.2270952379562436,-0.40314411605716827,0.007636266439416482,0.05515081317356348
5,hsa-mir-4488,-1.4899567457671146,-1.0853732481589846,-0.40458349760812995,7.097922609800487e-4,0.008517507131760584
5,hsa-mir-6858,-0.7063154432542436,-0.30059003347259616,-0.4057254097816474,0.006339524537395506,0.04777612694848787
5,hsa-mir-3200,5.2229529762111415,5.632079765082827,-0.40912678887168585,0.021986048479820778,0.12703050232785337
5,hsa-mir-3922,-0.4783764850998993,-0.06598849696443801,-0.4123879881354613,7.613705738134806e-4,0.008870148520292333
5,hsa-mir-6761,0.13617323963515904,0.5499386234923256,-0.41376538385716655,7.200824773871727e-4,0.008575027974992286
5,hsa-mir-1323,-1.5451126267942286,-1.1292565627642492,-0.4158560640299793,0.022581293734657164,0.12856503002213568
5,hsa-mir-605,-0.11679541960687877,0.29917465305776847,-0.41597007266464725,0.0017537098179500896,0.017537098179500894
5,hsa-mir-516b-1,-1.6783118799467922,-1.2612950819493705,-0.41701679799742175,0.0034591036515940164,0.030315739867902612
5,hsa-mir-937,5.4416101651346,5.858724343051461,-0.41711417791686056,0.022766261046794682,0.1286788667862308
5,hsa-mir-4741,0.33543761239315706,0.7571217032140007,-0.4216840908208437,0.007436630726248702,0.05446546447393416
5,hsa-mir-6746,-0.8290893079901722,-0.40707892994702943,-0.4220103780431428,6.715873373925632e-4,0.008184970674471864
5,hsa-mir-3928,2.919304145703651,3.3414238090109287,-0.4221196633072779,1.9590430282917596e-4,0.0029476721230246665
5,hsa-mir-1269a,8.328236162209873,8.756998656996325,-0.42876249478645256,0.3162399642833353,0.7440940336078478
5,hsa-mir-3161,-1.2649732724102236,-0.8318420764718855,-0.43313119593833815,0.0068660387835620075,0.0507631303429229
5,hsa-mir-210,8.162064497143282,8.60424141010369,-0.4421769129604076,0.0013109692858279507,0.013634080572610688
5,hsa-mir-451a,3.928716587458122,4.376743291120024,-0.44802670366190256,0.004992326421731475,0.03942897008197395
5,hsa-mir-5008,-1.0292608363519022,-0.5698676471342122,-0.45939318921769,2.9104793178914e-4,0.00401800684593857
5,hsa-mir-517c,-1.6377407882111288,-1.1710333807969098,-0.466707407414219,8.353036179708218e-4,0.009442562637931029
5,hsa-mir-4665,-0.2647893966136928,0.20531672087183553,-0.47010611748552833,0.001265577442721318,0.013250341011041987
5,hsa-mir-518a-2,-1.616373259524516,-1.1445121301954164,-0.4718611293290995,0.001970534210195662,0.01909337495593312
5,hsa-mir-22,12.365723854949032,12.840770756990175,-0.47504690204114297,5.1592993211015436e-5,9.468831695198126e-4
5,hsa-mir-326,3.950191666453569,4.431699672577427,-0.4815080061238577,1.7518418829586362e-4,0.0027604781186014874
5,hsa-mir-7110,0.8643374706350906,1.3468373003426524,-0.4824998297075618,7.619230139225465e-4,0.008870148520292333
5,hsa-mir-520b,-1.2128166057374705,-0.7293983196407393,-0.4834182860967312,0.012834283017660937,0.08172033268388189
5,hsa-mir-3129,-1.133501101130896,-0.6453406358335708,-0.48816046529732515,6.566288927470293e-5,0.00116402394623337
5,hsa-mir-1247,4.9453116600049585,5.437733071125974,-0.4924214111210157,5.241071779566154e-4,0.006647212988718049
5,hsa-mir-33b,-0.5254380989994586,-0.02934360713066028,-0.49609449186879834,2.778796448678844e-4,0.0039053355494945916
5,hsa-mir-155,7.314116496299427,7.813217343183581,-0.49910084688415424,1.6874835586844206e-4,0.0026861983179058127
5,hsa-mir-6718,-0.1607343672557941,0.3410448723929072,-0.5017792396487013,2.3586765293719063e-4,0.0033757205374497007
5,hsa-mir-766,4.669457338194161,5.174324636397715,-0.5048672982035542,2.647967853909555e-6,6.454421643904541e-5
5,hsa-mir-1908,-0.7568513253259249,-0.2500142563647957,-0.5068370689611292,3.9763252257388974e-4,0.0053474718553040345
5,hsa-mir-374a,0.5166806062454373,1.0296445769383702,-0.5129639706929329,0.008563162211834549,0.05963630826099061
5,hsa-mir-4523,-0.14085750603851466,0.37445207957162113,-0.5153095856101357,1.3333222726613934e-4,0.0021705882415882323
5,hsa-mir-1914,0.014521621952187208,0.5401907356021711,-0.5256691136499839,2.1059759918642785e-4,0.003070394904026425
5,hsa-mir-1251,1.1448094459060438,1.673282846277772,-0.5284734003717282,0.034442773685315564,0.175590610944746
5,hsa-mir-3620,0.9608299445451622,1.4965805227663216,-0.5357505782211593,6.171643369498057e-4,0.0076410822669975955
5,hsa-mir-519d,-1.6155623647673978,-1.0763018314430801,-0.5392605333243177,1.8129327339816545e-4,0.002828175065011381
5,hsa-mir-3187,1.0977684244018218,1.6566251913677075,-0.5588567669658857,2.8429044992708575e-4,0.003959759838270123
5,hsa-mir-525,-1.5581062983008835,-0.9949065945409252,-0.5631997037599583,0.004426975423556573,0.0361574956060118
5,hsa-mir-32,1.7420369146660581,2.306886223700508,-0.5648493090344497,0.0019482554504590683,0.01909337495593312
5,hsa-mir-483,6.2030777657676675,6.778183635504334,-0.5751058697366664,0.1855287172068257,0.5369662316190131
5,hsa-mir-588,0.2029345475308105,0.7934642838351679,-0.5905297363043573,0.0038702203226648984,0.032459912383641085
5,hsa-mir-1229,2.0897531846274506,2.6831746953012585,-0.5934215106738079,5.6818534900158126e-05,0.0010306617958633336
5,hsa-mir-1915,0.31613998811922467,0.9146686055538165,-0.5985286174345918,0.004948023234015382,0.03938222574012243
5,hsa-mir-3138,-0.33161212497051595,0.2683956477435917,-0.6000077727141077,3.3564912209541925e-5,6.580599930410525e-4
5,hsa-mir-217,-0.35837619812109445,0.2639879961382317,-0.6223641942593261,3.7625681067731e-5,7.246427464896341e-4
5,hsa-mir-940,3.4283963488010896,4.063904490086445,-0.6355081412853556,2.1625946928015e-5,4.6856218344032505e-4
5,hsa-mir-144,-0.7400764779968021,-0.09334616823629496,-0.6467303097605072,0.0038688581409377126,0.032459912383641085
5,hsa-mir-518b,-1.4177645419192124,-0.725641816993949,-0.6921227249252634,0.0012523381107249472,0.013200320626560255
5,hsa-mir-518c,-1.6594330270417097,-0.9594052087226582,-0.7000278183190515,4.54091661537897e-4,0.00605455548717196
5,hsa-mir-7702,1.3658418614214782,2.0719441096886193,-0.7061022482671411,6.12502520554886e-5,0.001098280381684623
5,hsa-mir-6891,-0.4055136238601344,0.3094313433639817,-0.7149449672241162,4.525924574784572e-6,1.069763990403626e-4
5,hsa-mir-520a,-1.2518264613949333,-0.4768193788509761,-0.7750070825439572,9.958982309132862e-4,0.010819697687211414
5,hsa-mir-3677,0.21336756156817976,1.0161214168172452,-0.8027538552490654,3.729118204936798e-7,1.0388257856609652e-5
5,hsa-mir-517b,-1.5519295973658955,-0.6577601353223952,-0.8941694620435003,8.108889763338564e-4,0.009301373552064823
5,hsa-mir-517a,-1.5519295973658955,-0.6565898717959623,-0.8953397255699332,8.108889763338564e-4,0.009301373552064823
5,hsa-mir-526b,-1.4820981244858171,-0.5785940691229315,-0.9035040553628856,2.3154665026343593e-4,0.003344562726027408
5,hsa-mir-1228,2.1260198116317524,3.0444443214728407,-0.9184245098410884,3.155738230381087e-14,2.0512298497477065e-12
5,hsa-mir-150,8.445755169363101,9.393849509988174,-0.9480943406250724,4.475272457852893e-8,1.3962850068501027e-6
5,hsa-mir-196b,2.8127129937367714,3.778292041687844,-0.9655790479510724,3.9194941276277166e-4,0.005316878990521076
5,hsa-mir-142,1.0250185772699503,2.3030710036812656,-1.2780524264113153,5.355449794062985e-13,2.8517539476630927e-11
